OrderID,CustomerID,OrderDate,OrderTime
ORD00001,CSTMR0983,2021-04-10,12:53:24
ORD00002,CSTMR0703,2024-04-21,22:08:16
ORD00003,CSTMR0920,2022-10-27,10:21:26
ORD00004,CSTMR0158,2025-11-07,22:24:27
ORD00005,CSTMR0834,2021-09-05,13:23:16
ORD00006,CSTMR0336,2024-02-01,10:02:55
ORD00007,CSTMR0166,2025-09-10,21:30:09
ORD00008,CSTMR0102,2026-04-14,11:10:46
ORD00009,CSTMR0271,2024-07-20,08:15:36
ORD00010,CSTMR0678,2022-02-05,08:56:08
ORD00011,CSTMR0628,2026-03-02,14:46:02
ORD00012,CSTMR0112,2025-06-07,11:56:54
ORD00013,CSTMR0229,2025-06-05,11:11:28
ORD00014,CSTMR0092,2022-04-14,13:43:33
ORD00015,CSTMR0515,2023-07-28,12:42:59
ORD00016,CSTMR0864,2022-02-21,12:41:27
ORD00017,CSTMR0601,2024-05-17,14:09:52
ORD00018,CSTMR0130,2023-03-17,10:21:35
ORD00019,CSTMR0756,2022-03-03,13:11:01
ORD00020,CSTMR0819,2025-08-29,21:11:47
ORD00021,CSTMR0977,2022-12-11,22:29:18
ORD00022,CSTMR0809,2023-09-11,22:24:01
ORD00023,CSTMR0288,2021-03-10,19:17:36
ORD00024,CSTMR0483,2024-08-23,10:52:38
ORD00025,CSTMR0711,2023-03-08,09:10:21
ORD00026,CSTMR0471,2025-11-04,13:45:33
ORD00027,CSTMR0222,2024-08-19,19:01:28
ORD00028,CSTMR0235,2024-06-02,19:37:07
ORD00029,CSTMR0180,2024-07-11,16:22:03
ORD00030,CSTMR0741,2026-03-30,16:53:04
ORD00031,CSTMR0518,2026-05-10,16:51:34
ORD00032,CSTMR0219,2021-05-20,20:35:22
ORD00033,CSTMR0035,2025-05-17,11:27:56
ORD00034,CSTMR0153,2024-10-09,08:50:05
ORD00035,CSTMR0275,2026-02-07,19:21:59
ORD00036,CSTMR0125,2023-04-16,13:50:23
ORD00037,CSTMR0071,2023-05-17,14:23:01
ORD00038,CSTMR0716,2024-09-01,15:31:25
ORD00039,CSTMR0897,2025-10-21,13:18:53
ORD00040,CSTMR0191,2023-07-09,20:32:50
ORD00041,CSTMR0969,2023-10-04,08:03:35
ORD00042,CSTMR0842,2025-01-13,14:45:50
ORD00043,CSTMR0156,2021-02-28,08:40:09
ORD00044,CSTMR0110,2023-01-21,17:39:37
ORD00045,CSTMR0043,2023-06-03,10:11:19
ORD00046,CSTMR0338,2025-12-09,20:38:46
ORD00047,CSTMR0653,2024-04-09,18:14:42
ORD00048,CSTMR0384,2025-12-28,08:48:25
ORD00049,CSTMR0812,2025-04-01,21:57:25
ORD00050,CSTMR0699,2023-06-26,18:42:11
ORD00051,CSTMR0899,2023-12-08,14:36:50
ORD00052,CSTMR0899,2024-10-08,19:57:24
ORD00053,CSTMR0410,2021-07-26,08:36:40
ORD00054,CSTMR0148,2021-05-12,20:29:33
ORD00055,CSTMR0555,2025-03-18,12:45:48
ORD00056,CSTMR0607,2021-10-25,12:42:35
ORD00057,CSTMR0417,2025-12-09,11:48:13
ORD00058,CSTMR0710,2022-09-03,20:45:32
ORD00059,CSTMR0897,2023-04-01,08:32:07
ORD00060,CSTMR0840,2021-04-19,12:59:21
ORD00061,CSTMR0495,2022-10-28,13:13:42
ORD00062,CSTMR0201,2024-09-17,21:52:58
ORD00063,CSTMR0163,2024-01-05,10:28:29
ORD00064,CSTMR0296,2024-01-27,09:39:37
ORD00065,CSTMR0269,2023-02-14,13:16:49
ORD00066,CSTMR0746,2024-11-24,21:43:26
ORD00067,CSTMR0623,2025-07-25,21:53:15
ORD00068,CSTMR0647,2026-02-03,10:16:01
ORD00069,CSTMR0339,2025-05-08,17:00:50
ORD00070,CSTMR0673,2023-10-06,12:14:15
ORD00071,CSTMR0293,2026-04-28,21:52:29
ORD00072,CSTMR0799,2025-07-19,11:48:12
ORD00073,CSTMR0588,2026-03-15,17:12:27
ORD00074,CSTMR0292,2025-11-02,11:47:50
ORD00075,CSTMR0105,2021-02-26,18:58:25
ORD00076,CSTMR0473,2023-04-13,14:16:46
ORD00077,CSTMR0416,2024-02-16,16:31:05
ORD00078,CSTMR0059,2025-12-04,11:21:17
ORD00079,CSTMR0357,2024-04-24,13:51:53
ORD00080,CSTMR0806,2026-05-19,20:30:50
ORD00081,CSTMR0821,2025-06-30,16:51:08
ORD00082,CSTMR0689,2023-08-31,17:27:12
ORD00083,CSTMR0767,2024-11-10,13:24:39
ORD00084,CSTMR0521,2023-04-10,11:12:26
ORD00085,CSTMR0865,2024-03-04,12:37:29
ORD00086,CSTMR0757,2025-03-01,14:35:30
ORD00087,CSTMR0584,2026-04-25,19:45:52
ORD00088,CSTMR0656,2026-03-01,09:34:18
ORD00089,CSTMR0748,2025-12-13,17:34:16
ORD00090,CSTMR0664,2024-07-24,16:12:26
ORD00091,CSTMR0447,2025-08-24,18:28:18
ORD00092,CSTMR0536,2026-05-18,20:23:39
ORD00093,CSTMR0794,2025-08-31,19:10:13
ORD00094,CSTMR0653,2023-11-18,19:29:28
ORD00095,CSTMR0776,2025-11-03,13:32:33
ORD00096,CSTMR0759,2023-04-22,20:03:28
ORD00097,CSTMR0121,2025-08-13,12:16:47
ORD00098,CSTMR0822,2023-02-25,11:25:33
ORD00099,CSTMR0658,2024-04-04,13:46:20
ORD00100,CSTMR0154,2023-07-29,20:28:26
ORD00101,CSTMR0136,2022-01-14,14:53:25
ORD00102,CSTMR0624,2022-09-22,10:18:05
ORD00103,CSTMR0159,2023-08-26,19:36:20
ORD00104,CSTMR0233,2024-12-19,19:03:43
ORD00105,CSTMR0272,2024-05-03,21:02:26
ORD00106,CSTMR0688,2024-06-05,15:46:39
ORD00107,CSTMR0881,2023-11-24,12:11:24
ORD00108,CSTMR0764,2024-11-15,19:05:33
ORD00109,CSTMR0107,2025-06-01,20:06:50
ORD00110,CSTMR0519,2021-02-20,08:37:02
ORD00111,CSTMR0844,2026-03-04,19:00:02
ORD00112,CSTMR0552,2024-07-28,09:39:05
ORD00113,CSTMR0787,2024-03-23,20:58:03
ORD00114,CSTMR0518,2024-01-14,15:35:58
ORD00115,CSTMR0747,2023-09-29,16:26:13
ORD00116,CSTMR0204,2025-08-13,20:41:53
ORD00117,CSTMR0428,2023-05-04,21:19:40
ORD00118,CSTMR0016,2022-12-22,09:55:14
ORD00119,CSTMR0869,2022-12-26,14:05:51
ORD00120,CSTMR0954,2024-02-09,14:12:35
ORD00121,CSTMR0871,2022-03-26,19:25:29
ORD00122,CSTMR0059,2026-03-08,13:40:36
ORD00123,CSTMR0456,2023-08-27,09:10:30
ORD00124,CSTMR0468,2024-10-15,12:19:23
ORD00125,CSTMR0024,2023-09-10,19:53:13
ORD00126,CSTMR0476,2025-10-28,16:46:12
ORD00127,CSTMR0761,2023-06-20,13:17:11
ORD00128,CSTMR0754,2025-10-24,20:20:42
ORD00129,CSTMR0535,2022-07-14,12:55:28
ORD00130,CSTMR0851,2026-04-22,12:40:26
ORD00131,CSTMR0561,2023-02-10,13:42:23
ORD00132,CSTMR0164,2025-11-26,09:15:23
ORD00133,CSTMR0157,2022-04-26,21:11:01
ORD00134,CSTMR0733,2022-10-02,16:38:49
ORD00135,CSTMR0819,2023-07-02,20:53:27
ORD00136,CSTMR0710,2025-01-03,13:14:05
ORD00137,CSTMR0942,2025-08-25,21:19:39
ORD00138,CSTMR0756,2024-09-07,11:07:44
ORD00139,CSTMR0768,2023-03-12,20:04:01
ORD00140,CSTMR0610,2023-06-21,20:44:17
ORD00141,CSTMR0276,2025-10-23,09:27:26
ORD00142,CSTMR0949,2026-04-17,18:48:18
ORD00143,CSTMR0406,2022-11-26,12:31:47
ORD00144,CSTMR0398,2021-03-28,13:13:05
ORD00145,CSTMR0910,2026-01-18,21:17:28
ORD00146,CSTMR0050,2024-06-25,19:15:01
ORD00147,CSTMR0958,2025-03-07,22:27:24
ORD00148,CSTMR0334,2024-02-01,12:08:20
ORD00149,CSTMR0062,2024-08-30,16:19:57
ORD00150,CSTMR0889,2021-03-21,08:53:14
ORD00151,CSTMR0290,2023-03-19,14:06:29
ORD00152,CSTMR0953,2025-06-02,20:31:44
ORD00153,CSTMR0030,2025-03-07,12:54:31
ORD00154,CSTMR0494,2026-02-04,22:30:10
ORD00155,CSTMR0985,2025-12-08,17:19:17
ORD00156,CSTMR0594,2024-08-20,12:02:04
ORD00157,CSTMR0247,2025-09-11,10:14:27
ORD00158,CSTMR0959,2022-12-06,20:39:01
ORD00159,CSTMR0285,2024-11-01,21:43:01
ORD00160,CSTMR0446,2025-04-15,12:23:13
ORD00161,CSTMR0039,2023-05-28,10:44:06
ORD00162,CSTMR0475,2023-03-04,18:19:28
ORD00163,CSTMR0818,2024-02-03,13:42:55
ORD00164,CSTMR0492,2022-01-08,19:20:45
ORD00165,CSTMR0992,2021-10-03,13:32:24
ORD00166,CSTMR0828,2025-08-25,14:45:44
ORD00167,CSTMR0029,2023-07-08,22:22:42
ORD00168,CSTMR0786,2026-04-11,15:00:05
ORD00169,CSTMR0592,2024-08-02,21:59:26
ORD00170,CSTMR0879,2024-08-24,11:16:16
ORD00171,CSTMR0839,2024-03-10,08:45:17
ORD00172,CSTMR0964,2024-11-21,08:32:19
ORD00173,CSTMR0958,2026-04-22,18:41:48
ORD00174,CSTMR0325,2025-08-03,08:03:58
ORD00175,CSTMR0231,2023-12-23,22:38:02
ORD00176,CSTMR0549,2025-10-01,20:26:43
ORD00177,CSTMR0369,2023-04-28,17:02:17
ORD00178,CSTMR0789,2023-05-04,19:59:33
ORD00179,CSTMR0830,2025-05-11,09:02:08
ORD00180,CSTMR0560,2025-07-15,18:43:50
ORD00181,CSTMR0010,2023-05-26,21:57:46
ORD00182,CSTMR0518,2021-06-12,13:00:50
ORD00183,CSTMR0758,2023-01-21,20:42:09
ORD00184,CSTMR0535,2022-01-08,12:22:14
ORD00185,CSTMR0893,2026-02-26,11:48:47
ORD00186,CSTMR0915,2022-03-06,16:38:04
ORD00187,CSTMR0178,2022-08-18,22:35:32
ORD00188,CSTMR0398,2025-02-23,17:42:42
ORD00189,CSTMR0861,2022-08-29,18:23:30
ORD00190,CSTMR0767,2025-02-05,22:53:02
ORD00191,CSTMR0881,2024-07-07,08:51:20
ORD00192,CSTMR0466,2022-04-29,13:25:31
ORD00193,CSTMR0790,2024-06-19,19:14:59
ORD00194,CSTMR0031,2026-01-07,10:25:49
ORD00195,CSTMR0325,2024-07-22,20:52:51
ORD00196,CSTMR0405,2021-09-26,11:20:20
ORD00197,CSTMR0049,2022-01-31,15:53:31
ORD00198,CSTMR0575,2022-11-02,12:14:06
ORD00199,CSTMR0394,2025-08-30,15:55:08
ORD00200,CSTMR0438,2021-05-09,13:37:27
ORD00201,CSTMR0180,2025-12-03,19:34:32
ORD00202,CSTMR0598,2023-05-06,21:57:33
ORD00203,CSTMR0271,2024-04-21,16:30:27
ORD00204,CSTMR0941,2022-10-15,10:44:03
ORD00205,CSTMR0141,2023-01-26,19:51:33
ORD00206,CSTMR0936,2022-01-06,12:28:53
ORD00207,CSTMR0809,2024-08-08,09:14:16
ORD00208,CSTMR0360,2022-11-02,13:53:47
ORD00209,CSTMR0894,2025-08-17,18:56:25
ORD00210,CSTMR0251,2022-08-09,21:39:21
ORD00211,CSTMR0337,2021-02-09,22:04:06
ORD00212,CSTMR0599,2023-03-11,08:11:44
ORD00213,CSTMR0947,2022-09-10,18:11:04
ORD00214,CSTMR0904,2026-04-14,12:34:46
ORD00215,CSTMR0247,2023-09-28,11:31:01
ORD00216,CSTMR0111,2023-01-25,13:49:57
ORD00217,CSTMR0251,2021-07-16,09:59:37
ORD00218,CSTMR0450,2022-09-04,20:55:44
ORD00219,CSTMR0446,2024-11-23,20:18:33
ORD00220,CSTMR0156,2025-10-25,14:50:25
ORD00221,CSTMR0855,2026-04-22,19:39:29
ORD00222,CSTMR0978,2024-02-16,09:50:37
ORD00223,CSTMR0626,2022-06-04,19:49:01
ORD00224,CSTMR0444,2024-01-12,19:48:00
ORD00225,CSTMR0460,2022-09-30,13:14:12
ORD00226,CSTMR0561,2023-07-26,12:37:03
ORD00227,CSTMR0395,2024-07-13,21:13:12
ORD00228,CSTMR0726,2024-04-18,16:13:30
ORD00229,CSTMR0573,2023-10-13,19:48:29
ORD00230,CSTMR0818,2025-10-30,21:51:06
ORD00231,CSTMR0394,2025-06-05,19:20:59
ORD00232,CSTMR0613,2023-07-17,16:37:15
ORD00233,CSTMR0527,2021-10-06,13:56:54
ORD00234,CSTMR0942,2023-11-04,12:45:02
ORD00235,CSTMR0531,2021-12-13,15:24:43
ORD00236,CSTMR0687,2022-03-06,08:13:31
ORD00237,CSTMR0664,2026-03-18,12:32:51
ORD00238,CSTMR0632,2021-12-07,12:29:57
ORD00239,CSTMR0679,2025-05-14,20:11:40
ORD00240,CSTMR0232,2026-05-22,21:45:14
ORD00241,CSTMR0162,2025-05-12,12:14:59
ORD00242,CSTMR0131,2022-07-12,13:00:06
ORD00243,CSTMR0896,2025-09-12,14:44:36
ORD00244,CSTMR0139,2024-06-20,11:16:50
ORD00245,CSTMR0060,2022-11-26,19:26:57
ORD00246,CSTMR0490,2025-10-08,18:57:46
ORD00247,CSTMR0715,2022-06-17,10:05:42
ORD00248,CSTMR0123,2023-05-08,21:46:39
ORD00249,CSTMR0165,2025-10-06,13:34:01
ORD00250,CSTMR0561,2023-02-18,22:25:55
ORD00251,CSTMR0590,2023-04-06,20:34:39
ORD00252,CSTMR0334,2023-07-15,17:32:31
ORD00253,CSTMR0277,2021-02-06,15:21:29
ORD00254,CSTMR0709,2025-03-16,10:36:32
ORD00255,CSTMR0566,2023-02-24,18:15:12
ORD00256,CSTMR0161,2025-10-03,21:01:54
ORD00257,CSTMR0196,2023-09-23,17:15:45
ORD00258,CSTMR0420,2024-01-09,16:37:53
ORD00259,CSTMR0017,2024-11-05,12:17:25
ORD00260,CSTMR0727,2021-12-14,21:06:43
ORD00261,CSTMR0467,2023-04-17,16:31:54
ORD00262,CSTMR0153,2024-05-04,21:37:41
ORD00263,CSTMR0961,2025-10-01,22:04:35
ORD00264,CSTMR0675,2022-06-24,15:13:52
ORD00265,CSTMR0662,2023-07-12,12:20:32
ORD00266,CSTMR0146,2025-04-14,20:49:29
ORD00267,CSTMR0953,2025-06-27,20:25:54
ORD00268,CSTMR0893,2025-08-22,20:46:56
ORD00269,CSTMR0804,2023-12-17,13:05:55
ORD00270,CSTMR0111,2025-11-07,10:34:12
ORD00271,CSTMR0464,2025-05-04,21:55:07
ORD00272,CSTMR0796,2023-04-29,14:59:17
ORD00273,CSTMR0244,2024-09-16,20:08:08
ORD00274,CSTMR0891,2026-01-30,22:08:46
ORD00275,CSTMR0009,2021-04-30,19:23:48
ORD00276,CSTMR0698,2025-05-24,10:07:58
ORD00277,CSTMR0763,2023-11-16,18:13:32
ORD00278,CSTMR0545,2026-01-22,13:18:45
ORD00279,CSTMR0409,2025-08-31,18:31:58
ORD00280,CSTMR0220,2025-12-22,18:46:01
ORD00281,CSTMR0515,2024-01-30,12:06:02
ORD00282,CSTMR0220,2021-10-24,11:13:04
ORD00283,CSTMR0396,2022-05-06,19:04:32
ORD00284,CSTMR0739,2023-01-16,11:39:19
ORD00285,CSTMR0134,2023-05-06,15:55:24
ORD00286,CSTMR0628,2026-05-23,13:41:50
ORD00287,CSTMR0287,2024-10-28,11:25:27
ORD00288,CSTMR0134,2022-11-17,21:12:37
ORD00289,CSTMR0727,2023-05-22,13:27:18
ORD00290,CSTMR0850,2023-02-11,08:10:33
ORD00291,CSTMR0534,2023-05-02,13:10:46
ORD00292,CSTMR0960,2025-04-02,19:42:09
ORD00293,CSTMR0859,2026-03-27,11:58:11
ORD00294,CSTMR0044,2023-12-31,19:50:47
ORD00295,CSTMR0231,2021-11-02,16:45:36
ORD00296,CSTMR0480,2022-04-06,10:15:41
ORD00297,CSTMR0428,2024-04-13,19:09:34
ORD00298,CSTMR0455,2026-01-15,16:51:06
ORD00299,CSTMR0722,2023-06-20,11:05:50
ORD00300,CSTMR0434,2022-12-31,11:42:02
ORD00301,CSTMR0849,2024-07-12,19:59:08
ORD00302,CSTMR0241,2023-06-18,20:48:24
ORD00303,CSTMR0474,2022-05-18,15:04:46
ORD00304,CSTMR0216,2023-06-16,19:57:42
ORD00305,CSTMR0863,2023-07-26,10:05:31
ORD00306,CSTMR0031,2023-11-02,09:40:09
ORD00307,CSTMR0862,2025-08-05,19:48:21
ORD00308,CSTMR0310,2025-08-09,09:58:19
ORD00309,CSTMR0526,2022-11-30,15:50:23
ORD00310,CSTMR0022,2024-02-04,22:46:18
ORD00311,CSTMR0569,2026-05-16,20:50:50
ORD00312,CSTMR0040,2024-04-25,16:16:14
ORD00313,CSTMR0340,2022-10-03,19:26:19
ORD00314,CSTMR0701,2024-04-28,09:07:13
ORD00315,CSTMR0006,2025-01-11,08:29:20
ORD00316,CSTMR0088,2022-03-11,17:24:22
ORD00317,CSTMR0916,2025-05-14,21:31:18
ORD00318,CSTMR0787,2026-04-30,12:55:09
ORD00319,CSTMR0017,2022-06-26,19:56:06
ORD00320,CSTMR0744,2025-08-09,19:40:04
ORD00321,CSTMR0132,2024-04-20,21:34:09
ORD00322,CSTMR0754,2023-07-29,17:10:12
ORD00323,CSTMR0138,2023-08-25,21:18:37
ORD00324,CSTMR0029,2026-03-16,08:10:44
ORD00325,CSTMR0679,2021-09-18,13:20:27
ORD00326,CSTMR0813,2024-06-21,18:18:11
ORD00327,CSTMR0706,2026-03-09,13:57:47
ORD00328,CSTMR0422,2022-02-07,19:15:12
ORD00329,CSTMR0531,2021-05-03,10:41:04
ORD00330,CSTMR0890,2024-02-19,12:52:21
ORD00331,CSTMR0409,2025-02-25,22:55:29
ORD00332,CSTMR0996,2023-05-08,20:35:03
ORD00333,CSTMR0111,2024-03-28,10:10:10
ORD00334,CSTMR0733,2023-12-29,08:23:57
ORD00335,CSTMR0885,2023-07-15,14:05:59
ORD00336,CSTMR0438,2024-06-20,17:17:22
ORD00337,CSTMR0136,2021-10-07,20:46:35
ORD00338,CSTMR0937,2022-09-26,14:28:11
ORD00339,CSTMR0833,2025-10-10,09:59:58
ORD00340,CSTMR0907,2024-01-15,13:19:33
ORD00341,CSTMR0219,2025-09-18,18:30:24
ORD00342,CSTMR0450,2023-12-13,18:23:23
ORD00343,CSTMR0997,2023-10-20,12:53:02
ORD00344,CSTMR0294,2025-02-20,18:39:31
ORD00345,CSTMR0137,2023-10-21,16:12:37
ORD00346,CSTMR0932,2024-03-22,08:24:43
ORD00347,CSTMR0724,2025-10-10,18:03:31
ORD00348,CSTMR0951,2024-03-01,19:03:16
ORD00349,CSTMR0477,2024-12-18,10:14:20
ORD00350,CSTMR0622,2024-09-04,08:25:34
ORD00351,CSTMR0319,2022-12-22,12:02:48
ORD00352,CSTMR0334,2025-06-30,13:52:51
ORD00353,CSTMR0470,2022-05-25,14:25:11
ORD00354,CSTMR0810,2023-06-12,08:31:10
ORD00355,CSTMR0375,2024-03-09,19:35:30
ORD00356,CSTMR0503,2025-12-29,20:15:43
ORD00357,CSTMR0254,2023-03-26,19:36:44
ORD00358,CSTMR0692,2025-08-03,19:55:48
ORD00359,CSTMR0893,2026-02-20,12:18:50
ORD00360,CSTMR0573,2024-06-10,12:49:45
ORD00361,CSTMR0191,2024-03-24,08:03:57
ORD00362,CSTMR0737,2024-12-29,15:54:13
ORD00363,CSTMR0798,2023-11-08,10:38:43
ORD00364,CSTMR0814,2024-12-28,17:18:48
ORD00365,CSTMR0889,2026-05-16,19:18:52
ORD00366,CSTMR0171,2023-05-18,20:58:56
ORD00367,CSTMR0773,2023-02-27,08:49:59
ORD00368,CSTMR0823,2025-01-21,17:53:40
ORD00369,CSTMR0418,2022-07-16,12:08:19
ORD00370,CSTMR0824,2022-03-17,22:39:58
ORD00371,CSTMR0131,2024-08-22,22:31:51
ORD00372,CSTMR0017,2022-03-12,10:40:21
ORD00373,CSTMR0438,2026-04-20,11:46:01
ORD00374,CSTMR0973,2025-07-11,14:45:36
ORD00375,CSTMR0398,2025-11-01,12:33:54
ORD00376,CSTMR0808,2023-04-28,12:53:01
ORD00377,CSTMR0199,2024-05-09,12:35:17
ORD00378,CSTMR0072,2024-10-09,15:36:47
ORD00379,CSTMR0483,2024-05-13,19:13:50
ORD00380,CSTMR0053,2022-01-07,11:12:06
ORD00381,CSTMR0028,2026-05-22,21:41:07
ORD00382,CSTMR0133,2025-06-29,17:56:38
ORD00383,CSTMR0517,2025-01-31,20:02:17
ORD00384,CSTMR0159,2022-07-10,15:18:34
ORD00385,CSTMR0141,2025-02-10,21:26:54
ORD00386,CSTMR0443,2025-04-03,12:01:40
ORD00387,CSTMR0528,2025-01-14,21:13:55
ORD00388,CSTMR0114,2023-09-08,14:37:19
ORD00389,CSTMR0438,2022-05-13,12:22:38
ORD00390,CSTMR0438,2022-03-20,13:42:47
ORD00391,CSTMR0195,2024-05-14,12:38:39
ORD00392,CSTMR0101,2023-10-02,21:25:05
ORD00393,CSTMR0949,2026-05-09,22:07:43
ORD00394,CSTMR0354,2022-11-21,10:26:43
ORD00395,CSTMR0227,2022-11-13,10:00:59
ORD00396,CSTMR0749,2022-12-16,15:02:22
ORD00397,CSTMR0371,2021-04-16,18:18:39
ORD00398,CSTMR0856,2023-05-17,19:48:10
ORD00399,CSTMR0047,2023-11-11,13:14:29
ORD00400,CSTMR0599,2023-05-23,17:40:58
ORD00401,CSTMR0137,2024-08-26,19:34:23
ORD00402,CSTMR0399,2022-10-15,21:45:47
ORD00403,CSTMR0064,2022-06-24,09:40:03
ORD00404,CSTMR0359,2025-05-11,15:31:44
ORD00405,CSTMR0799,2024-02-16,08:46:51
ORD00406,CSTMR0741,2024-09-24,21:42:43
ORD00407,CSTMR0560,2024-03-10,21:31:16
ORD00408,CSTMR0179,2026-02-02,20:11:40
ORD00409,CSTMR0973,2023-05-15,22:17:36
ORD00410,CSTMR0654,2022-10-29,15:06:54
ORD00411,CSTMR0964,2023-01-13,15:22:23
ORD00412,CSTMR0760,2023-02-04,13:38:54
ORD00413,CSTMR0106,2025-04-15,16:23:08
ORD00414,CSTMR0437,2023-04-17,13:46:53
ORD00415,CSTMR0618,2024-03-06,19:20:14
ORD00416,CSTMR0533,2023-07-25,10:06:13
ORD00417,CSTMR0095,2025-05-01,09:49:17
ORD00418,CSTMR0225,2023-08-03,16:10:44
ORD00419,CSTMR0032,2025-12-11,09:09:34
ORD00420,CSTMR0639,2024-12-28,13:25:02
ORD00421,CSTMR0339,2025-01-10,15:45:20
ORD00422,CSTMR0535,2023-03-23,11:10:53
ORD00423,CSTMR0022,2026-01-28,11:57:20
ORD00424,CSTMR0523,2024-05-20,15:25:46
ORD00425,CSTMR0882,2026-04-05,09:19:35
ORD00426,CSTMR0962,2025-08-13,16:37:50
ORD00427,CSTMR0973,2025-09-18,12:56:48
ORD00428,CSTMR0222,2023-08-26,09:18:00
ORD00429,CSTMR0198,2025-06-18,20:59:20
ORD00430,CSTMR0316,2021-03-31,19:18:12
ORD00431,CSTMR0430,2025-03-23,20:20:52
ORD00432,CSTMR0213,2026-01-08,08:18:26
ORD00433,CSTMR0004,2024-04-27,20:07:16
ORD00434,CSTMR0581,2023-07-02,13:10:41
ORD00435,CSTMR0150,2025-06-04,22:48:46
ORD00436,CSTMR0155,2023-10-13,16:00:54
ORD00437,CSTMR0105,2025-07-19,11:25:47
ORD00438,CSTMR0454,2023-06-29,20:14:38
ORD00439,CSTMR0342,2025-09-02,19:09:56
ORD00440,CSTMR0110,2023-04-05,21:37:02
ORD00441,CSTMR0224,2024-01-29,10:07:05
ORD00442,CSTMR0777,2023-02-13,13:44:21
ORD00443,CSTMR0052,2023-08-16,19:42:12
ORD00444,CSTMR0810,2023-02-05,22:31:35
ORD00445,CSTMR0999,2022-02-10,08:43:02
ORD00446,CSTMR0433,2025-12-03,20:41:39
ORD00447,CSTMR0483,2023-12-01,10:04:20
ORD00448,CSTMR0625,2026-05-25,22:16:27
ORD00449,CSTMR0699,2025-09-10,14:22:48
ORD00450,CSTMR0602,2023-06-06,15:57:16
ORD00451,CSTMR0742,2026-03-16,10:01:04
ORD00452,CSTMR0921,2021-02-02,11:24:33
ORD00453,CSTMR0261,2026-04-10,18:41:04
ORD00454,CSTMR0245,2023-03-11,21:18:43
ORD00455,CSTMR0247,2023-12-22,13:55:14
ORD00456,CSTMR0319,2025-10-21,14:59:27
ORD00457,CSTMR0388,2022-11-30,13:15:07
ORD00458,CSTMR0677,2023-05-28,20:10:50
ORD00459,CSTMR0894,2024-11-13,09:21:47
ORD00460,CSTMR0257,2026-04-02,20:56:05
ORD00461,CSTMR0280,2023-03-18,13:47:59
ORD00462,CSTMR0583,2025-11-23,21:41:14
ORD00463,CSTMR0161,2021-11-12,09:14:18
ORD00464,CSTMR0635,2024-05-18,17:37:44
ORD00465,CSTMR0859,2023-06-18,09:14:10
ORD00466,CSTMR0478,2024-11-03,17:18:33
ORD00467,CSTMR0105,2025-03-08,21:07:10
ORD00468,CSTMR0120,2023-08-30,21:54:49
ORD00469,CSTMR0104,2026-02-17,08:59:36
ORD00470,CSTMR0051,2021-09-01,19:51:54
ORD00471,CSTMR0200,2025-10-26,20:38:41
ORD00472,CSTMR0515,2025-10-31,18:35:14
ORD00473,CSTMR0021,2025-12-28,22:05:02
ORD00474,CSTMR0888,2025-12-08,21:26:34
ORD00475,CSTMR0867,2023-05-09,14:01:50
ORD00476,CSTMR0333,2022-03-03,21:48:50
ORD00477,CSTMR0649,2024-06-29,11:15:41
ORD00478,CSTMR0336,2023-01-03,16:59:21
ORD00479,CSTMR0182,2022-05-04,12:03:14
ORD00480,CSTMR0715,2026-02-15,20:14:12
ORD00481,CSTMR0922,2024-07-16,12:02:25
ORD00482,CSTMR0697,2026-04-12,10:54:44
ORD00483,CSTMR0027,2022-10-04,16:52:07
ORD00484,CSTMR0943,2025-07-31,20:50:50
ORD00485,CSTMR0686,2025-02-01,14:54:18
ORD00486,CSTMR0939,2023-06-20,13:31:43
ORD00487,CSTMR0175,2026-03-25,14:53:46
ORD00488,CSTMR0963,2023-12-29,14:04:27
ORD00489,CSTMR0496,2022-01-20,09:59:51
ORD00490,CSTMR0838,2023-04-11,13:17:15
ORD00491,CSTMR0328,2022-11-03,20:10:15
ORD00492,CSTMR0606,2024-05-13,10:47:38
ORD00493,CSTMR0633,2025-12-10,20:33:50
ORD00494,CSTMR0171,2024-10-10,11:36:07
ORD00495,CSTMR0786,2023-03-02,22:03:47
ORD00496,CSTMR0288,2025-12-16,08:30:59
ORD00497,CSTMR0415,2025-05-06,12:28:12
ORD00498,CSTMR0917,2021-03-31,12:20:07
ORD00499,CSTMR0921,2024-10-27,12:37:30
ORD00500,CSTMR0870,2021-03-02,22:00:13
ORD00501,CSTMR0509,2023-05-22,12:12:20
ORD00502,CSTMR0060,2022-12-03,13:27:12
ORD00503,CSTMR0710,2023-04-20,19:53:51
ORD00504,CSTMR0778,2025-07-10,16:27:30
ORD00505,CSTMR0931,2025-10-21,16:05:18
ORD00506,CSTMR0026,2022-12-29,19:07:23
ORD00507,CSTMR0433,2023-06-07,20:20:15
ORD00508,CSTMR0586,2023-01-25,09:30:35
ORD00509,CSTMR0961,2022-06-16,11:00:02
ORD00510,CSTMR0389,2024-10-09,12:02:37
ORD00511,CSTMR0038,2023-10-15,08:14:46
ORD00512,CSTMR0915,2021-09-22,12:53:38
ORD00513,CSTMR0126,2024-11-28,20:35:48
ORD00514,CSTMR0624,2023-02-18,17:41:25
ORD00515,CSTMR0771,2025-10-03,19:39:09
ORD00516,CSTMR0258,2025-04-08,13:12:32
ORD00517,CSTMR0077,2026-05-10,22:45:44
ORD00518,CSTMR0383,2025-09-02,21:03:27
ORD00519,CSTMR0424,2026-01-07,16:27:37
ORD00520,CSTMR0343,2026-04-06,11:51:18
ORD00521,CSTMR0242,2021-05-07,11:05:17
ORD00522,CSTMR0937,2024-10-16,17:11:25
ORD00523,CSTMR0926,2023-05-22,21:50:53
ORD00524,CSTMR0174,2026-05-04,11:34:39
ORD00525,CSTMR0922,2025-05-06,21:19:32
ORD00526,CSTMR0148,2022-04-06,10:15:47
ORD00527,CSTMR0911,2024-08-29,09:27:19
ORD00528,CSTMR0648,2024-09-08,14:32:57
ORD00529,CSTMR0156,2026-04-09,20:58:59
ORD00530,CSTMR0172,2026-02-22,19:24:47
ORD00531,CSTMR0599,2023-12-24,17:49:11
ORD00532,CSTMR0699,2026-04-19,20:45:49
ORD00533,CSTMR0016,2022-02-21,20:36:26
ORD00534,CSTMR0094,2022-05-08,12:13:33
ORD00535,CSTMR0565,2021-02-01,12:53:54
ORD00536,CSTMR0734,2025-02-03,10:27:28
ORD00537,CSTMR0586,2021-10-02,17:43:57
ORD00538,CSTMR0718,2025-09-16,18:51:14
ORD00539,CSTMR0760,2026-01-26,18:17:18
ORD00540,CSTMR0180,2024-01-20,09:35:15
ORD00541,CSTMR0308,2023-03-24,20:57:39
ORD00542,CSTMR0676,2022-08-26,12:31:07
ORD00543,CSTMR0498,2023-11-05,12:26:15
ORD00544,CSTMR0374,2022-12-10,18:59:32
ORD00545,CSTMR0229,2024-03-17,13:56:17
ORD00546,CSTMR0701,2024-12-17,20:42:28
ORD00547,CSTMR0882,2025-10-04,22:53:46
ORD00548,CSTMR0424,2025-05-23,13:58:22
ORD00549,CSTMR0900,2022-06-19,08:45:17
ORD00550,CSTMR0593,2025-12-01,16:29:35
ORD00551,CSTMR0433,2023-04-29,21:58:40
ORD00552,CSTMR0616,2026-04-10,12:54:31
ORD00553,CSTMR0142,2025-02-01,10:45:28
ORD00554,CSTMR0748,2024-07-05,13:40:04
ORD00555,CSTMR0647,2023-07-17,15:18:22
ORD00556,CSTMR0747,2025-09-08,12:40:00
ORD00557,CSTMR0002,2022-03-13,20:57:15
ORD00558,CSTMR0529,2021-04-10,12:19:48
ORD00559,CSTMR0358,2026-06-01,10:14:06
ORD00560,CSTMR0638,2025-12-21,14:37:28
ORD00561,CSTMR0423,2023-01-13,21:03:33
ORD00562,CSTMR0709,2023-08-28,09:20:41
ORD00563,CSTMR0681,2023-01-29,15:30:32
ORD00564,CSTMR0642,2023-02-10,18:12:16
ORD00565,CSTMR0401,2023-05-03,08:22:05
ORD00566,CSTMR0837,2025-02-23,14:49:19
ORD00567,CSTMR0365,2024-07-02,20:05:47
ORD00568,CSTMR0746,2024-08-18,11:18:28
ORD00569,CSTMR0587,2023-05-14,18:23:42
ORD00570,CSTMR0520,2026-04-17,21:00:54
ORD00571,CSTMR0189,2023-06-19,19:50:16
ORD00572,CSTMR0849,2022-07-17,08:06:12
ORD00573,CSTMR0012,2024-05-19,10:09:42
ORD00574,CSTMR0410,2025-01-19,14:22:14
ORD00575,CSTMR0404,2022-06-27,12:00:10
ORD00576,CSTMR0084,2021-08-13,11:59:52
ORD00577,CSTMR0565,2025-01-20,12:45:56
ORD00578,CSTMR0324,2025-09-23,20:18:03
ORD00579,CSTMR0186,2025-08-02,15:40:15
ORD00580,CSTMR0413,2025-05-23,12:18:12
ORD00581,CSTMR0487,2022-11-29,18:47:54
ORD00582,CSTMR0033,2024-01-05,13:40:54
ORD00583,CSTMR0486,2025-12-20,11:43:40
ORD00584,CSTMR0319,2023-01-04,20:38:41
ORD00585,CSTMR0955,2022-05-25,19:48:17
ORD00586,CSTMR0288,2025-04-06,14:49:00
ORD00587,CSTMR0070,2023-02-02,15:18:39
ORD00588,CSTMR0518,2021-01-22,10:20:31
ORD00589,CSTMR0352,2024-03-20,13:12:01
ORD00590,CSTMR0214,2024-12-09,18:00:02
ORD00591,CSTMR0448,2026-05-13,13:30:20
ORD00592,CSTMR0772,2021-01-12,19:51:38
ORD00593,CSTMR0421,2025-05-14,20:12:53
ORD00594,CSTMR0925,2023-04-13,11:29:41
ORD00595,CSTMR0710,2026-01-02,19:47:39
ORD00596,CSTMR0479,2026-05-20,19:02:23
ORD00597,CSTMR0330,2022-06-26,20:58:24
ORD00598,CSTMR0293,2026-05-27,12:35:12
ORD00599,CSTMR0202,2025-09-17,08:13:19
ORD00600,CSTMR0731,2024-02-17,22:51:24
ORD00601,CSTMR0470,2023-07-11,15:54:05
ORD00602,CSTMR0165,2022-09-16,15:26:39
ORD00603,CSTMR0722,2024-08-19,13:32:04
ORD00604,CSTMR0298,2024-04-21,10:34:51
ORD00605,CSTMR0227,2026-01-19,20:50:35
ORD00606,CSTMR0304,2023-06-22,15:40:52
ORD00607,CSTMR0784,2024-03-20,15:56:27
ORD00608,CSTMR0240,2022-08-06,11:57:19
ORD00609,CSTMR0368,2026-01-10,13:59:40
ORD00610,CSTMR0637,2025-07-03,11:52:11
ORD00611,CSTMR0278,2025-07-17,20:47:55
ORD00612,CSTMR0500,2023-01-01,17:06:38
ORD00613,CSTMR0068,2025-12-21,19:53:12
ORD00614,CSTMR0058,2024-01-03,09:59:18
ORD00615,CSTMR0827,2025-02-06,22:42:18
ORD00616,CSTMR0124,2022-05-23,13:16:34
ORD00617,CSTMR0705,2022-12-13,12:00:24
ORD00618,CSTMR0625,2021-09-08,10:38:50
ORD00619,CSTMR0262,2022-12-02,21:38:40
ORD00620,CSTMR0837,2024-04-13,13:05:27
ORD00621,CSTMR0243,2024-04-01,21:49:26
ORD00622,CSTMR0887,2021-02-07,21:41:25
ORD00623,CSTMR0345,2026-03-17,17:07:35
ORD00624,CSTMR0204,2023-07-19,20:25:11
ORD00625,CSTMR0823,2026-02-21,11:51:42
ORD00626,CSTMR0937,2026-03-04,10:11:37
ORD00627,CSTMR0010,2025-02-14,08:58:53
ORD00628,CSTMR0003,2022-11-19,14:27:45
ORD00629,CSTMR0399,2025-11-01,21:04:01
ORD00630,CSTMR0438,2022-05-25,14:32:22
ORD00631,CSTMR0218,2021-03-04,13:52:38
ORD00632,CSTMR0420,2023-03-16,12:31:29
ORD00633,CSTMR0412,2025-01-07,12:54:36
ORD00634,CSTMR0797,2025-12-01,17:09:46
ORD00635,CSTMR0468,2021-08-29,11:33:03
ORD00636,CSTMR0179,2023-07-29,11:39:24
ORD00637,CSTMR0929,2023-09-04,12:21:26
ORD00638,CSTMR0508,2026-01-03,12:35:48
ORD00639,CSTMR0477,2024-05-24,22:47:13
ORD00640,CSTMR0858,2023-10-29,13:45:31
ORD00641,CSTMR0457,2021-10-18,20:14:19
ORD00642,CSTMR0293,2025-04-01,21:39:13
ORD00643,CSTMR0555,2022-07-31,15:25:39
ORD00644,CSTMR0708,2022-06-12,20:38:37
ORD00645,CSTMR0244,2025-09-23,20:00:33
ORD00646,CSTMR0851,2025-10-30,15:36:46
ORD00647,CSTMR0958,2026-03-28,12:31:13
ORD00648,CSTMR0045,2025-06-21,10:58:51
ORD00649,CSTMR0955,2022-12-23,16:25:02
ORD00650,CSTMR0102,2023-06-11,22:28:33
ORD00651,CSTMR0139,2023-02-17,17:28:16
ORD00652,CSTMR0098,2025-08-04,17:05:19
ORD00653,CSTMR0309,2024-07-02,12:52:59
ORD00654,CSTMR0855,2023-09-30,13:20:51
ORD00655,CSTMR0272,2022-05-30,21:31:44
ORD00656,CSTMR0469,2026-05-31,09:38:40
ORD00657,CSTMR0094,2024-07-13,20:23:53
ORD00658,CSTMR0925,2022-01-26,19:11:44
ORD00659,CSTMR0891,2024-05-05,12:12:48
ORD00660,CSTMR0718,2025-12-28,21:08:59
ORD00661,CSTMR0604,2026-05-29,10:45:05
ORD00662,CSTMR0312,2024-06-20,17:37:06
ORD00663,CSTMR0496,2025-02-07,21:33:07
ORD00664,CSTMR0859,2025-04-07,17:36:19
ORD00665,CSTMR0825,2023-07-03,20:13:17
ORD00666,CSTMR0039,2023-11-11,12:08:57
ORD00667,CSTMR0396,2024-06-28,21:38:15
ORD00668,CSTMR0834,2022-03-20,17:38:47
ORD00669,CSTMR0341,2024-11-01,08:20:44
ORD00670,CSTMR0747,2023-12-27,17:29:31
ORD00671,CSTMR0746,2023-07-21,11:07:38
ORD00672,CSTMR0884,2022-05-28,13:53:29
ORD00673,CSTMR0514,2023-09-17,22:07:55
ORD00674,CSTMR0239,2024-11-27,18:07:08
ORD00675,CSTMR0150,2024-01-31,12:29:28
ORD00676,CSTMR0021,2023-01-13,10:43:38
ORD00677,CSTMR0784,2025-05-12,21:13:49
ORD00678,CSTMR0966,2025-10-05,22:57:16
ORD00679,CSTMR0757,2026-02-23,19:10:33
ORD00680,CSTMR0329,2024-04-06,18:15:30
ORD00681,CSTMR0684,2023-10-02,08:38:11
ORD00682,CSTMR0825,2023-03-23,20:19:40
ORD00683,CSTMR0340,2023-08-27,08:22:10
ORD00684,CSTMR0124,2021-05-28,13:43:19
ORD00685,CSTMR0769,2023-02-18,21:37:50
ORD00686,CSTMR0257,2023-02-18,12:10:49
ORD00687,CSTMR0836,2021-12-29,08:25:39
ORD00688,CSTMR0858,2026-04-04,13:48:58
ORD00689,CSTMR0182,2021-03-06,21:48:43
ORD00690,CSTMR0400,2024-05-10,08:05:20
ORD00691,CSTMR0872,2025-12-24,17:27:03
ORD00692,CSTMR0004,2023-02-10,10:12:19
ORD00693,CSTMR0418,2022-11-03,11:25:32
ORD00694,CSTMR0507,2026-01-06,15:39:28
ORD00695,CSTMR0471,2026-05-10,11:12:37
ORD00696,CSTMR0398,2025-10-28,14:29:18
ORD00697,CSTMR0432,2022-07-13,11:01:30
ORD00698,CSTMR0191,2021-09-30,19:14:53
ORD00699,CSTMR0247,2022-11-30,16:36:51
ORD00700,CSTMR0131,2024-08-17,20:19:50
ORD00701,CSTMR0331,2024-02-02,20:04:51
ORD00702,CSTMR0347,2023-04-14,13:45:48
ORD00703,CSTMR0097,2023-04-20,20:39:50
ORD00704,CSTMR0289,2025-05-23,13:53:26
ORD00705,CSTMR0151,2022-10-21,11:20:13
ORD00706,CSTMR0559,2022-03-17,18:48:04
ORD00707,CSTMR0798,2024-10-24,18:42:03
ORD00708,CSTMR0194,2021-05-19,19:04:49
ORD00709,CSTMR0871,2025-08-16,08:09:32
ORD00710,CSTMR0550,2024-02-27,17:04:58
ORD00711,CSTMR0566,2022-03-07,20:35:16
ORD00712,CSTMR0594,2024-04-05,13:15:57
ORD00713,CSTMR0158,2025-08-16,15:10:46
ORD00714,CSTMR0479,2024-05-27,22:05:58
ORD00715,CSTMR0960,2026-04-08,12:09:15
ORD00716,CSTMR0534,2026-02-03,20:29:47
ORD00717,CSTMR0278,2022-12-17,19:56:17
ORD00718,CSTMR0685,2024-03-29,13:19:49
ORD00719,CSTMR0223,2025-05-05,21:19:59
ORD00720,CSTMR0488,2023-07-27,12:32:56
ORD00721,CSTMR0424,2024-09-17,21:44:36
ORD00722,CSTMR0435,2024-10-30,11:23:05
ORD00723,CSTMR0548,2025-08-02,10:48:28
ORD00724,CSTMR0331,2024-11-08,16:23:14
ORD00725,CSTMR0036,2024-12-02,21:40:28
ORD00726,CSTMR0381,2024-07-06,13:14:30
ORD00727,CSTMR0484,2025-01-22,19:21:56
ORD00728,CSTMR0495,2025-12-21,18:38:26
ORD00729,CSTMR0667,2025-12-24,10:12:11
ORD00730,CSTMR0072,2024-04-10,20:08:05
ORD00731,CSTMR0237,2026-05-10,11:35:49
ORD00732,CSTMR0697,2024-03-18,21:59:59
ORD00733,CSTMR0621,2024-11-19,15:26:52
ORD00734,CSTMR0311,2024-12-04,18:04:23
ORD00735,CSTMR0388,2021-05-19,12:37:18
ORD00736,CSTMR0311,2023-05-17,13:07:42
ORD00737,CSTMR0693,2025-09-07,20:55:51
ORD00738,CSTMR0816,2025-04-12,16:23:35
ORD00739,CSTMR0045,2025-06-12,22:07:48
ORD00740,CSTMR0499,2024-01-17,13:17:05
ORD00741,CSTMR0744,2024-04-09,18:48:59
ORD00742,CSTMR0228,2023-02-06,12:09:19
ORD00743,CSTMR0287,2023-04-30,14:52:11
ORD00744,CSTMR0005,2022-11-13,14:52:40
ORD00745,CSTMR0246,2025-11-08,11:43:55
ORD00746,CSTMR0576,2024-12-26,13:00:32
ORD00747,CSTMR0145,2025-06-28,17:58:54
ORD00748,CSTMR0021,2026-05-03,09:46:53
ORD00749,CSTMR0352,2025-06-16,13:29:50
ORD00750,CSTMR0787,2026-02-14,19:52:45
ORD00751,CSTMR0882,2023-05-19,13:37:09
ORD00752,CSTMR0110,2024-03-14,13:45:42
ORD00753,CSTMR0988,2024-10-24,20:48:55
ORD00754,CSTMR0866,2022-09-28,20:18:46
ORD00755,CSTMR0629,2025-11-10,13:56:09
ORD00756,CSTMR0722,2023-04-15,19:48:05
ORD00757,CSTMR0748,2022-04-14,14:08:01
ORD00758,CSTMR0753,2025-12-12,12:47:13
ORD00759,CSTMR0761,2023-07-29,14:48:27
ORD00760,CSTMR0128,2024-10-19,16:34:58
ORD00761,CSTMR0831,2023-07-10,09:37:27
ORD00762,CSTMR0115,2024-07-01,13:24:30
ORD00763,CSTMR0599,2024-11-27,13:06:03
ORD00764,CSTMR0247,2023-09-03,21:40:23
ORD00765,CSTMR0251,2024-09-26,19:20:42
ORD00766,CSTMR0584,2024-02-22,18:25:37
ORD00767,CSTMR0777,2025-05-10,09:22:50
ORD00768,CSTMR0131,2022-03-10,13:53:50
ORD00769,CSTMR0350,2022-08-05,14:36:45
ORD00770,CSTMR0855,2026-02-09,13:50:04
ORD00771,CSTMR0151,2022-02-21,19:36:11
ORD00772,CSTMR0813,2024-12-28,11:03:06
ORD00773,CSTMR0495,2022-12-21,13:21:17
ORD00774,CSTMR0710,2025-03-30,22:10:55
ORD00775,CSTMR0885,2023-04-25,18:04:30
ORD00776,CSTMR0275,2021-08-23,10:55:39
ORD00777,CSTMR0571,2024-07-29,18:46:44
ORD00778,CSTMR0968,2025-05-23,19:59:15
ORD00779,CSTMR0738,2023-06-22,22:46:23
ORD00780,CSTMR0236,2024-11-04,18:35:40
ORD00781,CSTMR0348,2021-09-25,20:26:01
ORD00782,CSTMR0705,2023-08-05,18:00:37
ORD00783,CSTMR0180,2024-02-21,10:44:08
ORD00784,CSTMR0545,2023-10-21,19:50:13
ORD00785,CSTMR0451,2022-02-25,13:09:18
ORD00786,CSTMR0870,2021-02-05,19:55:47
ORD00787,CSTMR0257,2024-12-17,20:33:34
ORD00788,CSTMR0924,2024-04-25,20:48:59
ORD00789,CSTMR0919,2024-06-26,14:13:54
ORD00790,CSTMR0496,2025-01-01,10:46:30
ORD00791,CSTMR0946,2023-01-26,11:42:13
ORD00792,CSTMR0437,2022-11-18,13:17:24
ORD00793,CSTMR0081,2022-06-08,09:32:28
ORD00794,CSTMR0207,2024-05-26,20:16:08
ORD00795,CSTMR0449,2026-03-04,18:02:05
ORD00796,CSTMR0044,2022-12-15,13:45:17
ORD00797,CSTMR0407,2025-11-17,21:27:52
ORD00798,CSTMR0343,2021-11-22,08:53:43
ORD00799,CSTMR0113,2024-01-12,18:32:21
ORD00800,CSTMR0376,2022-05-27,19:34:27
ORD00801,CSTMR0215,2022-10-26,10:03:29
ORD00802,CSTMR0513,2024-04-01,20:39:14
ORD00803,CSTMR0337,2023-05-06,08:10:41
ORD00804,CSTMR0529,2021-02-09,18:01:16
ORD00805,CSTMR0654,2025-05-23,12:10:00
ORD00806,CSTMR0117,2022-09-15,18:10:15
ORD00807,CSTMR0441,2025-12-24,13:51:17
ORD00808,CSTMR0872,2024-05-16,14:18:06
ORD00809,CSTMR0318,2025-06-11,21:52:32
ORD00810,CSTMR0448,2023-04-17,19:35:38
ORD00811,CSTMR0579,2024-01-09,10:37:52
ORD00812,CSTMR0024,2022-11-30,12:15:59
ORD00813,CSTMR0253,2021-04-11,10:55:45
ORD00814,CSTMR0280,2025-12-30,20:48:32
ORD00815,CSTMR0226,2025-01-03,19:35:50
ORD00816,CSTMR0110,2025-09-23,11:07:18
ORD00817,CSTMR0957,2023-05-10,10:54:42
ORD00818,CSTMR0760,2025-01-09,13:02:14
ORD00819,CSTMR0436,2022-04-19,15:11:56
ORD00820,CSTMR0508,2022-12-29,14:55:22
ORD00821,CSTMR0151,2023-10-15,21:18:16
ORD00822,CSTMR0119,2026-05-05,18:43:03
ORD00823,CSTMR0422,2024-02-01,13:13:06
ORD00824,CSTMR0886,2023-06-01,12:10:32
ORD00825,CSTMR0274,2026-05-01,14:04:32
ORD00826,CSTMR0813,2023-04-28,12:02:11
ORD00827,CSTMR0085,2021-02-06,22:52:59
ORD00828,CSTMR0256,2025-09-07,16:14:38
ORD00829,CSTMR0151,2025-04-04,11:40:02
ORD00830,CSTMR0962,2024-01-26,22:54:00
ORD00831,CSTMR0773,2026-05-13,09:08:01
ORD00832,CSTMR0362,2022-09-06,16:23:04
ORD00833,CSTMR0149,2025-03-14,12:50:13
ORD00834,CSTMR0004,2023-01-28,15:01:39
ORD00835,CSTMR0541,2021-04-16,09:56:28
ORD00836,CSTMR0728,2024-06-01,09:13:39
ORD00837,CSTMR0794,2024-08-10,15:20:56
ORD00838,CSTMR0868,2023-04-07,17:23:51
ORD00839,CSTMR0990,2024-08-08,20:52:04
ORD00840,CSTMR0264,2024-07-20,11:14:15
ORD00841,CSTMR0848,2025-12-03,15:11:51
ORD00842,CSTMR0377,2025-01-14,22:12:11
ORD00843,CSTMR0107,2025-06-02,20:08:52
ORD00844,CSTMR0881,2023-05-22,10:21:15
ORD00845,CSTMR0937,2022-11-11,21:21:13
ORD00846,CSTMR0567,2023-06-27,22:46:18
ORD00847,CSTMR0257,2025-10-17,16:55:43
ORD00848,CSTMR0896,2023-09-03,20:40:50
ORD00849,CSTMR0875,2026-01-16,13:53:22
ORD00850,CSTMR0145,2023-04-21,12:02:23
ORD00851,CSTMR0509,2024-05-16,08:52:55
ORD00852,CSTMR0639,2023-01-27,13:26:25
ORD00853,CSTMR0768,2022-09-22,20:58:10
ORD00854,CSTMR0452,2024-03-16,08:56:14
ORD00855,CSTMR0475,2023-03-20,16:21:25
ORD00856,CSTMR0141,2024-09-14,17:37:01
ORD00857,CSTMR0768,2025-07-14,14:59:49
ORD00858,CSTMR0076,2023-04-02,10:37:42
ORD00859,CSTMR0047,2024-03-31,16:22:54
ORD00860,CSTMR0973,2023-09-05,11:05:58
ORD00861,CSTMR0402,2025-03-20,12:44:00
ORD00862,CSTMR0895,2022-08-14,10:48:55
ORD00863,CSTMR0999,2021-04-04,19:52:24
ORD00864,CSTMR0951,2022-05-02,12:13:08
ORD00865,CSTMR0399,2026-03-31,08:28:57
ORD00866,CSTMR0716,2025-06-20,09:59:10
ORD00867,CSTMR0306,2023-09-17,08:28:47
ORD00868,CSTMR0099,2022-06-19,18:56:08
ORD00869,CSTMR0792,2021-11-09,20:56:20
ORD00870,CSTMR0655,2025-02-02,15:01:56
ORD00871,CSTMR0930,2025-08-25,08:23:42
ORD00872,CSTMR0051,2026-03-06,10:01:42
ORD00873,CSTMR0469,2023-12-02,12:09:57
ORD00874,CSTMR0335,2024-02-05,13:54:27
ORD00875,CSTMR0400,2022-04-01,21:01:55
ORD00876,CSTMR0220,2024-10-05,20:56:55
ORD00877,CSTMR0849,2024-05-03,21:34:49
ORD00878,CSTMR0837,2022-06-04,16:50:21
ORD00879,CSTMR0702,2026-01-29,15:00:17
ORD00880,CSTMR0863,2023-06-25,12:14:01
ORD00881,CSTMR0201,2021-07-06,09:24:41
ORD00882,CSTMR0282,2025-02-20,14:10:07
ORD00883,CSTMR0139,2022-04-23,08:44:35
ORD00884,CSTMR0445,2025-05-02,13:59:35
ORD00885,CSTMR0669,2021-08-08,22:19:08
ORD00886,CSTMR0641,2023-01-29,19:14:05
ORD00887,CSTMR0052,2024-07-02,13:37:43
ORD00888,CSTMR0447,2025-01-17,13:30:28
ORD00889,CSTMR0369,2023-07-21,18:39:41
ORD00890,CSTMR0123,2025-03-19,20:43:01
ORD00891,CSTMR0794,2026-01-12,21:58:20
ORD00892,CSTMR0788,2023-09-06,08:39:59
ORD00893,CSTMR0163,2025-08-27,16:59:59
ORD00894,CSTMR0744,2025-07-06,11:47:36
ORD00895,CSTMR0492,2024-03-02,12:53:52
ORD00896,CSTMR0393,2025-09-07,09:28:47
ORD00897,CSTMR0335,2026-05-17,08:16:53
ORD00898,CSTMR0201,2024-05-08,12:46:48
ORD00899,CSTMR0125,2023-08-14,12:16:39
ORD00900,CSTMR0927,2024-07-14,10:20:50
ORD00901,CSTMR0339,2026-03-28,16:23:35
ORD00902,CSTMR0914,2023-08-12,19:47:39
ORD00903,CSTMR0292,2025-03-07,11:15:38
ORD00904,CSTMR0946,2024-09-08,12:21:23
ORD00905,CSTMR0066,2021-10-12,21:41:28
ORD00906,CSTMR0071,2023-10-05,15:32:53
ORD00907,CSTMR0892,2022-02-23,12:38:04
ORD00908,CSTMR0408,2024-06-27,15:33:37
ORD00909,CSTMR0950,2022-12-03,13:19:36
ORD00910,CSTMR0802,2022-01-11,21:05:29
ORD00911,CSTMR0947,2024-10-26,16:57:13
ORD00912,CSTMR0649,2023-07-23,12:32:08
ORD00913,CSTMR0112,2023-02-20,22:15:29
ORD00914,CSTMR0181,2025-05-22,09:47:05
ORD00915,CSTMR0591,2025-08-18,15:55:39
ORD00916,CSTMR0023,2024-09-08,20:52:26
ORD00917,CSTMR0975,2023-10-14,11:36:37
ORD00918,CSTMR0966,2023-05-30,15:02:47
ORD00919,CSTMR0486,2024-10-02,14:59:42
ORD00920,CSTMR0871,2025-02-02,09:47:22
ORD00921,CSTMR0057,2026-05-03,11:50:03
ORD00922,CSTMR0381,2023-02-10,20:07:43
ORD00923,CSTMR0774,2023-09-26,15:58:56
ORD00924,CSTMR0992,2026-03-07,10:13:29
ORD00925,CSTMR0610,2025-07-04,17:57:19
ORD00926,CSTMR0024,2022-12-16,10:13:50
ORD00927,CSTMR0257,2022-02-05,12:26:51
ORD00928,CSTMR0405,2025-06-27,15:42:10
ORD00929,CSTMR0497,2025-01-02,20:41:25
ORD00930,CSTMR0685,2024-03-11,13:42:03
ORD00931,CSTMR0089,2024-07-03,21:20:49
ORD00932,CSTMR0142,2025-07-25,20:33:15
ORD00933,CSTMR0627,2024-02-03,16:39:39
ORD00934,CSTMR0835,2025-02-25,18:59:55
ORD00935,CSTMR0342,2022-07-22,09:26:59
ORD00936,CSTMR0635,2024-05-18,19:08:17
ORD00937,CSTMR0942,2024-11-14,18:21:06
ORD00938,CSTMR0212,2023-05-04,16:50:11
ORD00939,CSTMR0063,2022-11-14,19:19:54
ORD00940,CSTMR0649,2025-04-14,08:41:25
ORD00941,CSTMR0160,2023-08-30,12:53:07
ORD00942,CSTMR0598,2024-02-25,13:14:50
ORD00943,CSTMR0685,2023-04-09,21:48:47
ORD00944,CSTMR0709,2021-07-26,10:29:43
ORD00945,CSTMR0746,2024-03-01,08:03:08
ORD00946,CSTMR0572,2022-12-24,13:44:11
ORD00947,CSTMR0246,2024-11-09,17:08:17
ORD00948,CSTMR0580,2025-11-22,08:33:06
ORD00949,CSTMR0802,2022-04-20,20:41:44
ORD00950,CSTMR0477,2025-10-06,16:05:25
ORD00951,CSTMR0237,2024-12-14,13:17:41
ORD00952,CSTMR0636,2023-10-05,12:16:03
ORD00953,CSTMR0502,2026-01-16,19:37:12
ORD00954,CSTMR0797,2025-06-28,16:18:56
ORD00955,CSTMR0606,2023-07-05,12:50:50
ORD00956,CSTMR0556,2025-08-02,13:45:46
ORD00957,CSTMR0224,2025-03-07,22:26:02
ORD00958,CSTMR0696,2021-12-17,11:34:39
ORD00959,CSTMR0808,2022-09-07,12:22:10
ORD00960,CSTMR0834,2024-12-27,13:26:18
ORD00961,CSTMR0971,2025-08-09,18:44:29
ORD00962,CSTMR0756,2024-08-27,10:18:15
ORD00963,CSTMR0038,2022-02-01,08:32:03
ORD00964,CSTMR0023,2022-07-30,20:15:14
ORD00965,CSTMR0907,2023-07-27,21:38:05
ORD00966,CSTMR0941,2023-07-16,14:00:43
ORD00967,CSTMR0710,2023-02-14,21:23:15
ORD00968,CSTMR0517,2025-07-14,16:42:51
ORD00969,CSTMR0629,2021-12-23,21:56:34
ORD00970,CSTMR0601,2022-07-13,11:09:52
ORD00971,CSTMR0638,2023-05-01,17:35:30
ORD00972,CSTMR0476,2022-12-27,19:52:58
ORD00973,CSTMR0666,2025-09-09,15:22:03
ORD00974,CSTMR0800,2026-05-09,18:21:41
ORD00975,CSTMR0205,2024-07-05,14:50:18
ORD00976,CSTMR0272,2021-02-06,17:03:09
ORD00977,CSTMR0941,2022-10-29,17:40:46
ORD00978,CSTMR0803,2023-08-28,12:13:22
ORD00979,CSTMR0414,2021-02-03,10:10:52
ORD00980,CSTMR0138,2021-11-02,09:17:01
ORD00981,CSTMR0386,2024-02-11,13:44:57
ORD00982,CSTMR0291,2024-05-11,15:21:52
ORD00983,CSTMR0215,2025-01-21,13:15:10
ORD00984,CSTMR0870,2022-01-02,21:34:57
ORD00985,CSTMR0682,2026-03-12,10:32:39
ORD00986,CSTMR0170,2023-03-24,09:56:49
ORD00987,CSTMR0727,2021-11-27,17:01:49
ORD00988,CSTMR0082,2022-03-04,21:57:17
ORD00989,CSTMR0609,2025-02-08,10:27:11
ORD00990,CSTMR0956,2023-01-17,13:45:43
ORD00991,CSTMR0062,2021-03-01,11:29:16
ORD00992,CSTMR0023,2025-11-06,13:20:34
ORD00993,CSTMR0216,2025-12-21,20:52:19
ORD00994,CSTMR0213,2026-05-14,19:23:45
ORD00995,CSTMR0368,2024-04-13,21:35:17
ORD00996,CSTMR0956,2022-08-06,12:36:11
ORD00997,CSTMR0289,2025-03-23,16:55:38
ORD00998,CSTMR0649,2024-12-25,20:52:50
ORD00999,CSTMR0248,2022-08-19,08:39:35
ORD01000,CSTMR0408,2023-06-14,09:05:36
ORD01001,CSTMR0351,2022-10-20,14:22:55
ORD01002,CSTMR0631,2021-06-21,09:51:02
ORD01003,CSTMR0747,2024-01-02,18:17:54
ORD01004,CSTMR0032,2021-07-07,13:51:27
ORD01005,CSTMR0526,2021-08-06,13:32:03
ORD01006,CSTMR0487,2025-10-05,08:07:12
ORD01007,CSTMR0190,2025-04-22,13:03:03
ORD01008,CSTMR0041,2026-04-03,12:44:55
ORD01009,CSTMR0329,2024-01-11,12:20:50
ORD01010,CSTMR0780,2023-09-13,10:49:10
ORD01011,CSTMR0986,2024-01-12,08:42:30
ORD01012,CSTMR0882,2025-04-24,12:45:31
ORD01013,CSTMR0707,2021-12-09,16:40:50
ORD01014,CSTMR0437,2024-03-10,19:44:14
ORD01015,CSTMR0034,2023-07-28,12:50:41
ORD01016,CSTMR0262,2022-05-20,14:37:04
ORD01017,CSTMR0133,2023-12-18,22:51:28
ORD01018,CSTMR0134,2022-08-27,10:21:40
ORD01019,CSTMR0019,2023-06-25,20:03:48
ORD01020,CSTMR0025,2023-09-09,20:29:44
ORD01021,CSTMR0163,2024-07-14,09:51:53
ORD01022,CSTMR0653,2024-06-02,20:42:24
ORD01023,CSTMR0785,2024-04-06,10:38:36
ORD01024,CSTMR0248,2025-12-20,21:51:59
ORD01025,CSTMR0384,2025-08-19,21:09:25
ORD01026,CSTMR0332,2025-07-27,10:45:43
ORD01027,CSTMR0437,2024-11-15,13:18:37
ORD01028,CSTMR0882,2025-09-10,21:52:30
ORD01029,CSTMR0606,2023-02-04,12:10:11
ORD01030,CSTMR0361,2022-02-20,19:56:01
ORD01031,CSTMR0654,2023-06-27,19:27:42
ORD01032,CSTMR0400,2025-07-09,20:48:15
ORD01033,CSTMR0151,2025-04-06,13:21:39
ORD01034,CSTMR0345,2023-12-11,12:15:52
ORD01035,CSTMR0898,2024-04-04,17:57:01
ORD01036,CSTMR0677,2024-10-22,14:28:36
ORD01037,CSTMR0626,2022-05-17,12:31:21
ORD01038,CSTMR0723,2025-12-03,21:09:35
ORD01039,CSTMR0902,2025-06-21,14:38:35
ORD01040,CSTMR0888,2025-06-13,19:49:44
ORD01041,CSTMR0815,2024-07-27,09:57:16
ORD01042,CSTMR0409,2024-11-23,10:19:30
ORD01043,CSTMR0417,2025-06-16,12:04:14
ORD01044,CSTMR0171,2025-06-24,10:22:19
ORD01045,CSTMR0088,2026-03-15,12:05:51
ORD01046,CSTMR0732,2024-04-21,17:47:24
ORD01047,CSTMR0264,2024-03-05,22:04:56
ORD01048,CSTMR0029,2025-02-06,21:00:04
ORD01049,CSTMR0841,2023-07-14,11:48:23
ORD01050,CSTMR0677,2024-12-27,12:23:42
ORD01051,CSTMR0445,2026-02-06,12:28:29
ORD01052,CSTMR0258,2023-07-14,15:45:52
ORD01053,CSTMR0107,2024-06-22,09:50:59
ORD01054,CSTMR0142,2023-12-01,20:16:19
ORD01055,CSTMR0538,2023-05-29,20:14:15
ORD01056,CSTMR0815,2025-06-09,11:05:24
ORD01057,CSTMR0555,2025-09-04,15:05:13
ORD01058,CSTMR0191,2023-08-25,22:06:42
ORD01059,CSTMR0188,2024-04-15,13:30:09
ORD01060,CSTMR0006,2026-04-29,18:28:11
ORD01061,CSTMR0315,2023-08-07,19:53:29
ORD01062,CSTMR0698,2024-08-17,10:31:33
ORD01063,CSTMR0841,2025-07-05,19:31:16
ORD01064,CSTMR0729,2022-10-03,19:27:29
ORD01065,CSTMR0055,2021-10-08,17:28:06
ORD01066,CSTMR0579,2024-04-28,14:44:29
ORD01067,CSTMR0718,2025-11-16,21:11:54
ORD01068,CSTMR0212,2024-10-30,11:39:25
ORD01069,CSTMR0232,2023-02-25,16:32:19
ORD01070,CSTMR0995,2023-09-17,13:53:31
ORD01071,CSTMR0149,2025-04-17,10:18:21
ORD01072,CSTMR0830,2022-09-13,09:55:52
ORD01073,CSTMR0131,2023-08-06,18:19:20
ORD01074,CSTMR0251,2021-01-28,17:07:43
ORD01075,CSTMR0130,2022-04-02,20:20:19
ORD01076,CSTMR0567,2023-01-09,11:44:20
ORD01077,CSTMR0251,2025-11-13,16:03:17
ORD01078,CSTMR0199,2022-10-01,12:11:55
ORD01079,CSTMR0681,2024-08-15,22:07:22
ORD01080,CSTMR0898,2026-02-20,08:45:41
ORD01081,CSTMR0462,2023-11-04,21:18:48
ORD01082,CSTMR0471,2024-03-13,13:20:20
ORD01083,CSTMR0280,2025-12-17,20:19:35
ORD01084,CSTMR0283,2024-06-30,13:01:09
ORD01085,CSTMR0375,2024-01-17,08:46:25
ORD01086,CSTMR0680,2024-07-07,12:19:21
ORD01087,CSTMR0629,2021-09-22,14:43:43
ORD01088,CSTMR0254,2023-05-28,20:02:58
ORD01089,CSTMR0167,2025-01-01,08:34:47
ORD01090,CSTMR0239,2023-08-31,20:33:01
ORD01091,CSTMR0902,2025-04-16,21:40:29
ORD01092,CSTMR0621,2022-09-06,18:43:15
ORD01093,CSTMR0812,2022-12-25,22:10:35
ORD01094,CSTMR0037,2025-01-02,16:48:24
ORD01095,CSTMR0692,2022-10-17,16:42:34
ORD01096,CSTMR0121,2025-12-28,10:19:50
ORD01097,CSTMR0932,2023-12-24,21:51:33
ORD01098,CSTMR0937,2023-10-07,22:06:49
ORD01099,CSTMR0727,2024-12-20,13:40:56
ORD01100,CSTMR0787,2025-07-24,21:43:33
ORD01101,CSTMR0440,2022-08-19,20:35:16
ORD01102,CSTMR0287,2021-12-03,12:07:16
ORD01103,CSTMR0884,2023-12-02,20:49:58
ORD01104,CSTMR0500,2025-11-04,13:17:24
ORD01105,CSTMR0617,2025-04-22,19:12:27
ORD01106,CSTMR0001,2022-11-25,20:40:58
ORD01107,CSTMR0558,2023-04-05,13:23:30
ORD01108,CSTMR0462,2021-04-06,20:50:17
ORD01109,CSTMR0050,2024-08-12,20:32:01
ORD01110,CSTMR0305,2022-01-17,12:31:10
ORD01111,CSTMR0207,2026-04-20,17:32:02
ORD01112,CSTMR0657,2023-08-31,12:08:43
ORD01113,CSTMR0876,2023-03-17,11:33:28
ORD01114,CSTMR0913,2025-02-13,14:16:31
ORD01115,CSTMR0521,2024-12-14,10:26:17
ORD01116,CSTMR0306,2024-07-27,18:26:14
ORD01117,CSTMR0719,2022-10-29,13:46:05
ORD01118,CSTMR0734,2026-03-05,15:54:38
ORD01119,CSTMR0685,2024-12-20,10:08:17
ORD01120,CSTMR0797,2022-01-20,20:04:01
ORD01121,CSTMR0188,2025-02-02,18:32:44
ORD01122,CSTMR0409,2024-04-12,21:44:54
ORD01123,CSTMR0725,2022-10-11,12:45:13
ORD01124,CSTMR0428,2025-08-10,12:00:39
ORD01125,CSTMR0416,2024-02-03,21:33:14
ORD01126,CSTMR0708,2023-07-14,18:31:54
ORD01127,CSTMR0417,2022-05-04,12:10:34
ORD01128,CSTMR0615,2025-09-16,09:03:20
ORD01129,CSTMR0486,2025-10-10,12:09:19
ORD01130,CSTMR0439,2023-05-31,16:58:02
ORD01131,CSTMR0484,2026-04-09,21:15:16
ORD01132,CSTMR0302,2024-12-22,20:14:18
ORD01133,CSTMR0255,2022-04-10,15:54:26
ORD01134,CSTMR0848,2024-06-30,09:45:53
ORD01135,CSTMR0724,2023-06-05,11:35:57
ORD01136,CSTMR0112,2025-09-19,21:12:13
ORD01137,CSTMR0686,2024-07-06,14:40:51
ORD01138,CSTMR0322,2025-08-16,12:24:57
ORD01139,CSTMR0421,2023-09-08,13:10:44
ORD01140,CSTMR0947,2025-01-31,12:06:23
ORD01141,CSTMR0167,2023-08-26,20:07:34
ORD01142,CSTMR0359,2022-07-25,21:34:32
ORD01143,CSTMR0338,2023-02-14,09:03:53
ORD01144,CSTMR0190,2024-12-28,08:53:04
ORD01145,CSTMR0857,2023-04-16,10:01:27
ORD01146,CSTMR0166,2025-10-14,13:29:37
ORD01147,CSTMR0030,2023-09-11,13:06:19
ORD01148,CSTMR0546,2024-06-29,20:49:53
ORD01149,CSTMR0304,2025-06-10,17:30:15
ORD01150,CSTMR0017,2024-04-01,19:40:12
ORD01151,CSTMR0576,2023-10-17,15:49:41
ORD01152,CSTMR0921,2026-01-30,16:03:24
ORD01153,CSTMR0264,2022-10-16,10:59:15
ORD01154,CSTMR0971,2024-02-04,22:57:14
ORD01155,CSTMR0445,2024-01-03,13:10:04
ORD01156,CSTMR0626,2025-05-17,12:37:38
ORD01157,CSTMR0196,2024-04-19,22:14:06
ORD01158,CSTMR0304,2026-05-03,20:37:31
ORD01159,CSTMR0373,2024-08-09,09:50:08
ORD01160,CSTMR0779,2024-09-07,12:23:06
ORD01161,CSTMR0032,2023-08-21,16:27:57
ORD01162,CSTMR0181,2023-06-02,18:40:27
ORD01163,CSTMR0828,2021-06-08,13:49:15
ORD01164,CSTMR0306,2024-01-27,16:31:48
ORD01165,CSTMR0308,2023-03-10,21:00:03
ORD01166,CSTMR0335,2021-02-28,09:43:42
ORD01167,CSTMR0514,2025-06-23,20:00:41
ORD01168,CSTMR0802,2024-03-22,22:21:32
ORD01169,CSTMR0395,2026-01-10,08:43:12
ORD01170,CSTMR0078,2024-04-21,11:19:30
ORD01171,CSTMR0382,2022-10-20,13:47:43
ORD01172,CSTMR0062,2023-08-03,10:18:21
ORD01173,CSTMR0257,2026-02-20,16:14:31
ORD01174,CSTMR0033,2022-05-31,17:09:51
ORD01175,CSTMR0656,2023-08-01,13:20:40
ORD01176,CSTMR0294,2024-06-04,15:06:48
ORD01177,CSTMR0191,2023-04-01,17:26:32
ORD01178,CSTMR0724,2022-01-26,10:58:42
ORD01179,CSTMR0530,2024-12-02,12:44:21
ORD01180,CSTMR0650,2025-10-19,11:10:15
ORD01181,CSTMR0712,2021-02-12,19:22:10
ORD01182,CSTMR0816,2022-06-26,08:26:42
ORD01183,CSTMR0083,2023-03-23,11:10:20
ORD01184,CSTMR0684,2025-06-25,19:10:23
ORD01185,CSTMR0554,2024-04-21,21:14:37
ORD01186,CSTMR0997,2025-09-24,19:14:12
ORD01187,CSTMR0388,2024-02-11,09:24:46
ORD01188,CSTMR0339,2025-01-17,11:14:01
ORD01189,CSTMR0691,2025-12-17,18:35:43
ORD01190,CSTMR0620,2024-10-24,15:33:14
ORD01191,CSTMR0124,2025-08-16,17:11:28
ORD01192,CSTMR0137,2024-06-07,21:21:48
ORD01193,CSTMR0168,2023-04-18,20:32:13
ORD01194,CSTMR0277,2021-03-28,21:02:59
ORD01195,CSTMR0081,2022-04-30,19:00:05
ORD01196,CSTMR0057,2023-12-26,21:27:10
ORD01197,CSTMR0195,2025-10-16,16:19:01
ORD01198,CSTMR0129,2025-11-18,12:10:37
ORD01199,CSTMR0864,2026-02-15,15:43:29
ORD01200,CSTMR0925,2023-11-23,12:23:37
ORD01201,CSTMR0814,2023-01-04,22:07:04
ORD01202,CSTMR0635,2025-10-13,08:04:08
ORD01203,CSTMR0140,2022-04-21,13:04:27
ORD01204,CSTMR0526,2021-10-21,20:13:08
ORD01205,CSTMR0867,2024-08-16,17:51:44
ORD01206,CSTMR0877,2024-11-02,09:13:35
ORD01207,CSTMR0852,2023-06-14,16:14:21
ORD01208,CSTMR0096,2021-10-29,14:12:10
ORD01209,CSTMR0262,2023-06-24,12:56:41
ORD01210,CSTMR0016,2021-09-08,19:09:23
ORD01211,CSTMR0309,2024-05-26,20:01:08
ORD01212,CSTMR0663,2023-05-19,19:10:25
ORD01213,CSTMR0979,2023-10-01,09:06:56
ORD01214,CSTMR0989,2021-12-09,11:34:48
ORD01215,CSTMR0783,2024-04-21,12:35:31
ORD01216,CSTMR0954,2022-03-12,21:32:57
ORD01217,CSTMR0490,2024-09-01,20:02:02
ORD01218,CSTMR0217,2025-10-15,19:54:45
ORD01219,CSTMR0085,2022-06-25,10:02:50
ORD01220,CSTMR0731,2023-02-22,09:20:05
ORD01221,CSTMR0311,2024-09-30,12:13:13
ORD01222,CSTMR0441,2022-10-19,22:06:46
ORD01223,CSTMR0718,2023-10-20,09:14:39
ORD01224,CSTMR0945,2021-12-26,22:10:39
ORD01225,CSTMR0726,2022-07-21,12:10:45
ORD01226,CSTMR0889,2025-02-01,15:59:31
ORD01227,CSTMR0489,2025-01-24,14:06:58
ORD01228,CSTMR0661,2023-11-27,18:24:04
ORD01229,CSTMR0751,2025-07-30,10:41:51
ORD01230,CSTMR0152,2023-12-25,10:40:07
ORD01231,CSTMR0849,2022-12-07,22:33:55
ORD01232,CSTMR0371,2025-08-28,16:45:58
ORD01233,CSTMR0253,2021-06-02,09:54:25
ORD01234,CSTMR0651,2025-11-05,19:36:02
ORD01235,CSTMR0453,2024-05-04,19:32:52
ORD01236,CSTMR0872,2025-08-15,13:18:14
ORD01237,CSTMR0453,2023-06-28,13:29:28
ORD01238,CSTMR0265,2024-11-30,17:36:46
ORD01239,CSTMR0552,2024-12-02,13:16:56
ORD01240,CSTMR0458,2024-08-15,10:13:07
ORD01241,CSTMR0047,2026-01-05,11:52:41
ORD01242,CSTMR0259,2025-04-12,09:07:58
ORD01243,CSTMR0289,2023-07-30,20:08:01
ORD01244,CSTMR0882,2025-07-25,13:23:48
ORD01245,CSTMR0586,2021-08-05,14:27:48
ORD01246,CSTMR0216,2024-10-03,19:36:06
ORD01247,CSTMR0868,2025-11-03,15:39:13
ORD01248,CSTMR0703,2022-07-23,13:22:06
ORD01249,CSTMR0264,2025-01-21,11:35:25
ORD01250,CSTMR0864,2025-02-06,20:19:53
ORD01251,CSTMR0599,2022-05-28,19:47:24
ORD01252,CSTMR0535,2023-01-20,17:35:27
ORD01253,CSTMR0232,2025-04-12,19:47:48
ORD01254,CSTMR0611,2022-12-20,21:11:11
ORD01255,CSTMR0758,2022-01-14,10:02:37
ORD01256,CSTMR0064,2021-05-15,22:59:24
ORD01257,CSTMR0589,2024-03-26,13:27:28
ORD01258,CSTMR0708,2023-06-06,13:45:19
ORD01259,CSTMR0076,2022-07-24,22:55:58
ORD01260,CSTMR0905,2025-08-10,19:35:24
ORD01261,CSTMR0437,2021-03-05,21:00:36
ORD01262,CSTMR0581,2023-02-04,22:23:19
ORD01263,CSTMR0482,2024-05-19,12:56:23
ORD01264,CSTMR0635,2024-04-27,11:18:05
ORD01265,CSTMR0185,2025-11-19,16:39:09
ORD01266,CSTMR0850,2024-05-17,18:58:50
ORD01267,CSTMR0802,2023-08-01,11:24:25
ORD01268,CSTMR0658,2024-02-26,19:28:58
ORD01269,CSTMR0826,2025-12-15,15:59:07
ORD01270,CSTMR0114,2021-07-30,12:19:24
ORD01271,CSTMR0831,2026-03-19,14:41:49
ORD01272,CSTMR0301,2025-05-28,13:28:09
ORD01273,CSTMR0037,2024-08-06,19:32:23
ORD01274,CSTMR0992,2025-02-11,13:20:15
ORD01275,CSTMR0016,2022-03-15,20:04:17
ORD01276,CSTMR0843,2023-09-12,12:29:55
ORD01277,CSTMR0267,2023-03-31,22:19:32
ORD01278,CSTMR0219,2024-09-07,13:00:37
ORD01279,CSTMR0849,2022-04-14,08:12:29
ORD01280,CSTMR0023,2022-05-31,09:15:51
ORD01281,CSTMR0217,2025-07-23,20:17:33
ORD01282,CSTMR0800,2024-04-11,19:10:41
ORD01283,CSTMR0594,2023-09-14,12:32:47
ORD01284,CSTMR0096,2025-04-20,18:50:34
ORD01285,CSTMR0814,2025-11-02,17:27:57
ORD01286,CSTMR0459,2026-04-01,19:30:12
ORD01287,CSTMR0194,2021-10-23,21:50:47
ORD01288,CSTMR0129,2024-08-02,21:42:05
ORD01289,CSTMR0830,2024-01-01,13:54:11
ORD01290,CSTMR0459,2023-10-05,19:02:55
ORD01291,CSTMR0493,2025-04-15,13:51:18
ORD01292,CSTMR0112,2021-11-27,09:00:25
ORD01293,CSTMR0692,2021-10-01,11:46:33
ORD01294,CSTMR0993,2024-09-22,12:18:56
ORD01295,CSTMR0500,2023-05-02,19:13:45
ORD01296,CSTMR0388,2025-05-09,20:59:07
ORD01297,CSTMR0336,2024-06-20,12:56:11
ORD01298,CSTMR0839,2026-05-06,21:29:27
ORD01299,CSTMR0400,2022-03-23,21:38:41
ORD01300,CSTMR0311,2022-12-28,08:26:50
ORD01301,CSTMR0715,2025-01-25,20:48:09
ORD01302,CSTMR0853,2024-05-26,09:38:01
ORD01303,CSTMR0570,2024-10-26,12:20:30
ORD01304,CSTMR0981,2025-04-15,22:14:01
ORD01305,CSTMR0417,2023-12-22,20:30:17
ORD01306,CSTMR0117,2024-04-25,21:12:55
ORD01307,CSTMR0416,2023-06-25,11:19:29
ORD01308,CSTMR0058,2023-04-23,12:52:49
ORD01309,CSTMR0391,2023-09-26,13:28:44
ORD01310,CSTMR0930,2022-12-11,20:33:57
ORD01311,CSTMR0338,2026-01-22,12:48:24
ORD01312,CSTMR0012,2023-03-27,18:29:41
ORD01313,CSTMR0443,2023-05-15,09:35:23
ORD01314,CSTMR0771,2024-01-28,13:06:46
ORD01315,CSTMR0197,2024-02-02,16:37:50
ORD01316,CSTMR0004,2026-02-04,18:12:08
ORD01317,CSTMR0753,2021-08-04,10:42:32
ORD01318,CSTMR0712,2025-10-24,21:59:17
ORD01319,CSTMR0736,2023-08-24,17:28:32
ORD01320,CSTMR0700,2026-04-30,17:14:31
ORD01321,CSTMR0988,2024-11-23,12:44:59
ORD01322,CSTMR0513,2022-04-21,13:12:13
ORD01323,CSTMR0843,2023-02-10,22:20:54
ORD01324,CSTMR0745,2023-05-20,10:54:21
ORD01325,CSTMR0111,2024-08-26,12:40:47
ORD01326,CSTMR0333,2022-02-08,21:52:06
ORD01327,CSTMR0920,2023-06-24,19:04:15
ORD01328,CSTMR0982,2024-10-19,12:18:53
ORD01329,CSTMR0658,2024-01-26,14:24:21
ORD01330,CSTMR0092,2026-05-07,18:55:33
ORD01331,CSTMR0708,2024-10-25,11:40:22
ORD01332,CSTMR0621,2023-07-19,21:48:26
ORD01333,CSTMR0351,2025-02-20,13:39:18
ORD01334,CSTMR0998,2024-03-31,19:18:22
ORD01335,CSTMR0624,2022-02-05,16:56:29
ORD01336,CSTMR0766,2025-10-22,13:43:29
ORD01337,CSTMR0348,2024-06-02,21:45:54
ORD01338,CSTMR0957,2025-09-18,13:08:26
ORD01339,CSTMR0707,2023-07-11,18:22:12
ORD01340,CSTMR0799,2024-06-07,20:55:22
ORD01341,CSTMR0374,2022-11-24,21:58:18
ORD01342,CSTMR0801,2023-12-04,08:24:58
ORD01343,CSTMR0652,2021-11-14,14:45:19
ORD01344,CSTMR0134,2024-02-25,11:14:35
ORD01345,CSTMR0433,2024-09-10,15:51:20
ORD01346,CSTMR0919,2024-02-20,19:35:09
ORD01347,CSTMR0478,2026-02-11,22:05:56
ORD01348,CSTMR0382,2022-10-09,16:16:35
ORD01349,CSTMR0786,2023-07-04,22:04:53
ORD01350,CSTMR0492,2022-02-14,21:41:33
ORD01351,CSTMR0428,2024-02-07,22:32:55
ORD01352,CSTMR0384,2025-07-23,13:04:20
ORD01353,CSTMR0175,2025-10-28,17:55:53
ORD01354,CSTMR0995,2023-12-04,19:54:30
ORD01355,CSTMR0874,2024-06-21,19:43:01
ORD01356,CSTMR0422,2024-07-21,22:34:15
ORD01357,CSTMR0371,2022-11-14,21:22:52
ORD01358,CSTMR0168,2022-09-28,21:35:55
ORD01359,CSTMR0762,2021-05-31,15:40:27
ORD01360,CSTMR0831,2026-05-01,11:31:53
ORD01361,CSTMR0387,2023-06-22,18:42:54
ORD01362,CSTMR0069,2021-09-20,13:41:13
ORD01363,CSTMR0685,2023-11-04,12:39:02
ORD01364,CSTMR0639,2024-12-10,12:05:27
ORD01365,CSTMR0036,2023-01-27,09:36:24
ORD01366,CSTMR0431,2022-05-21,11:16:54
ORD01367,CSTMR0608,2022-11-18,12:35:29
ORD01368,CSTMR0889,2024-05-15,17:14:49
ORD01369,CSTMR0237,2025-03-10,16:17:31
ORD01370,CSTMR0511,2021-12-11,17:56:16
ORD01371,CSTMR0192,2023-08-28,16:19:34
ORD01372,CSTMR0342,2023-12-31,09:25:49
ORD01373,CSTMR0757,2023-03-29,12:29:14
ORD01374,CSTMR0406,2023-02-22,22:31:57
ORD01375,CSTMR0434,2021-02-14,21:23:01
ORD01376,CSTMR0152,2024-11-18,09:25:45
ORD01377,CSTMR0331,2026-04-26,16:02:55
ORD01378,CSTMR0030,2021-08-16,13:28:25
ORD01379,CSTMR0102,2025-09-05,15:58:40
ORD01380,CSTMR0492,2024-05-26,08:47:33
ORD01381,CSTMR0604,2022-05-15,12:51:25
ORD01382,CSTMR0743,2022-10-15,13:06:56
ORD01383,CSTMR0556,2023-04-30,08:31:30
ORD01384,CSTMR0498,2021-08-28,21:09:22
ORD01385,CSTMR0142,2024-02-20,13:50:18
ORD01386,CSTMR0186,2025-11-26,15:27:08
ORD01387,CSTMR0834,2021-02-22,20:46:35
ORD01388,CSTMR0427,2025-04-09,14:26:15
ORD01389,CSTMR0512,2023-01-01,15:25:31
ORD01390,CSTMR0444,2024-01-03,09:56:15
ORD01391,CSTMR0208,2024-11-16,13:54:27
ORD01392,CSTMR0171,2025-05-05,08:48:47
ORD01393,CSTMR0213,2023-01-13,20:22:23
ORD01394,CSTMR0834,2025-02-17,09:12:31
ORD01395,CSTMR0043,2025-05-28,21:33:36
ORD01396,CSTMR0190,2025-06-12,13:58:27
ORD01397,CSTMR0370,2025-04-24,08:25:45
ORD01398,CSTMR0608,2022-10-13,20:57:54
ORD01399,CSTMR0456,2026-04-10,21:25:30
ORD01400,CSTMR0213,2023-10-07,11:38:44
ORD01401,CSTMR0994,2025-04-30,15:32:25
ORD01402,CSTMR0441,2026-02-14,22:47:16
ORD01403,CSTMR0043,2024-02-26,12:24:23
ORD01404,CSTMR0966,2025-10-21,17:19:25
ORD01405,CSTMR0260,2024-08-11,14:11:04
ORD01406,CSTMR0486,2024-07-14,14:18:25
ORD01407,CSTMR0763,2022-10-11,12:58:21
ORD01408,CSTMR0076,2024-10-26,16:53:49
ORD01409,CSTMR0295,2023-04-05,20:15:26
ORD01410,CSTMR0326,2023-04-02,19:37:36
ORD01411,CSTMR0287,2022-10-19,21:54:33
ORD01412,CSTMR0743,2026-05-28,17:00:46
ORD01413,CSTMR0326,2023-02-04,13:56:19
ORD01414,CSTMR0963,2025-09-03,21:04:53
ORD01415,CSTMR0916,2021-12-15,21:00:28
ORD01416,CSTMR0180,2025-10-25,12:32:00
ORD01417,CSTMR0169,2021-05-08,12:42:38
ORD01418,CSTMR0373,2024-10-09,13:12:40
ORD01419,CSTMR0186,2022-09-25,18:10:24
ORD01420,CSTMR0208,2022-06-04,09:14:18
ORD01421,CSTMR0740,2023-08-12,12:14:37
ORD01422,CSTMR0719,2025-04-07,13:34:08
ORD01423,CSTMR0331,2023-09-18,21:04:57
ORD01424,CSTMR0862,2023-10-02,11:00:47
ORD01425,CSTMR0526,2025-08-22,11:12:33
ORD01426,CSTMR0518,2025-01-06,22:05:14
ORD01427,CSTMR0251,2022-03-09,13:41:44
ORD01428,CSTMR0094,2025-10-18,22:43:59
ORD01429,CSTMR0132,2025-05-28,21:32:43
ORD01430,CSTMR0326,2023-08-13,12:10:29
ORD01431,CSTMR0034,2025-11-07,14:04:45
ORD01432,CSTMR0856,2022-12-13,13:04:42
ORD01433,CSTMR0906,2025-05-23,16:40:08
ORD01434,CSTMR0837,2023-03-31,22:59:45
ORD01435,CSTMR0709,2025-07-12,10:08:28
ORD01436,CSTMR0955,2022-12-26,21:44:31
ORD01437,CSTMR0870,2024-09-27,15:43:20
ORD01438,CSTMR0094,2023-08-20,21:08:59
ORD01439,CSTMR0058,2023-11-04,11:41:37
ORD01440,CSTMR0562,2025-10-20,09:49:18
ORD01441,CSTMR0460,2023-04-26,13:16:31
ORD01442,CSTMR0628,2023-06-05,12:56:30
ORD01443,CSTMR0017,2025-05-03,17:56:05
ORD01444,CSTMR0409,2022-11-07,21:51:58
ORD01445,CSTMR0020,2023-12-17,09:39:54
ORD01446,CSTMR0914,2023-05-06,12:15:28
ORD01447,CSTMR0174,2023-03-03,15:06:55
ORD01448,CSTMR0361,2023-07-20,17:20:22
ORD01449,CSTMR0498,2025-11-13,10:48:32
ORD01450,CSTMR0688,2025-03-04,16:45:22
ORD01451,CSTMR0574,2024-04-12,20:16:06
ORD01452,CSTMR0401,2026-01-05,18:43:14
ORD01453,CSTMR0771,2025-08-31,08:29:14
ORD01454,CSTMR0676,2022-05-26,16:20:03
ORD01455,CSTMR0594,2024-06-15,19:57:09
ORD01456,CSTMR0808,2023-06-08,16:32:48
ORD01457,CSTMR0154,2024-10-16,17:12:52
ORD01458,CSTMR0946,2026-04-06,18:23:46
ORD01459,CSTMR0957,2022-11-18,13:48:58
ORD01460,CSTMR0107,2022-12-06,19:34:33
ORD01461,CSTMR0833,2021-05-21,10:04:21
ORD01462,CSTMR0234,2025-06-24,22:34:58
ORD01463,CSTMR0647,2022-04-30,20:09:28
ORD01464,CSTMR0518,2021-07-28,19:23:13
ORD01465,CSTMR0186,2025-07-05,13:24:58
ORD01466,CSTMR0755,2025-02-02,11:23:35
ORD01467,CSTMR0899,2024-12-01,10:28:19
ORD01468,CSTMR0299,2023-05-06,10:42:08
ORD01469,CSTMR0302,2026-03-15,12:21:15
ORD01470,CSTMR0933,2026-05-15,10:57:59
ORD01471,CSTMR0468,2026-04-08,12:13:57
ORD01472,CSTMR0229,2023-04-03,14:44:28
ORD01473,CSTMR0012,2025-12-26,18:35:08
ORD01474,CSTMR0910,2024-02-13,13:22:30
ORD01475,CSTMR0844,2025-07-26,18:35:46
ORD01476,CSTMR0838,2022-09-18,10:38:13
ORD01477,CSTMR0977,2024-04-13,08:54:21
ORD01478,CSTMR0316,2022-09-02,08:46:44
ORD01479,CSTMR0861,2024-07-09,13:50:14
ORD01480,CSTMR0441,2023-05-20,10:08:51
ORD01481,CSTMR0927,2025-06-27,14:50:36
ORD01482,CSTMR0699,2026-02-23,16:34:14
ORD01483,CSTMR0852,2024-10-18,21:44:45
ORD01484,CSTMR0028,2026-03-29,21:22:15
ORD01485,CSTMR0861,2022-09-30,20:37:51
ORD01486,CSTMR0627,2022-07-09,21:10:12
ORD01487,CSTMR0992,2021-05-13,20:51:41
ORD01488,CSTMR0810,2023-07-13,13:12:22
ORD01489,CSTMR0647,2024-02-12,13:30:09
ORD01490,CSTMR0934,2025-08-19,13:29:49
ORD01491,CSTMR0406,2023-05-07,11:48:12
ORD01492,CSTMR0486,2023-08-06,18:45:48
ORD01493,CSTMR0688,2024-10-12,21:29:47
ORD01494,CSTMR0048,2025-07-23,12:06:32
ORD01495,CSTMR0529,2023-04-19,10:30:11
ORD01496,CSTMR0187,2024-10-29,09:36:48
ORD01497,CSTMR0946,2021-05-22,08:44:37
ORD01498,CSTMR0486,2024-02-16,18:25:47
ORD01499,CSTMR0801,2025-07-18,22:28:28
ORD01500,CSTMR0795,2021-04-17,18:41:13
ORD01501,CSTMR0816,2022-09-06,14:20:43
ORD01502,CSTMR0378,2024-10-28,22:35:51
ORD01503,CSTMR0434,2025-12-26,09:21:37
ORD01504,CSTMR0185,2022-12-16,21:48:36
ORD01505,CSTMR0137,2025-01-19,16:51:39
ORD01506,CSTMR0471,2024-09-03,13:18:05
ORD01507,CSTMR0598,2023-07-16,08:20:30
ORD01508,CSTMR0279,2023-03-09,15:24:21
ORD01509,CSTMR0262,2023-09-01,20:55:52
ORD01510,CSTMR0012,2023-05-31,17:52:43
ORD01511,CSTMR0380,2025-02-11,10:33:24
ORD01512,CSTMR0461,2025-01-25,21:39:32
ORD01513,CSTMR0425,2024-03-24,18:06:50
ORD01514,CSTMR0877,2025-06-01,15:28:41
ORD01515,CSTMR0823,2025-11-28,14:14:35
ORD01516,CSTMR0272,2024-09-07,09:38:51
ORD01517,CSTMR0403,2022-12-04,16:10:25
ORD01518,CSTMR0873,2023-05-11,17:01:15
ORD01519,CSTMR0902,2022-01-22,11:46:49
ORD01520,CSTMR0922,2023-01-14,19:23:13
ORD01521,CSTMR0748,2025-09-11,21:22:29
ORD01522,CSTMR0842,2022-06-28,19:13:23
ORD01523,CSTMR0108,2025-08-15,09:59:46
ORD01524,CSTMR0331,2022-12-14,21:19:08
ORD01525,CSTMR0022,2022-01-21,08:24:09
ORD01526,CSTMR0959,2023-09-15,20:49:14
ORD01527,CSTMR0715,2022-03-20,13:02:49
ORD01528,CSTMR0822,2024-08-06,20:44:08
ORD01529,CSTMR0322,2024-11-19,17:11:02
ORD01530,CSTMR0547,2025-08-17,13:06:36
ORD01531,CSTMR0637,2021-05-26,14:04:54
ORD01532,CSTMR0535,2022-07-10,13:21:48
ORD01533,CSTMR0889,2025-02-09,11:23:53
ORD01534,CSTMR0128,2025-08-04,15:15:03
ORD01535,CSTMR0243,2023-04-03,20:25:23
ORD01536,CSTMR0208,2022-01-21,11:05:11
ORD01537,CSTMR0543,2024-05-26,22:33:32
ORD01538,CSTMR0229,2024-12-04,20:03:23
ORD01539,CSTMR0719,2024-10-13,19:14:57
ORD01540,CSTMR0678,2024-11-22,15:49:13
ORD01541,CSTMR0416,2025-11-20,20:04:39
ORD01542,CSTMR0839,2025-01-04,13:27:25
ORD01543,CSTMR0712,2023-12-25,17:08:10
ORD01544,CSTMR0500,2024-10-23,20:02:41
ORD01545,CSTMR0245,2026-01-13,22:49:16
ORD01546,CSTMR0276,2022-11-25,14:50:08
ORD01547,CSTMR0811,2023-06-15,18:47:26
ORD01548,CSTMR0441,2023-03-09,18:31:21
ORD01549,CSTMR0270,2023-09-04,10:26:52
ORD01550,CSTMR0067,2026-04-05,13:53:11
ORD01551,CSTMR0016,2025-05-01,21:31:28
ORD01552,CSTMR0824,2023-12-19,22:30:26
ORD01553,CSTMR0555,2026-05-27,14:41:12
ORD01554,CSTMR0727,2022-07-27,10:07:35
ORD01555,CSTMR0913,2023-02-11,16:16:10
ORD01556,CSTMR0977,2025-10-28,13:11:15
ORD01557,CSTMR0864,2021-12-31,20:52:35
ORD01558,CSTMR0140,2023-06-28,08:11:51
ORD01559,CSTMR0984,2023-04-24,17:42:09
ORD01560,CSTMR0231,2022-05-29,12:02:44
ORD01561,CSTMR0670,2025-10-06,12:47:07
ORD01562,CSTMR0442,2024-05-04,13:55:50
ORD01563,CSTMR0380,2026-04-05,21:11:48
ORD01564,CSTMR0667,2023-12-29,21:00:03
ORD01565,CSTMR0207,2024-12-22,21:20:55
ORD01566,CSTMR0870,2022-09-17,18:58:50
ORD01567,CSTMR0319,2023-11-11,21:50:07
ORD01568,CSTMR0273,2025-09-19,15:33:41
ORD01569,CSTMR0568,2025-11-23,20:00:28
ORD01570,CSTMR0177,2021-03-16,20:18:05
ORD01571,CSTMR0383,2021-12-01,08:47:18
ORD01572,CSTMR0042,2021-04-27,09:25:36
ORD01573,CSTMR0572,2022-04-28,08:26:21
ORD01574,CSTMR0125,2023-12-17,12:44:25
ORD01575,CSTMR0807,2026-03-01,16:36:52
ORD01576,CSTMR0244,2025-04-28,10:16:31
ORD01577,CSTMR0152,2022-12-01,09:56:02
ORD01578,CSTMR0331,2023-01-17,16:13:45
ORD01579,CSTMR0310,2023-02-05,22:52:40
ORD01580,CSTMR0689,2025-05-30,19:44:01
ORD01581,CSTMR0906,2021-11-05,10:41:45
ORD01582,CSTMR0729,2021-03-23,09:57:33
ORD01583,CSTMR0919,2026-03-12,12:53:36
ORD01584,CSTMR0297,2022-08-21,19:27:03
ORD01585,CSTMR0302,2023-06-23,19:53:32
ORD01586,CSTMR0651,2021-07-09,19:27:20
ORD01587,CSTMR0879,2023-12-11,13:24:10
ORD01588,CSTMR0785,2024-09-21,08:36:30
ORD01589,CSTMR0836,2023-08-16,13:43:04
ORD01590,CSTMR0611,2022-12-31,15:08:05
ORD01591,CSTMR0011,2025-05-31,17:04:13
ORD01592,CSTMR0139,2023-10-06,18:02:58
ORD01593,CSTMR0831,2023-07-07,19:25:44
ORD01594,CSTMR0572,2022-12-09,14:43:00
ORD01595,CSTMR0042,2025-06-24,13:24:21
ORD01596,CSTMR0178,2025-10-04,16:21:41
ORD01597,CSTMR0879,2026-06-01,19:56:12
ORD01598,CSTMR0771,2024-06-18,20:10:02
ORD01599,CSTMR0397,2024-01-19,12:28:22
ORD01600,CSTMR0538,2025-05-21,16:39:17
ORD01601,CSTMR0372,2025-07-20,13:59:46
ORD01602,CSTMR0482,2024-02-17,21:42:38
ORD01603,CSTMR0249,2024-06-04,21:01:26
ORD01604,CSTMR0181,2026-03-22,20:18:08
ORD01605,CSTMR0133,2023-11-04,18:53:00
ORD01606,CSTMR0992,2022-12-27,21:18:49
ORD01607,CSTMR0158,2022-07-21,16:15:24
ORD01608,CSTMR0316,2024-05-26,12:20:26
ORD01609,CSTMR0071,2025-11-26,21:59:49
ORD01610,CSTMR0913,2021-08-22,19:47:06
ORD01611,CSTMR0715,2025-02-21,19:00:32
ORD01612,CSTMR0142,2024-10-05,20:18:33
ORD01613,CSTMR0388,2024-08-02,15:25:48
ORD01614,CSTMR0834,2025-10-08,16:01:37
ORD01615,CSTMR0413,2024-05-26,10:25:20
ORD01616,CSTMR0320,2022-01-15,16:28:20
ORD01617,CSTMR0136,2021-09-10,22:08:29
ORD01618,CSTMR0276,2024-01-17,11:35:56
ORD01619,CSTMR0650,2023-04-04,12:34:59
ORD01620,CSTMR0215,2025-03-28,14:42:55
ORD01621,CSTMR0547,2024-04-30,18:55:21
ORD01622,CSTMR0122,2024-03-22,11:47:04
ORD01623,CSTMR0897,2025-01-04,21:32:48
ORD01624,CSTMR0918,2023-04-06,12:12:14
ORD01625,CSTMR0966,2024-01-28,11:45:34
ORD01626,CSTMR0475,2022-08-12,12:15:52
ORD01627,CSTMR0239,2024-11-21,19:20:32
ORD01628,CSTMR0693,2024-09-11,19:39:07
ORD01629,CSTMR0415,2023-02-06,20:25:43
ORD01630,CSTMR0681,2023-12-31,19:46:00
ORD01631,CSTMR0428,2025-03-14,20:00:59
ORD01632,CSTMR0316,2021-10-24,20:08:28
ORD01633,CSTMR0655,2021-11-26,17:47:42
ORD01634,CSTMR0234,2025-10-29,20:20:52
ORD01635,CSTMR0488,2024-05-13,15:54:05
ORD01636,CSTMR0798,2025-07-15,15:27:05
ORD01637,CSTMR0147,2024-07-02,14:19:56
ORD01638,CSTMR0505,2022-09-04,21:59:26
ORD01639,CSTMR0033,2026-03-17,18:10:22
ORD01640,CSTMR0011,2024-08-21,21:03:27
ORD01641,CSTMR0155,2023-10-30,14:38:51
ORD01642,CSTMR0978,2022-05-10,21:12:22
ORD01643,CSTMR0510,2023-02-10,17:00:18
ORD01644,CSTMR0367,2024-10-16,19:10:27
ORD01645,CSTMR0480,2024-03-01,20:47:21
ORD01646,CSTMR0671,2025-02-14,21:55:10
ORD01647,CSTMR0977,2024-03-26,19:34:30
ORD01648,CSTMR0391,2023-09-25,21:41:38
ORD01649,CSTMR0346,2021-01-02,14:59:44
ORD01650,CSTMR0923,2024-01-05,17:05:27
ORD01651,CSTMR0231,2023-11-02,20:39:50
ORD01652,CSTMR0144,2024-02-02,16:10:11
ORD01653,CSTMR0691,2025-04-19,15:50:23
ORD01654,CSTMR0038,2026-04-06,21:07:31
ORD01655,CSTMR0556,2025-08-23,12:04:14
ORD01656,CSTMR0832,2024-05-28,08:06:05
ORD01657,CSTMR0436,2023-07-21,21:07:26
ORD01658,CSTMR0649,2025-03-17,12:51:49
ORD01659,CSTMR0223,2024-08-17,20:21:01
ORD01660,CSTMR0127,2024-08-30,18:47:52
ORD01661,CSTMR0209,2024-08-31,17:12:04
ORD01662,CSTMR0004,2024-07-09,20:35:24
ORD01663,CSTMR0677,2021-08-15,16:37:48
ORD01664,CSTMR0841,2025-04-14,21:18:11
ORD01665,CSTMR0820,2021-08-08,19:00:03
ORD01666,CSTMR0269,2022-03-06,22:47:45
ORD01667,CSTMR0853,2024-01-20,09:00:48
ORD01668,CSTMR0245,2023-09-07,19:06:59
ORD01669,CSTMR0262,2023-01-05,12:11:06
ORD01670,CSTMR0255,2023-04-02,17:41:09
ORD01671,CSTMR0371,2024-01-01,12:32:53
ORD01672,CSTMR0256,2024-10-18,10:14:48
ORD01673,CSTMR0887,2022-10-21,08:03:03
ORD01674,CSTMR0403,2024-08-04,09:19:14
ORD01675,CSTMR0129,2022-11-14,11:36:06
ORD01676,CSTMR0975,2025-11-06,13:16:10
ORD01677,CSTMR0876,2025-05-17,20:45:38
ORD01678,CSTMR0203,2024-04-02,11:25:19
ORD01679,CSTMR0733,2024-08-09,13:17:09
ORD01680,CSTMR0939,2026-03-04,10:20:51
ORD01681,CSTMR0578,2024-05-02,10:14:11
ORD01682,CSTMR0300,2022-01-14,12:42:44
ORD01683,CSTMR0437,2023-02-17,08:06:22
ORD01684,CSTMR0543,2025-03-11,21:59:36
ORD01685,CSTMR0762,2023-04-10,13:15:36
ORD01686,CSTMR0060,2023-11-14,12:19:57
ORD01687,CSTMR0258,2024-12-14,19:03:58
ORD01688,CSTMR0516,2026-03-15,12:14:43
ORD01689,CSTMR0359,2024-04-10,20:02:01
ORD01690,CSTMR0405,2023-03-28,21:02:41
ORD01691,CSTMR0048,2025-06-01,20:40:42
ORD01692,CSTMR0263,2022-10-21,19:01:44
ORD01693,CSTMR0591,2025-05-15,11:01:21
ORD01694,CSTMR0372,2023-05-21,18:02:21
ORD01695,CSTMR0701,2026-02-03,17:32:25
ORD01696,CSTMR0165,2021-12-18,11:58:00
ORD01697,CSTMR0365,2026-05-10,17:56:59
ORD01698,CSTMR0564,2021-02-21,13:45:03
ORD01699,CSTMR0639,2022-05-31,17:16:15
ORD01700,CSTMR0785,2025-07-20,13:47:07
ORD01701,CSTMR0965,2024-07-16,22:57:39
ORD01702,CSTMR0191,2022-04-01,17:56:05
ORD01703,CSTMR0712,2021-03-26,18:53:48
ORD01704,CSTMR0259,2024-12-27,11:21:52
ORD01705,CSTMR0595,2025-11-28,16:05:47
ORD01706,CSTMR0297,2025-12-21,21:33:20
ORD01707,CSTMR0944,2025-08-24,21:10:29
ORD01708,CSTMR0703,2025-07-20,20:16:56
ORD01709,CSTMR0756,2025-09-13,18:00:11
ORD01710,CSTMR0983,2023-11-10,08:50:43
ORD01711,CSTMR0228,2026-01-21,18:55:47
ORD01712,CSTMR0294,2026-01-24,17:27:10
ORD01713,CSTMR0760,2022-07-21,21:47:01
ORD01714,CSTMR0560,2025-04-27,13:27:55
ORD01715,CSTMR0306,2024-11-08,21:36:25
ORD01716,CSTMR0929,2024-01-20,12:46:14
ORD01717,CSTMR0657,2023-08-03,13:55:50
ORD01718,CSTMR0640,2026-02-25,18:57:17
ORD01719,CSTMR0039,2022-12-11,22:22:08
ORD01720,CSTMR0845,2025-08-12,13:23:14
ORD01721,CSTMR0462,2026-04-18,16:31:09
ORD01722,CSTMR0020,2025-01-05,16:57:19
ORD01723,CSTMR0045,2023-05-06,21:18:40
ORD01724,CSTMR0101,2022-04-10,13:14:27
ORD01725,CSTMR0341,2026-02-13,19:27:24
ORD01726,CSTMR0163,2023-05-03,13:18:05
ORD01727,CSTMR0252,2023-03-08,19:39:35
ORD01728,CSTMR0596,2024-04-28,12:10:42
ORD01729,CSTMR0243,2024-12-27,18:15:07
ORD01730,CSTMR0104,2026-03-29,09:21:26
ORD01731,CSTMR0846,2023-07-01,13:21:46
ORD01732,CSTMR0483,2024-07-11,13:13:34
ORD01733,CSTMR0166,2024-07-20,21:20:34
ORD01734,CSTMR0593,2025-05-06,09:07:42
ORD01735,CSTMR0537,2025-02-10,21:40:40
ORD01736,CSTMR0982,2024-10-04,16:40:07
ORD01737,CSTMR0484,2026-05-17,16:11:23
ORD01738,CSTMR0493,2023-01-26,16:58:44
ORD01739,CSTMR0431,2023-08-21,11:13:21
ORD01740,CSTMR0675,2024-05-04,20:30:56
ORD01741,CSTMR0373,2024-07-20,15:01:23
ORD01742,CSTMR0679,2023-05-16,11:00:33
ORD01743,CSTMR0955,2022-04-25,13:48:52
ORD01744,CSTMR0568,2025-07-26,13:00:24
ORD01745,CSTMR0911,2023-06-27,15:27:16
ORD01746,CSTMR0488,2023-08-29,10:19:53
ORD01747,CSTMR0775,2022-11-01,12:46:41
ORD01748,CSTMR0189,2024-09-18,13:33:30
ORD01749,CSTMR0854,2021-05-28,19:57:06
ORD01750,CSTMR0216,2022-06-03,16:53:22
ORD01751,CSTMR0104,2023-01-28,11:25:46
ORD01752,CSTMR0527,2023-01-30,12:50:37
ORD01753,CSTMR0462,2024-04-26,12:41:30
ORD01754,CSTMR0322,2024-05-24,21:59:23
ORD01755,CSTMR0366,2023-04-07,13:07:48
ORD01756,CSTMR0758,2026-01-06,14:23:43
ORD01757,CSTMR0613,2023-04-15,12:34:19
ORD01758,CSTMR0593,2024-12-06,10:38:05
ORD01759,CSTMR0945,2023-08-13,08:18:01
ORD01760,CSTMR0622,2021-09-13,13:07:37
ORD01761,CSTMR0696,2025-01-17,19:58:30
ORD01762,CSTMR0763,2023-07-26,14:02:36
ORD01763,CSTMR0038,2022-04-14,12:29:30
ORD01764,CSTMR0278,2022-10-06,16:57:46
ORD01765,CSTMR0276,2023-11-24,12:50:55
ORD01766,CSTMR0178,2024-11-15,14:57:44
ORD01767,CSTMR0663,2022-05-28,14:27:19
ORD01768,CSTMR0691,2024-10-16,19:21:28
ORD01769,CSTMR0726,2021-08-26,10:03:34
ORD01770,CSTMR0395,2024-12-24,08:56:18
ORD01771,CSTMR0158,2021-11-11,22:37:22
ORD01772,CSTMR0883,2022-11-21,14:52:27
ORD01773,CSTMR0809,2023-07-10,15:02:42
ORD01774,CSTMR0846,2023-09-21,19:27:37
ORD01775,CSTMR0377,2024-11-17,19:01:41
ORD01776,CSTMR0170,2022-12-04,20:49:50
ORD01777,CSTMR0182,2023-08-05,19:06:57
ORD01778,CSTMR0939,2023-12-06,14:43:51
ORD01779,CSTMR0803,2024-09-11,19:29:06
ORD01780,CSTMR0627,2025-05-29,10:12:54
ORD01781,CSTMR0071,2025-11-01,17:38:41
ORD01782,CSTMR0753,2025-04-02,19:47:47
ORD01783,CSTMR0168,2024-02-17,21:44:09
ORD01784,CSTMR0532,2022-01-07,14:54:01
ORD01785,CSTMR0735,2024-05-31,19:46:09
ORD01786,CSTMR0087,2023-08-12,08:46:09
ORD01787,CSTMR0287,2021-08-17,20:45:24
ORD01788,CSTMR0585,2021-07-02,20:11:43
ORD01789,CSTMR0446,2024-08-04,14:49:44
ORD01790,CSTMR0731,2024-04-29,14:52:01
ORD01791,CSTMR0534,2025-06-17,15:41:35
ORD01792,CSTMR0918,2022-01-16,20:22:11
ORD01793,CSTMR0431,2023-05-03,10:04:59
ORD01794,CSTMR0149,2024-03-02,09:04:02
ORD01795,CSTMR0194,2025-02-02,16:07:47
ORD01796,CSTMR0141,2024-12-20,13:24:37
ORD01797,CSTMR0498,2021-09-08,13:19:02
ORD01798,CSTMR0069,2024-02-29,18:46:36
ORD01799,CSTMR0599,2024-10-19,14:19:45
ORD01800,CSTMR0503,2026-04-15,22:53:28
ORD01801,CSTMR0774,2022-04-03,08:59:28
ORD01802,CSTMR0394,2023-11-05,21:07:32
ORD01803,CSTMR0003,2025-04-15,12:57:12
ORD01804,CSTMR0171,2024-01-04,10:27:15
ORD01805,CSTMR0311,2024-04-28,19:24:25
ORD01806,CSTMR0784,2025-10-19,19:55:17
ORD01807,CSTMR0288,2023-01-02,18:20:15
ORD01808,CSTMR0594,2025-05-30,18:10:50
ORD01809,CSTMR0489,2025-03-12,21:48:17
ORD01810,CSTMR0045,2022-11-11,13:27:53
ORD01811,CSTMR0936,2021-07-24,15:35:43
ORD01812,CSTMR0486,2023-10-28,16:47:42
ORD01813,CSTMR0624,2025-09-09,12:44:41
ORD01814,CSTMR0668,2025-08-24,09:55:36
ORD01815,CSTMR0489,2024-01-12,08:50:22
ORD01816,CSTMR0780,2023-02-16,10:38:44
ORD01817,CSTMR0854,2025-04-18,21:46:24
ORD01818,CSTMR0996,2025-07-01,13:36:05
ORD01819,CSTMR0982,2025-06-01,13:47:20
ORD01820,CSTMR0686,2025-11-14,22:22:00
ORD01821,CSTMR0145,2025-08-26,12:20:01
ORD01822,CSTMR0370,2022-08-12,20:29:59
ORD01823,CSTMR0591,2026-05-29,21:48:45
ORD01824,CSTMR0688,2024-07-19,15:18:49
ORD01825,CSTMR0205,2024-12-15,12:37:02
ORD01826,CSTMR0507,2026-03-14,10:39:33
ORD01827,CSTMR0385,2026-05-02,15:00:57
ORD01828,CSTMR0273,2023-02-13,19:35:21
ORD01829,CSTMR0340,2025-08-07,17:51:39
ORD01830,CSTMR0985,2026-05-15,18:28:31
ORD01831,CSTMR0440,2022-12-28,20:39:11
ORD01832,CSTMR0795,2022-12-20,13:00:12
ORD01833,CSTMR0923,2022-07-31,15:58:45
ORD01834,CSTMR0333,2024-01-16,21:46:25
ORD01835,CSTMR0429,2023-02-18,13:28:02
ORD01836,CSTMR0041,2022-11-12,14:51:42
ORD01837,CSTMR0497,2026-05-22,14:48:34
ORD01838,CSTMR0536,2023-09-23,10:03:50
ORD01839,CSTMR0834,2021-06-11,13:47:18
ORD01840,CSTMR0335,2023-09-24,12:33:57
ORD01841,CSTMR0929,2024-06-05,21:33:19
ORD01842,CSTMR0375,2026-05-20,20:29:28
ORD01843,CSTMR0291,2024-06-12,22:38:32
ORD01844,CSTMR0108,2024-03-23,13:36:10
ORD01845,CSTMR0214,2024-09-29,22:13:37
ORD01846,CSTMR0689,2025-04-29,14:35:08
ORD01847,CSTMR0629,2022-11-05,22:28:14
ORD01848,CSTMR0398,2025-05-15,19:54:05
ORD01849,CSTMR0151,2025-06-17,20:49:15
ORD01850,CSTMR0232,2021-10-10,16:00:17
ORD01851,CSTMR0075,2025-02-02,21:24:49
ORD01852,CSTMR0160,2023-03-18,10:19:30
ORD01853,CSTMR0918,2026-03-13,19:45:49
ORD01854,CSTMR0606,2021-11-09,21:41:01
ORD01855,CSTMR0781,2022-03-05,08:36:22
ORD01856,CSTMR0819,2026-04-08,20:49:14
ORD01857,CSTMR0806,2022-10-30,20:08:17
ORD01858,CSTMR0120,2025-05-21,21:17:05
ORD01859,CSTMR0461,2021-12-10,10:26:34
ORD01860,CSTMR0654,2024-06-14,09:00:46
ORD01861,CSTMR0753,2022-09-05,15:36:04
ORD01862,CSTMR0063,2022-09-05,21:53:50
ORD01863,CSTMR0712,2024-09-11,09:57:29
ORD01864,CSTMR0938,2024-10-20,22:11:29
ORD01865,CSTMR0787,2025-09-07,12:27:43
ORD01866,CSTMR0674,2024-01-19,22:01:20
ORD01867,CSTMR0909,2024-09-05,08:27:10
ORD01868,CSTMR0308,2023-03-14,17:53:39
ORD01869,CSTMR0294,2022-05-13,09:54:24
ORD01870,CSTMR0387,2024-02-29,13:16:57
ORD01871,CSTMR0106,2023-11-24,20:44:07
ORD01872,CSTMR0440,2023-02-28,18:45:45
ORD01873,CSTMR0157,2024-10-27,16:58:01
ORD01874,CSTMR0160,2023-04-01,12:49:11
ORD01875,CSTMR0943,2024-09-08,10:28:18
ORD01876,CSTMR0040,2025-03-11,10:58:19
ORD01877,CSTMR0764,2022-05-09,14:14:54
ORD01878,CSTMR0222,2023-10-27,12:41:08
ORD01879,CSTMR0960,2023-08-16,20:01:17
ORD01880,CSTMR0729,2024-08-19,14:40:09
ORD01881,CSTMR0205,2024-07-29,19:22:07
ORD01882,CSTMR0351,2023-05-06,22:02:57
ORD01883,CSTMR0679,2023-05-05,21:36:46
ORD01884,CSTMR0110,2024-11-15,19:46:49
ORD01885,CSTMR0688,2024-04-19,22:55:39
ORD01886,CSTMR0921,2021-02-13,15:22:16
ORD01887,CSTMR0923,2022-12-25,08:15:39
ORD01888,CSTMR0965,2025-11-25,17:16:43
ORD01889,CSTMR0437,2025-01-14,21:23:22
ORD01890,CSTMR0024,2023-05-28,19:25:29
ORD01891,CSTMR0257,2024-11-16,20:50:43
ORD01892,CSTMR0011,2026-04-11,16:05:07
ORD01893,CSTMR0304,2021-08-20,10:10:48
ORD01894,CSTMR0147,2022-03-18,11:13:00
ORD01895,CSTMR0944,2024-05-10,16:09:09
ORD01896,CSTMR0045,2026-03-18,14:58:06
ORD01897,CSTMR0266,2022-01-21,20:57:51
ORD01898,CSTMR0712,2023-08-15,17:18:52
ORD01899,CSTMR0041,2025-06-27,21:06:41
ORD01900,CSTMR0410,2023-12-04,20:21:58
ORD01901,CSTMR0927,2024-06-17,08:08:04
ORD01902,CSTMR0761,2024-10-25,18:31:30
ORD01903,CSTMR0666,2022-04-28,09:24:57
ORD01904,CSTMR0449,2023-12-06,15:11:12
ORD01905,CSTMR0229,2025-08-29,18:41:39
ORD01906,CSTMR0223,2023-06-30,16:49:45
ORD01907,CSTMR0570,2023-01-20,13:41:35
ORD01908,CSTMR0535,2022-09-16,15:51:42
ORD01909,CSTMR0475,2022-03-27,18:17:44
ORD01910,CSTMR0768,2023-07-26,19:25:27
ORD01911,CSTMR0590,2021-04-27,21:48:55
ORD01912,CSTMR0918,2021-08-10,20:18:12
ORD01913,CSTMR0977,2021-12-20,12:37:37
ORD01914,CSTMR0600,2024-10-31,15:55:05
ORD01915,CSTMR0133,2025-03-20,13:01:13
ORD01916,CSTMR0165,2023-02-16,13:28:26
ORD01917,CSTMR0103,2022-08-08,10:58:48
ORD01918,CSTMR0087,2025-03-07,16:23:26
ORD01919,CSTMR0520,2023-08-31,18:42:15
ORD01920,CSTMR0816,2021-07-23,08:25:06
ORD01921,CSTMR0190,2021-10-24,20:19:23
ORD01922,CSTMR0612,2025-06-16,21:34:37
ORD01923,CSTMR0789,2026-05-18,16:53:16
ORD01924,CSTMR0998,2025-07-06,14:46:13
ORD01925,CSTMR0264,2022-05-12,18:02:26
ORD01926,CSTMR0864,2023-07-01,12:31:04
ORD01927,CSTMR0220,2024-12-10,18:39:04
ORD01928,CSTMR0938,2026-01-20,13:29:56
ORD01929,CSTMR0729,2024-10-19,09:15:22
ORD01930,CSTMR0518,2024-09-11,15:55:42
ORD01931,CSTMR0915,2024-11-03,13:17:43
ORD01932,CSTMR0503,2025-12-10,19:21:29
ORD01933,CSTMR0223,2026-04-26,16:52:29
ORD01934,CSTMR0513,2024-11-03,19:37:32
ORD01935,CSTMR0233,2023-05-06,10:04:01
ORD01936,CSTMR0505,2023-05-03,19:06:43
ORD01937,CSTMR0658,2023-10-20,08:27:32
ORD01938,CSTMR0734,2025-03-17,12:31:05
ORD01939,CSTMR0848,2022-07-10,11:48:10
ORD01940,CSTMR0805,2026-02-01,12:37:16
ORD01941,CSTMR0450,2023-11-12,19:54:37
ORD01942,CSTMR0372,2023-04-28,18:15:40
ORD01943,CSTMR0643,2025-09-08,16:25:44
ORD01944,CSTMR0463,2025-05-06,16:37:21
ORD01945,CSTMR0442,2024-01-17,15:46:44
ORD01946,CSTMR0776,2023-04-12,09:54:51
ORD01947,CSTMR0360,2025-06-07,19:34:52
ORD01948,CSTMR0915,2022-11-09,08:18:51
ORD01949,CSTMR0062,2021-08-17,12:37:24
ORD01950,CSTMR0305,2025-05-17,19:19:15
ORD01951,CSTMR0424,2023-10-11,12:50:06
ORD01952,CSTMR0290,2025-04-08,22:25:37
ORD01953,CSTMR0156,2022-06-22,14:29:46
ORD01954,CSTMR0895,2025-11-28,13:43:13
ORD01955,CSTMR0557,2021-07-06,19:08:13
ORD01956,CSTMR0371,2024-03-26,21:09:09
ORD01957,CSTMR0970,2023-02-12,19:19:17
ORD01958,CSTMR0765,2024-04-02,21:01:52
ORD01959,CSTMR0109,2025-06-06,20:41:03
ORD01960,CSTMR0448,2024-06-19,16:43:44
ORD01961,CSTMR0098,2025-11-28,16:09:22
ORD01962,CSTMR0530,2025-04-06,08:31:24
ORD01963,CSTMR0917,2024-01-18,19:25:15
ORD01964,CSTMR0098,2022-07-13,14:24:23
ORD01965,CSTMR0948,2023-09-14,16:24:25
ORD01966,CSTMR0668,2026-04-06,10:15:54
ORD01967,CSTMR0597,2024-03-22,08:07:38
ORD01968,CSTMR0651,2025-10-28,19:07:16
ORD01969,CSTMR0713,2025-05-24,08:05:31
ORD01970,CSTMR0793,2022-07-30,19:28:42
ORD01971,CSTMR0471,2024-05-10,21:14:50
ORD01972,CSTMR0338,2023-06-17,11:41:47
ORD01973,CSTMR0464,2025-01-09,16:05:26
ORD01974,CSTMR0075,2022-05-29,20:38:27
ORD01975,CSTMR0177,2023-06-18,11:49:13
ORD01976,CSTMR0274,2023-08-30,14:31:06
ORD01977,CSTMR0402,2025-11-11,11:09:51
ORD01978,CSTMR0205,2025-08-04,10:27:09
ORD01979,CSTMR0175,2022-03-08,11:39:06
ORD01980,CSTMR0038,2023-01-09,17:09:56
ORD01981,CSTMR0848,2022-07-30,13:10:02
ORD01982,CSTMR0548,2023-11-26,21:06:57
ORD01983,CSTMR0179,2022-09-03,13:20:48
ORD01984,CSTMR0907,2023-11-03,19:15:38
ORD01985,CSTMR0382,2023-09-24,14:28:22
ORD01986,CSTMR0348,2025-12-26,10:35:05
ORD01987,CSTMR0132,2023-07-01,22:05:28
ORD01988,CSTMR0029,2021-07-22,11:31:05
ORD01989,CSTMR0482,2024-01-16,21:12:01
ORD01990,CSTMR0850,2025-07-14,11:37:52
ORD01991,CSTMR0980,2026-05-29,20:49:51
ORD01992,CSTMR0633,2025-05-30,10:06:30
ORD01993,CSTMR0677,2023-09-22,12:27:13
ORD01994,CSTMR0294,2024-02-18,13:08:14
ORD01995,CSTMR0940,2025-12-24,15:24:54
ORD01996,CSTMR0156,2021-08-11,17:13:06
ORD01997,CSTMR0236,2026-04-19,12:01:02
ORD01998,CSTMR0160,2024-01-21,15:25:32
ORD01999,CSTMR0478,2024-05-15,09:38:24
ORD02000,CSTMR0141,2024-12-19,14:19:38
ORD02001,CSTMR0512,2026-01-11,20:42:27
ORD02002,CSTMR0807,2022-09-05,19:41:29
ORD02003,CSTMR0710,2025-11-08,09:11:57
ORD02004,CSTMR0714,2022-05-30,08:02:40
ORD02005,CSTMR0334,2023-06-24,16:23:37
ORD02006,CSTMR0425,2025-07-22,17:35:27
ORD02007,CSTMR0509,2024-06-06,10:22:32
ORD02008,CSTMR0720,2024-09-29,11:47:44
ORD02009,CSTMR0690,2023-05-26,19:23:34
ORD02010,CSTMR0265,2024-06-20,19:33:33
ORD02011,CSTMR0946,2023-10-25,20:22:24
ORD02012,CSTMR0191,2021-03-27,10:25:56
ORD02013,CSTMR0702,2025-10-30,20:48:04
ORD02014,CSTMR0417,2023-02-12,20:58:48
ORD02015,CSTMR0074,2024-03-05,22:45:30
ORD02016,CSTMR0895,2025-11-18,12:23:45
ORD02017,CSTMR0720,2024-05-13,13:51:07
ORD02018,CSTMR0195,2024-05-10,17:38:40
ORD02019,CSTMR0442,2021-04-07,16:37:17
ORD02020,CSTMR0811,2021-10-14,10:40:52
ORD02021,CSTMR0846,2025-11-26,13:12:34
ORD02022,CSTMR0663,2023-06-18,20:15:13
ORD02023,CSTMR0981,2024-05-05,09:22:25
ORD02024,CSTMR0818,2024-07-03,15:27:23
ORD02025,CSTMR0246,2024-11-10,14:07:48
ORD02026,CSTMR0062,2022-09-25,16:54:28
ORD02027,CSTMR0812,2022-07-19,20:45:28
ORD02028,CSTMR0461,2022-08-20,09:02:14
ORD02029,CSTMR0967,2024-12-04,16:58:39
ORD02030,CSTMR0288,2023-09-14,09:08:36
ORD02031,CSTMR0666,2022-06-07,17:04:59
ORD02032,CSTMR0951,2025-07-03,21:29:46
ORD02033,CSTMR0312,2025-04-08,17:59:38
ORD02034,CSTMR0267,2023-03-19,09:56:40
ORD02035,CSTMR0990,2023-02-17,19:38:30
ORD02036,CSTMR0174,2025-04-07,11:07:29
ORD02037,CSTMR0113,2024-10-06,19:13:47
ORD02038,CSTMR0492,2023-10-26,12:13:25
ORD02039,CSTMR0637,2021-07-14,19:05:42
ORD02040,CSTMR0066,2024-01-23,13:11:09
ORD02041,CSTMR0977,2022-12-20,21:08:45
ORD02042,CSTMR0161,2022-09-30,10:46:28
ORD02043,CSTMR0307,2026-03-10,12:33:41
ORD02044,CSTMR0006,2025-02-26,19:37:34
ORD02045,CSTMR0070,2025-07-29,19:13:00
ORD02046,CSTMR0575,2023-12-28,18:56:44
ORD02047,CSTMR0473,2024-02-24,20:34:11
ORD02048,CSTMR0741,2026-01-24,10:03:30
ORD02049,CSTMR0261,2023-08-16,08:22:12
ORD02050,CSTMR0099,2023-01-08,15:08:35
ORD02051,CSTMR0514,2025-09-12,08:51:30
ORD02052,CSTMR0646,2023-09-13,20:22:36
ORD02053,CSTMR0375,2022-06-03,12:39:31
ORD02054,CSTMR0426,2024-10-28,19:34:53
ORD02055,CSTMR0559,2022-05-08,10:46:59
ORD02056,CSTMR0802,2024-01-13,21:33:37
ORD02057,CSTMR0525,2024-04-07,20:32:30
ORD02058,CSTMR0206,2021-04-30,19:55:28
ORD02059,CSTMR0646,2024-09-19,11:46:38
ORD02060,CSTMR0328,2022-07-01,19:06:03
ORD02061,CSTMR0063,2022-05-28,16:55:10
ORD02062,CSTMR0089,2025-10-03,20:13:12
ORD02063,CSTMR0889,2022-01-31,09:30:16
ORD02064,CSTMR0853,2023-08-21,09:40:53
ORD02065,CSTMR0755,2025-05-10,22:49:41
ORD02066,CSTMR0014,2025-02-06,18:03:21
ORD02067,CSTMR0997,2023-09-29,12:54:34
ORD02068,CSTMR0350,2023-09-09,08:08:54
ORD02069,CSTMR0596,2023-06-17,15:00:55
ORD02070,CSTMR0740,2022-09-20,10:02:43
ORD02071,CSTMR0319,2024-07-21,21:03:49
ORD02072,CSTMR0204,2024-12-24,19:11:47
ORD02073,CSTMR0651,2025-02-09,20:17:13
ORD02074,CSTMR0829,2022-10-25,09:21:07
ORD02075,CSTMR0213,2023-04-30,15:23:40
ORD02076,CSTMR0953,2025-05-07,18:58:16
ORD02077,CSTMR0245,2025-06-14,10:18:46
ORD02078,CSTMR0834,2024-02-28,18:30:45
ORD02079,CSTMR0861,2026-01-10,14:31:03
ORD02080,CSTMR0907,2024-03-18,08:12:58
ORD02081,CSTMR0423,2026-04-28,19:21:17
ORD02082,CSTMR0242,2024-05-31,19:13:45
ORD02083,CSTMR0728,2025-11-15,17:08:52
ORD02084,CSTMR0537,2024-06-14,11:24:39
ORD02085,CSTMR0872,2021-11-18,12:43:35
ORD02086,CSTMR0915,2022-06-15,20:11:35
ORD02087,CSTMR0692,2024-08-23,15:30:34
ORD02088,CSTMR0774,2024-08-28,19:45:46
ORD02089,CSTMR0987,2024-01-15,08:03:40
ORD02090,CSTMR0090,2021-01-14,21:02:27
ORD02091,CSTMR0828,2022-07-05,15:01:23
ORD02092,CSTMR0893,2023-07-21,20:04:19
ORD02093,CSTMR0023,2022-06-23,13:00:45
ORD02094,CSTMR0607,2021-06-12,20:07:04
ORD02095,CSTMR0751,2025-12-21,17:45:32
ORD02096,CSTMR0508,2025-02-25,19:10:11
ORD02097,CSTMR0354,2024-12-16,17:14:59
ORD02098,CSTMR0230,2021-02-19,08:43:54
ORD02099,CSTMR0382,2026-04-06,12:24:15
ORD02100,CSTMR0654,2023-11-13,22:13:17
ORD02101,CSTMR0987,2025-11-28,12:43:02
ORD02102,CSTMR0834,2026-01-09,10:54:00
ORD02103,CSTMR0379,2025-10-08,12:11:57
ORD02104,CSTMR0433,2024-05-16,19:49:16
ORD02105,CSTMR0224,2025-01-28,13:46:04
ORD02106,CSTMR0134,2024-11-01,17:20:10
ORD02107,CSTMR0580,2024-01-19,12:09:49
ORD02108,CSTMR0911,2022-01-14,12:42:00
ORD02109,CSTMR0514,2023-07-20,21:30:14
ORD02110,CSTMR0833,2024-11-20,20:48:22
ORD02111,CSTMR0656,2023-09-14,20:19:31
ORD02112,CSTMR0171,2025-05-15,13:38:24
ORD02113,CSTMR0561,2024-10-11,20:46:41
ORD02114,CSTMR0006,2021-06-20,09:20:54
ORD02115,CSTMR0081,2023-10-31,12:02:12
ORD02116,CSTMR0670,2024-12-14,16:24:22
ORD02117,CSTMR0758,2023-05-11,21:40:59
ORD02118,CSTMR0119,2025-05-20,18:34:11
ORD02119,CSTMR0472,2024-03-30,12:02:18
ORD02120,CSTMR0071,2022-12-05,21:28:52
ORD02121,CSTMR0439,2025-11-15,16:13:57
ORD02122,CSTMR0740,2025-01-30,16:34:17
ORD02123,CSTMR0204,2024-06-02,11:05:49
ORD02124,CSTMR0518,2023-01-31,21:31:08
ORD02125,CSTMR0951,2021-10-30,20:33:59
ORD02126,CSTMR0772,2021-04-11,16:18:00
ORD02127,CSTMR0740,2025-06-12,18:30:01
ORD02128,CSTMR0489,2023-08-12,10:12:30
ORD02129,CSTMR0303,2024-01-18,15:33:54
ORD02130,CSTMR0717,2022-02-11,12:43:15
ORD02131,CSTMR0598,2021-09-11,10:37:41
ORD02132,CSTMR0287,2025-03-07,12:53:33
ORD02133,CSTMR0649,2023-06-17,21:54:48
ORD02134,CSTMR0954,2021-07-16,20:22:30
ORD02135,CSTMR0387,2025-07-10,15:23:02
ORD02136,CSTMR0547,2025-03-29,09:07:01
ORD02137,CSTMR0040,2024-04-21,19:16:51
ORD02138,CSTMR0776,2024-01-08,12:54:34
ORD02139,CSTMR0148,2025-05-28,15:31:39
ORD02140,CSTMR0699,2025-05-05,21:29:20
ORD02141,CSTMR0471,2024-04-26,10:47:35
ORD02142,CSTMR0516,2024-06-10,19:57:29
ORD02143,CSTMR0879,2025-03-03,10:23:06
ORD02144,CSTMR0242,2021-08-15,21:01:36
ORD02145,CSTMR0224,2023-10-04,20:11:43
ORD02146,CSTMR0575,2025-08-19,09:51:12
ORD02147,CSTMR0918,2021-12-05,21:11:28
ORD02148,CSTMR0690,2025-07-04,12:48:12
ORD02149,CSTMR0519,2023-06-24,22:52:21
ORD02150,CSTMR0142,2023-03-12,18:26:40
ORD02151,CSTMR0951,2024-05-14,08:43:08
ORD02152,CSTMR0955,2025-06-15,14:11:22
ORD02153,CSTMR0768,2022-09-27,21:43:15
ORD02154,CSTMR0512,2024-10-28,08:34:20
ORD02155,CSTMR0753,2021-06-19,19:15:49
ORD02156,CSTMR0845,2023-12-12,19:41:42
ORD02157,CSTMR0829,2026-04-25,21:18:30
ORD02158,CSTMR0436,2025-08-19,12:09:25
ORD02159,CSTMR0656,2025-05-11,21:38:35
ORD02160,CSTMR0996,2023-06-02,19:25:36
ORD02161,CSTMR0191,2021-09-18,20:42:35
ORD02162,CSTMR0935,2023-03-20,16:36:47
ORD02163,CSTMR0119,2024-05-24,08:54:17
ORD02164,CSTMR0860,2023-02-18,19:17:46
ORD02165,CSTMR0939,2025-01-05,20:59:43
ORD02166,CSTMR0504,2026-04-02,17:58:10
ORD02167,CSTMR0168,2023-06-04,18:13:40
ORD02168,CSTMR0688,2021-12-16,21:33:20
ORD02169,CSTMR0140,2023-09-17,10:19:13
ORD02170,CSTMR0716,2026-04-04,21:34:25
ORD02171,CSTMR0346,2023-02-04,20:39:04
ORD02172,CSTMR0694,2026-02-03,12:47:11
ORD02173,CSTMR0350,2024-11-24,10:45:34
ORD02174,CSTMR0145,2025-08-24,12:22:50
ORD02175,CSTMR0494,2023-04-05,14:08:25
ORD02176,CSTMR0373,2022-02-05,15:34:47
ORD02177,CSTMR0796,2023-01-30,13:40:59
ORD02178,CSTMR0580,2023-01-16,19:45:14
ORD02179,CSTMR0485,2024-06-19,22:12:56
ORD02180,CSTMR0276,2025-08-26,19:19:35
ORD02181,CSTMR0516,2024-12-12,20:35:06
ORD02182,CSTMR0236,2022-12-27,19:16:04
ORD02183,CSTMR0672,2023-04-01,21:28:53
ORD02184,CSTMR0681,2025-01-23,13:03:35
ORD02185,CSTMR0398,2023-04-16,20:52:24
ORD02186,CSTMR0988,2025-02-05,22:27:52
ORD02187,CSTMR0639,2024-02-24,20:29:17
ORD02188,CSTMR0044,2022-12-24,09:00:27
ORD02189,CSTMR0629,2023-05-11,14:13:48
ORD02190,CSTMR0453,2024-11-03,21:20:31
ORD02191,CSTMR0737,2023-11-09,17:05:10
ORD02192,CSTMR0733,2022-08-13,21:32:52
ORD02193,CSTMR0201,2025-06-28,17:11:52
ORD02194,CSTMR0152,2022-10-23,19:50:44
ORD02195,CSTMR0981,2022-04-18,13:35:26
ORD02196,CSTMR0158,2022-08-16,12:20:55
ORD02197,CSTMR0683,2021-07-02,20:02:34
ORD02198,CSTMR0461,2022-11-26,12:37:08
ORD02199,CSTMR0365,2026-03-28,18:22:15
ORD02200,CSTMR0689,2025-01-04,19:32:58
ORD02201,CSTMR0989,2022-05-13,19:44:56
ORD02202,CSTMR0044,2025-06-26,11:09:33
ORD02203,CSTMR0254,2024-03-15,12:13:41
ORD02204,CSTMR0789,2024-08-11,10:49:06
ORD02205,CSTMR0876,2024-12-28,13:29:14
ORD02206,CSTMR0849,2022-05-12,21:01:24
ORD02207,CSTMR0629,2025-04-27,21:07:33
ORD02208,CSTMR0033,2023-07-07,19:48:47
ORD02209,CSTMR0121,2025-01-25,12:55:14
ORD02210,CSTMR0210,2025-08-18,21:20:13
ORD02211,CSTMR0165,2024-08-23,14:15:51
ORD02212,CSTMR0695,2025-05-01,21:23:57
ORD02213,CSTMR0346,2023-09-27,10:49:46
ORD02214,CSTMR0133,2022-09-03,09:08:33
ORD02215,CSTMR0769,2024-06-24,15:31:37
ORD02216,CSTMR0540,2022-01-16,12:13:18
ORD02217,CSTMR0742,2022-07-22,11:04:38
ORD02218,CSTMR0674,2025-06-14,12:10:36
ORD02219,CSTMR0465,2023-11-12,11:21:12
ORD02220,CSTMR0337,2022-09-26,22:34:29
ORD02221,CSTMR0580,2025-06-24,21:36:44
ORD02222,CSTMR0315,2025-05-14,19:14:48
ORD02223,CSTMR0055,2022-12-04,19:50:48
ORD02224,CSTMR0933,2023-10-09,10:55:22
ORD02225,CSTMR0684,2023-01-14,13:41:09
ORD02226,CSTMR0862,2023-04-22,11:42:14
ORD02227,CSTMR0677,2021-12-30,13:06:28
ORD02228,CSTMR0530,2021-04-06,09:07:55
ORD02229,CSTMR0796,2022-06-18,12:13:06
ORD02230,CSTMR0339,2023-02-17,19:40:32
ORD02231,CSTMR0570,2025-03-16,19:16:01
ORD02232,CSTMR0143,2025-03-08,14:53:31
ORD02233,CSTMR0940,2021-01-14,19:06:43
ORD02234,CSTMR0438,2024-10-06,22:37:43
ORD02235,CSTMR0524,2025-01-10,13:24:26
ORD02236,CSTMR0652,2024-01-24,17:34:31
ORD02237,CSTMR0962,2025-07-02,19:27:42
ORD02238,CSTMR0495,2022-04-30,21:31:11
ORD02239,CSTMR0862,2024-05-19,21:00:37
ORD02240,CSTMR0917,2025-06-26,20:30:19
ORD02241,CSTMR0967,2026-02-24,16:06:36
ORD02242,CSTMR0618,2022-11-26,11:46:42
ORD02243,CSTMR0903,2024-11-02,16:14:49
ORD02244,CSTMR0946,2025-11-30,21:58:40
ORD02245,CSTMR0960,2026-04-09,21:24:38
ORD02246,CSTMR0511,2022-08-14,20:01:22
ORD02247,CSTMR0737,2024-03-11,17:15:35
ORD02248,CSTMR0350,2023-06-12,11:00:36
ORD02249,CSTMR0780,2023-01-29,20:55:39
ORD02250,CSTMR0055,2023-11-13,21:42:19
ORD02251,CSTMR0294,2023-08-20,10:19:19
ORD02252,CSTMR0169,2021-09-25,20:41:14
ORD02253,CSTMR0506,2024-12-15,13:53:02
ORD02254,CSTMR0517,2026-05-05,21:41:16
ORD02255,CSTMR0301,2022-10-17,19:39:21
ORD02256,CSTMR0258,2023-01-17,12:47:22
ORD02257,CSTMR0212,2024-01-09,12:06:22
ORD02258,CSTMR0771,2022-05-21,09:33:43
ORD02259,CSTMR0977,2024-10-10,16:02:23
ORD02260,CSTMR0988,2023-09-20,18:31:30
ORD02261,CSTMR0516,2021-10-13,09:53:32
ORD02262,CSTMR0610,2023-04-22,18:28:36
ORD02263,CSTMR0698,2023-11-13,12:07:21
ORD02264,CSTMR0191,2023-01-03,22:13:36
ORD02265,CSTMR0932,2025-12-10,09:46:48
ORD02266,CSTMR0868,2025-01-19,19:56:14
ORD02267,CSTMR0112,2021-05-26,12:01:06
ORD02268,CSTMR0602,2024-02-04,16:49:55
ORD02269,CSTMR0848,2022-07-01,15:41:15
ORD02270,CSTMR0252,2025-07-08,12:35:19
ORD02271,CSTMR0207,2026-01-08,15:32:22
ORD02272,CSTMR0705,2024-02-09,16:54:41
ORD02273,CSTMR0224,2023-12-22,08:51:47
ORD02274,CSTMR0454,2021-04-30,09:51:43
ORD02275,CSTMR0620,2026-02-14,22:21:37
ORD02276,CSTMR0471,2023-08-29,17:52:42
ORD02277,CSTMR0554,2023-10-30,21:30:17
ORD02278,CSTMR0050,2023-12-31,20:46:06
ORD02279,CSTMR0621,2022-06-12,12:46:06
ORD02280,CSTMR0161,2021-09-15,21:59:06
ORD02281,CSTMR0296,2024-03-10,21:39:18
ORD02282,CSTMR0221,2023-10-10,22:45:20
ORD02283,CSTMR0363,2024-09-22,10:55:47
ORD02284,CSTMR0237,2024-11-28,13:08:10
ORD02285,CSTMR0613,2024-01-20,22:52:30
ORD02286,CSTMR0750,2022-11-04,09:10:18
ORD02287,CSTMR0737,2024-11-10,15:38:56
ORD02288,CSTMR0392,2024-02-29,13:43:53
ORD02289,CSTMR0008,2022-07-03,21:34:40
ORD02290,CSTMR0767,2024-10-22,18:49:27
ORD02291,CSTMR0234,2024-03-06,09:43:20
ORD02292,CSTMR0054,2025-03-29,20:13:22
ORD02293,CSTMR0640,2023-11-24,22:48:30
ORD02294,CSTMR0023,2022-03-22,18:30:12
ORD02295,CSTMR0956,2023-05-06,20:44:43
ORD02296,CSTMR0933,2023-04-09,12:35:58
ORD02297,CSTMR0587,2022-09-20,13:46:56
ORD02298,CSTMR0747,2024-01-04,19:17:42
ORD02299,CSTMR0483,2024-09-13,12:30:33
ORD02300,CSTMR0721,2026-02-10,20:33:57
ORD02301,CSTMR0459,2023-04-23,21:55:59
ORD02302,CSTMR0570,2023-04-21,21:09:58
ORD02303,CSTMR0807,2021-06-11,16:13:57
ORD02304,CSTMR0136,2024-05-15,08:12:53
ORD02305,CSTMR0871,2025-04-26,15:35:38
ORD02306,CSTMR0963,2026-01-04,12:57:32
ORD02307,CSTMR0081,2023-04-24,13:47:25
ORD02308,CSTMR0706,2023-03-13,16:37:33
ORD02309,CSTMR0579,2023-06-16,19:09:22
ORD02310,CSTMR0017,2022-11-15,17:30:43
ORD02311,CSTMR0399,2024-01-08,09:50:40
ORD02312,CSTMR0456,2022-09-01,20:35:29
ORD02313,CSTMR0647,2023-12-01,16:59:23
ORD02314,CSTMR0817,2023-07-26,12:53:34
ORD02315,CSTMR0843,2022-01-21,14:38:42
ORD02316,CSTMR0690,2021-04-09,11:29:17
ORD02317,CSTMR0576,2025-03-01,14:45:25
ORD02318,CSTMR0985,2022-09-23,13:37:20
ORD02319,CSTMR0894,2024-02-16,11:50:40
ORD02320,CSTMR0401,2025-06-06,19:01:43
ORD02321,CSTMR0762,2024-03-18,11:55:28
ORD02322,CSTMR0655,2025-02-21,20:27:14
ORD02323,CSTMR0687,2025-10-08,20:39:19
ORD02324,CSTMR0959,2025-10-09,14:38:26
ORD02325,CSTMR0581,2025-12-02,11:09:44
ORD02326,CSTMR0145,2026-03-14,15:46:46
ORD02327,CSTMR0339,2023-04-13,16:26:38
ORD02328,CSTMR0581,2023-05-24,21:49:11
ORD02329,CSTMR0614,2023-05-26,21:45:36
ORD02330,CSTMR0338,2021-08-26,11:20:57
ORD02331,CSTMR0147,2025-06-27,14:42:00
ORD02332,CSTMR0931,2022-02-19,14:25:24
ORD02333,CSTMR0980,2024-07-14,20:29:38
ORD02334,CSTMR0313,2026-02-16,09:43:54
ORD02335,CSTMR0896,2021-05-17,13:51:31
ORD02336,CSTMR0159,2024-06-11,22:28:47
ORD02337,CSTMR0801,2024-09-27,20:29:13
ORD02338,CSTMR0620,2026-05-11,19:33:39
ORD02339,CSTMR0588,2023-04-22,16:41:18
ORD02340,CSTMR0334,2025-06-30,08:20:42
ORD02341,CSTMR0722,2023-02-16,12:38:11
ORD02342,CSTMR0563,2022-05-26,13:34:51
ORD02343,CSTMR0518,2023-02-12,18:52:48
ORD02344,CSTMR0093,2021-10-31,12:43:52
ORD02345,CSTMR0802,2025-03-29,12:15:50
ORD02346,CSTMR0641,2025-11-25,21:27:42
ORD02347,CSTMR0263,2023-11-03,08:54:51
ORD02348,CSTMR0224,2022-11-22,18:01:12
ORD02349,CSTMR0578,2025-11-20,22:59:41
ORD02350,CSTMR0239,2024-05-02,18:29:56
ORD02351,CSTMR0162,2022-06-25,21:42:29
ORD02352,CSTMR0048,2026-03-02,12:12:28
ORD02353,CSTMR0589,2025-04-26,17:10:48
ORD02354,CSTMR0073,2026-05-29,16:40:43
ORD02355,CSTMR0766,2025-04-17,08:36:35
ORD02356,CSTMR0566,2025-09-17,10:00:12
ORD02357,CSTMR0699,2024-09-02,19:19:59
ORD02358,CSTMR0602,2025-06-15,09:35:44
ORD02359,CSTMR0018,2023-01-06,09:11:20
ORD02360,CSTMR0125,2022-06-17,10:11:51
ORD02361,CSTMR0853,2025-06-09,19:15:48
ORD02362,CSTMR0056,2022-05-23,08:20:13
ORD02363,CSTMR0314,2021-04-28,20:02:36
ORD02364,CSTMR0619,2022-05-26,13:35:52
ORD02365,CSTMR0191,2024-10-12,22:38:11
ORD02366,CSTMR0036,2024-06-15,11:37:02
ORD02367,CSTMR0709,2025-04-18,16:56:07
ORD02368,CSTMR0779,2024-11-08,12:22:31
ORD02369,CSTMR0005,2023-11-07,12:13:13
ORD02370,CSTMR0981,2022-08-23,12:09:57
ORD02371,CSTMR0711,2026-03-07,13:13:53
ORD02372,CSTMR0975,2022-12-18,14:44:42
ORD02373,CSTMR0060,2024-01-13,19:29:54
ORD02374,CSTMR0511,2021-10-31,16:36:10
ORD02375,CSTMR0336,2023-06-21,09:56:14
ORD02376,CSTMR0934,2023-07-27,13:58:04
ORD02377,CSTMR0233,2023-01-26,19:27:40
ORD02378,CSTMR0794,2021-03-09,09:16:28
ORD02379,CSTMR0828,2024-11-08,09:27:04
ORD02380,CSTMR0360,2025-09-12,11:54:41
ORD02381,CSTMR0219,2025-04-26,14:42:56
ORD02382,CSTMR0777,2023-02-12,20:57:06
ORD02383,CSTMR0069,2022-08-08,16:23:37
ORD02384,CSTMR0931,2021-05-29,20:18:30
ORD02385,CSTMR0639,2022-12-09,14:38:50
ORD02386,CSTMR0370,2025-06-15,14:19:07
ORD02387,CSTMR0921,2025-07-04,11:24:16
ORD02388,CSTMR0578,2023-03-04,12:16:04
ORD02389,CSTMR0413,2025-07-19,12:18:34
ORD02390,CSTMR0977,2025-09-04,20:20:04
ORD02391,CSTMR0090,2025-08-09,12:21:50
ORD02392,CSTMR0135,2024-03-26,08:19:18
ORD02393,CSTMR0513,2025-09-30,10:39:39
ORD02394,CSTMR0197,2024-05-22,11:45:24
ORD02395,CSTMR0156,2023-06-24,18:21:42
ORD02396,CSTMR0640,2025-04-19,21:57:49
ORD02397,CSTMR0354,2021-10-14,14:17:16
ORD02398,CSTMR0562,2021-11-27,22:35:57
ORD02399,CSTMR0593,2022-09-29,20:53:57
ORD02400,CSTMR0723,2025-12-30,18:55:35
ORD02401,CSTMR0888,2025-01-24,17:47:17
ORD02402,CSTMR0637,2026-05-30,15:51:08
ORD02403,CSTMR0376,2021-12-26,12:29:20
ORD02404,CSTMR0320,2024-02-22,13:46:51
ORD02405,CSTMR0545,2024-09-26,16:11:44
ORD02406,CSTMR0073,2026-03-02,19:35:58
ORD02407,CSTMR0132,2023-12-15,12:03:31
ORD02408,CSTMR0009,2026-01-12,20:50:34
ORD02409,CSTMR0885,2024-03-29,19:33:27
ORD02410,CSTMR0586,2025-01-05,11:30:49
ORD02411,CSTMR0445,2023-12-31,21:48:53
ORD02412,CSTMR0373,2023-07-04,11:59:38
ORD02413,CSTMR0696,2022-01-05,14:41:47
ORD02414,CSTMR0010,2023-03-16,19:20:30
ORD02415,CSTMR0069,2025-01-08,22:51:10
ORD02416,CSTMR0556,2025-01-24,12:48:58
ORD02417,CSTMR0855,2025-10-07,12:39:43
ORD02418,CSTMR0830,2021-05-28,21:20:47
ORD02419,CSTMR0482,2023-05-21,10:36:10
ORD02420,CSTMR0779,2026-03-07,13:56:52
ORD02421,CSTMR0632,2021-11-05,11:06:44
ORD02422,CSTMR0066,2023-09-28,20:05:42
ORD02423,CSTMR0430,2025-01-10,12:38:57
ORD02424,CSTMR0951,2025-01-17,12:04:53
ORD02425,CSTMR0010,2024-09-06,17:59:36
ORD02426,CSTMR0508,2026-03-20,19:45:06
ORD02427,CSTMR0668,2021-07-11,22:01:43
ORD02428,CSTMR0917,2023-04-23,16:45:40
ORD02429,CSTMR0919,2025-12-11,19:21:37
ORD02430,CSTMR0118,2022-10-25,12:15:54
ORD02431,CSTMR0363,2023-03-11,19:10:00
ORD02432,CSTMR0926,2023-05-16,13:53:54
ORD02433,CSTMR0781,2025-05-15,19:20:59
ORD02434,CSTMR0817,2023-02-25,22:25:42
ORD02435,CSTMR0320,2023-05-24,12:06:14
ORD02436,CSTMR0629,2023-05-15,21:42:59
ORD02437,CSTMR0985,2023-02-17,21:02:18
ORD02438,CSTMR0653,2024-07-31,19:47:41
ORD02439,CSTMR0203,2026-04-16,08:21:14
ORD02440,CSTMR0238,2022-02-01,15:44:12
ORD02441,CSTMR0183,2023-11-23,13:45:47
ORD02442,CSTMR0178,2022-08-09,12:26:34
ORD02443,CSTMR0006,2026-04-06,20:50:09
ORD02444,CSTMR0041,2024-03-06,08:52:54
ORD02445,CSTMR0084,2023-03-01,18:50:36
ORD02446,CSTMR0592,2021-06-01,16:05:51
ORD02447,CSTMR0263,2021-07-22,14:05:23
ORD02448,CSTMR0713,2023-04-09,21:12:27
ORD02449,CSTMR0957,2025-07-21,13:25:56
ORD02450,CSTMR0288,2023-07-01,09:29:38
ORD02451,CSTMR0985,2023-11-13,08:38:13
ORD02452,CSTMR0427,2024-01-09,18:27:12
ORD02453,CSTMR0727,2021-12-11,16:03:27
ORD02454,CSTMR0469,2024-05-15,22:05:03
ORD02455,CSTMR0543,2025-07-11,09:07:55
ORD02456,CSTMR0145,2026-06-01,21:46:04
ORD02457,CSTMR0659,2023-02-22,08:03:01
ORD02458,CSTMR0599,2024-12-21,20:13:35
ORD02459,CSTMR0512,2024-12-18,08:55:21
ORD02460,CSTMR0411,2022-08-30,08:08:13
ORD02461,CSTMR0268,2023-03-05,11:41:39
ORD02462,CSTMR0164,2021-09-05,19:49:52
ORD02463,CSTMR0469,2022-12-27,08:55:21
ORD02464,CSTMR0234,2024-07-01,09:03:25
ORD02465,CSTMR0703,2022-04-16,18:04:03
ORD02466,CSTMR0668,2022-04-09,10:55:00
ORD02467,CSTMR0182,2023-11-19,21:53:45
ORD02468,CSTMR0325,2026-02-10,17:01:42
ORD02469,CSTMR0301,2023-12-17,21:03:35
ORD02470,CSTMR0062,2025-10-13,18:58:32
ORD02471,CSTMR0962,2024-04-22,11:51:18
ORD02472,CSTMR0886,2021-08-14,08:58:15
ORD02473,CSTMR0832,2024-02-23,20:04:09
ORD02474,CSTMR0705,2021-05-29,14:54:47
ORD02475,CSTMR0312,2025-06-01,21:56:31
ORD02476,CSTMR0470,2021-12-02,18:44:05
ORD02477,CSTMR0392,2025-01-14,16:25:25
ORD02478,CSTMR0682,2022-06-01,12:08:33
ORD02479,CSTMR0733,2023-12-02,10:45:05
ORD02480,CSTMR0209,2022-10-07,16:38:31
ORD02481,CSTMR0782,2024-03-25,08:05:01
ORD02482,CSTMR0468,2026-03-03,11:38:00
ORD02483,CSTMR0902,2022-09-15,09:52:58
ORD02484,CSTMR0456,2025-09-29,13:40:05
ORD02485,CSTMR0742,2024-07-25,12:19:32
ORD02486,CSTMR0462,2021-02-28,08:56:59
ORD02487,CSTMR0147,2022-11-20,19:16:09
ORD02488,CSTMR0395,2024-08-13,11:01:19
ORD02489,CSTMR0651,2023-09-07,09:32:21
ORD02490,CSTMR0380,2024-09-17,13:15:48
ORD02491,CSTMR0010,2023-01-19,08:16:12
ORD02492,CSTMR0160,2023-06-11,12:37:21
ORD02493,CSTMR0600,2024-12-02,13:56:26
ORD02494,CSTMR0704,2024-12-08,13:21:03
ORD02495,CSTMR0794,2022-04-22,20:31:26
ORD02496,CSTMR0187,2022-05-12,13:23:24
ORD02497,CSTMR0578,2024-05-03,11:33:19
ORD02498,CSTMR0822,2025-06-17,15:31:59
ORD02499,CSTMR0301,2023-02-21,19:49:51
ORD02500,CSTMR0602,2025-05-02,15:32:50
ORD02501,CSTMR0650,2024-05-22,15:54:30
ORD02502,CSTMR0679,2026-01-31,13:16:34
ORD02503,CSTMR0429,2024-03-20,09:32:43
ORD02504,CSTMR0994,2025-04-06,16:14:38
ORD02505,CSTMR0540,2025-08-30,15:00:10
ORD02506,CSTMR0051,2021-07-15,17:30:30
ORD02507,CSTMR0937,2022-03-05,09:03:50
ORD02508,CSTMR0038,2024-04-15,22:02:18
ORD02509,CSTMR0281,2026-02-20,19:29:44
ORD02510,CSTMR0050,2025-12-11,20:32:46
ORD02511,CSTMR0427,2023-07-04,14:08:16
ORD02512,CSTMR0715,2026-03-19,19:40:38
ORD02513,CSTMR0544,2025-01-11,21:53:58
ORD02514,CSTMR0061,2024-02-22,19:41:22
ORD02515,CSTMR0980,2024-02-15,14:53:57
ORD02516,CSTMR0211,2023-06-17,18:49:27
ORD02517,CSTMR0609,2025-07-13,11:51:27
ORD02518,CSTMR0223,2024-05-07,16:11:02
ORD02519,CSTMR0618,2025-09-01,11:36:38
ORD02520,CSTMR0790,2024-06-13,12:37:56
ORD02521,CSTMR0767,2023-12-23,20:03:44
ORD02522,CSTMR0032,2023-06-03,15:01:40
ORD02523,CSTMR0827,2022-12-24,12:22:33
ORD02524,CSTMR0970,2022-07-16,11:28:41
ORD02525,CSTMR0316,2026-04-11,21:16:33
ORD02526,CSTMR0626,2024-08-09,12:27:41
ORD02527,CSTMR0633,2025-08-09,15:35:50
ORD02528,CSTMR0430,2025-05-15,20:13:15
ORD02529,CSTMR0877,2024-01-16,21:45:42
ORD02530,CSTMR0962,2022-10-03,15:15:49
ORD02531,CSTMR0474,2023-09-12,19:53:48
ORD02532,CSTMR0201,2022-09-27,18:40:59
ORD02533,CSTMR0278,2022-02-15,21:23:05
ORD02534,CSTMR0190,2022-02-20,08:35:01
ORD02535,CSTMR0041,2025-01-10,13:39:57
ORD02536,CSTMR0450,2024-11-01,09:52:22
ORD02537,CSTMR0548,2025-10-16,22:46:02
ORD02538,CSTMR0463,2022-10-29,21:08:13
ORD02539,CSTMR0845,2023-02-17,16:48:09
ORD02540,CSTMR0982,2025-01-23,21:26:27
ORD02541,CSTMR0560,2023-11-09,22:13:38
ORD02542,CSTMR0116,2021-08-29,21:44:18
ORD02543,CSTMR0186,2023-04-05,21:17:47
ORD02544,CSTMR0549,2024-07-02,12:20:07
ORD02545,CSTMR0308,2024-09-30,20:39:22
ORD02546,CSTMR0716,2023-01-17,11:21:29
ORD02547,CSTMR0316,2023-02-28,12:48:00
ORD02548,CSTMR0495,2023-07-12,21:07:38
ORD02549,CSTMR0007,2022-03-30,08:45:09
ORD02550,CSTMR0975,2024-12-29,10:27:26
ORD02551,CSTMR0367,2024-12-15,19:34:09
ORD02552,CSTMR0687,2021-04-04,21:57:27
ORD02553,CSTMR0537,2023-01-17,22:59:11
ORD02554,CSTMR0901,2022-03-08,21:57:31
ORD02555,CSTMR0566,2024-06-13,12:11:47
ORD02556,CSTMR0120,2024-06-06,11:26:26
ORD02557,CSTMR0650,2022-05-17,10:24:49
ORD02558,CSTMR0368,2023-04-04,14:54:18
ORD02559,CSTMR0094,2023-04-05,21:16:48
ORD02560,CSTMR0705,2023-03-09,20:56:20
ORD02561,CSTMR0489,2026-01-16,12:21:20
ORD02562,CSTMR0783,2024-12-15,16:04:18
ORD02563,CSTMR0971,2023-05-26,15:41:38
ORD02564,CSTMR0432,2024-05-28,19:10:25
ORD02565,CSTMR0242,2025-08-10,13:30:13
ORD02566,CSTMR0744,2025-07-19,12:31:55
ORD02567,CSTMR0065,2025-10-17,18:50:15
ORD02568,CSTMR0669,2022-02-25,19:09:23
ORD02569,CSTMR0014,2024-05-06,12:15:34
ORD02570,CSTMR0985,2023-06-11,20:15:06
ORD02571,CSTMR0432,2024-09-26,18:35:50
ORD02572,CSTMR0792,2021-07-02,21:49:47
ORD02573,CSTMR0899,2023-09-13,19:50:12
ORD02574,CSTMR0736,2024-02-22,22:33:01
ORD02575,CSTMR0125,2025-10-12,17:38:40
ORD02576,CSTMR0915,2021-10-27,16:00:02
ORD02577,CSTMR0027,2022-10-30,21:46:17
ORD02578,CSTMR0570,2025-05-01,08:25:38
ORD02579,CSTMR0066,2025-07-26,13:11:46
ORD02580,CSTMR0939,2021-11-04,13:56:25
ORD02581,CSTMR0439,2026-02-15,12:46:59
ORD02582,CSTMR0522,2025-07-04,14:12:59
ORD02583,CSTMR0948,2025-12-01,21:15:02
ORD02584,CSTMR0099,2024-07-01,16:14:29
ORD02585,CSTMR0393,2022-07-25,19:07:56
ORD02586,CSTMR0126,2023-02-15,21:27:46
ORD02587,CSTMR0217,2025-06-01,11:35:00
ORD02588,CSTMR0752,2022-08-27,20:31:02
ORD02589,CSTMR0351,2022-01-24,22:28:30
ORD02590,CSTMR0803,2025-05-30,08:50:24
ORD02591,CSTMR0125,2024-08-18,19:01:05
ORD02592,CSTMR0098,2022-06-12,13:56:08
ORD02593,CSTMR0362,2025-06-05,12:33:28
ORD02594,CSTMR0980,2022-01-08,13:58:58
ORD02595,CSTMR0021,2025-01-26,13:49:33
ORD02596,CSTMR0976,2023-09-24,20:03:09
ORD02597,CSTMR0491,2022-06-24,19:17:56
ORD02598,CSTMR0380,2023-03-24,20:33:03
ORD02599,CSTMR0029,2024-08-20,20:15:24
ORD02600,CSTMR0720,2023-03-29,09:15:31
ORD02601,CSTMR0593,2023-09-16,20:10:28
ORD02602,CSTMR0840,2022-02-11,10:38:28
ORD02603,CSTMR0489,2025-01-30,20:42:17
ORD02604,CSTMR0831,2023-04-19,20:16:24
ORD02605,CSTMR0169,2024-11-20,19:03:38
ORD02606,CSTMR0051,2021-10-28,18:27:58
ORD02607,CSTMR0290,2021-03-18,13:35:04
ORD02608,CSTMR0057,2024-07-03,14:12:55
ORD02609,CSTMR0015,2025-02-12,20:53:00
ORD02610,CSTMR0901,2024-04-19,11:31:56
ORD02611,CSTMR0145,2025-03-15,17:00:41
ORD02612,CSTMR0968,2024-11-15,21:59:31
ORD02613,CSTMR0814,2024-12-14,08:21:59
ORD02614,CSTMR0266,2022-07-15,18:27:30
ORD02615,CSTMR0792,2026-01-16,08:19:55
ORD02616,CSTMR0514,2023-04-11,20:40:50
ORD02617,CSTMR0227,2025-03-28,21:48:12
ORD02618,CSTMR0752,2023-05-17,14:50:51
ORD02619,CSTMR0753,2021-10-20,18:40:18
ORD02620,CSTMR0753,2022-02-03,19:35:43
ORD02621,CSTMR0847,2025-08-20,11:33:52
ORD02622,CSTMR0018,2026-01-27,14:59:50
ORD02623,CSTMR0346,2021-11-15,11:22:41
ORD02624,CSTMR0742,2025-08-09,16:56:35
ORD02625,CSTMR0358,2021-05-31,21:35:40
ORD02626,CSTMR0415,2023-02-28,12:49:50
ORD02627,CSTMR0108,2026-04-18,12:19:34
ORD02628,CSTMR0116,2025-04-29,20:34:21
ORD02629,CSTMR0504,2026-01-23,16:14:04
ORD02630,CSTMR0133,2025-10-22,13:10:02
ORD02631,CSTMR0428,2023-07-02,08:32:46
ORD02632,CSTMR0345,2024-01-12,20:12:13
ORD02633,CSTMR0403,2022-11-10,12:09:45
ORD02634,CSTMR0584,2021-10-29,19:10:08
ORD02635,CSTMR0742,2026-02-11,10:37:47
ORD02636,CSTMR0424,2022-12-17,19:18:27
ORD02637,CSTMR0774,2023-02-14,13:13:03
ORD02638,CSTMR0019,2025-05-07,09:35:51
ORD02639,CSTMR0857,2024-06-26,19:23:45
ORD02640,CSTMR0543,2026-03-14,19:52:49
ORD02641,CSTMR0940,2025-12-19,13:15:04
ORD02642,CSTMR0488,2022-03-30,20:35:25
ORD02643,CSTMR0074,2023-11-25,22:11:15
ORD02644,CSTMR0801,2022-02-07,16:19:45
ORD02645,CSTMR0867,2022-06-09,13:15:40
ORD02646,CSTMR0512,2023-01-28,20:00:49
ORD02647,CSTMR0252,2025-12-18,21:48:11
ORD02648,CSTMR0451,2022-06-24,19:36:37
ORD02649,CSTMR0782,2025-09-28,18:02:02
ORD02650,CSTMR0266,2025-10-25,09:54:03
ORD02651,CSTMR0747,2023-06-03,21:56:15
ORD02652,CSTMR0901,2026-03-06,11:57:36
ORD02653,CSTMR0536,2023-01-16,13:04:52
ORD02654,CSTMR0662,2023-08-18,12:35:24
ORD02655,CSTMR0490,2022-05-15,13:33:39
ORD02656,CSTMR0429,2022-06-21,20:12:37
ORD02657,CSTMR0494,2024-11-08,13:13:44
ORD02658,CSTMR0553,2023-12-10,17:15:31
ORD02659,CSTMR0106,2026-01-11,17:41:07
ORD02660,CSTMR0169,2024-02-25,17:50:23
ORD02661,CSTMR0800,2026-05-30,13:45:23
ORD02662,CSTMR0525,2024-06-01,11:11:26
ORD02663,CSTMR0162,2025-10-06,19:24:14
ORD02664,CSTMR0371,2023-06-25,09:01:15
ORD02665,CSTMR0069,2022-04-30,14:08:28
ORD02666,CSTMR0480,2022-05-22,20:22:56
ORD02667,CSTMR0136,2023-04-01,19:58:19
ORD02668,CSTMR0907,2021-12-26,10:31:09
ORD02669,CSTMR0354,2022-04-12,22:59:03
ORD02670,CSTMR0107,2023-08-15,12:53:47
ORD02671,CSTMR0018,2022-12-14,20:12:27
ORD02672,CSTMR0893,2024-07-28,20:38:33
ORD02673,CSTMR0795,2022-03-05,10:23:54
ORD02674,CSTMR0167,2024-02-10,12:16:22
ORD02675,CSTMR0704,2023-08-28,22:39:37
ORD02676,CSTMR0998,2024-11-23,10:15:15
ORD02677,CSTMR0090,2022-06-10,22:05:20
ORD02678,CSTMR0156,2023-06-03,09:34:11
ORD02679,CSTMR0665,2023-09-17,08:52:52
ORD02680,CSTMR0590,2025-03-09,09:14:33
ORD02681,CSTMR0964,2024-07-14,09:18:54
ORD02682,CSTMR0850,2024-02-22,16:06:41
ORD02683,CSTMR0291,2025-07-22,13:30:44
ORD02684,CSTMR0463,2024-12-18,13:46:39
ORD02685,CSTMR0186,2025-11-02,19:24:20
ORD02686,CSTMR0485,2022-09-28,19:17:32
ORD02687,CSTMR0141,2024-06-30,18:52:16
ORD02688,CSTMR0846,2025-03-14,10:38:15
ORD02689,CSTMR0617,2024-02-24,10:43:26
ORD02690,CSTMR0713,2022-05-07,20:11:53
ORD02691,CSTMR0423,2023-02-11,19:26:31
ORD02692,CSTMR0645,2024-02-21,10:07:06
ORD02693,CSTMR0545,2021-10-21,19:10:33
ORD02694,CSTMR0671,2021-05-23,08:50:37
ORD02695,CSTMR0686,2024-12-23,13:32:27
ORD02696,CSTMR0077,2026-03-06,10:04:56
ORD02697,CSTMR0312,2024-12-01,13:07:11
ORD02698,CSTMR0979,2023-11-13,19:29:30
ORD02699,CSTMR0458,2023-12-02,18:23:38
ORD02700,CSTMR0380,2022-11-01,19:32:47
ORD02701,CSTMR0014,2026-02-21,10:06:16
ORD02702,CSTMR0591,2023-08-05,18:04:13
ORD02703,CSTMR0941,2022-03-20,21:27:37
ORD02704,CSTMR0380,2023-12-31,13:58:35
ORD02705,CSTMR0769,2025-08-16,12:05:14
ORD02706,CSTMR0221,2025-04-26,15:28:37
ORD02707,CSTMR0778,2021-07-23,08:06:12
ORD02708,CSTMR0904,2025-09-26,14:00:23
ORD02709,CSTMR0906,2023-05-01,22:55:29
ORD02710,CSTMR0491,2025-07-28,12:43:33
ORD02711,CSTMR0711,2022-03-12,12:16:58
ORD02712,CSTMR0834,2024-05-25,22:39:11
ORD02713,CSTMR0585,2024-02-19,13:43:09
ORD02714,CSTMR0817,2021-08-31,21:25:25
ORD02715,CSTMR0166,2023-07-20,19:16:14
ORD02716,CSTMR0506,2024-02-17,20:39:45
ORD02717,CSTMR0992,2021-03-23,15:38:15
ORD02718,CSTMR0469,2023-02-12,21:53:17
ORD02719,CSTMR0237,2024-04-07,11:05:38
ORD02720,CSTMR0041,2025-04-13,15:53:53
ORD02721,CSTMR0522,2023-05-21,20:55:43
ORD02722,CSTMR0021,2025-06-19,22:37:14
ORD02723,CSTMR0537,2022-12-05,15:30:58
ORD02724,CSTMR0559,2021-01-18,19:24:58
ORD02725,CSTMR0183,2025-10-15,13:42:04
ORD02726,CSTMR0040,2024-09-22,17:37:24
ORD02727,CSTMR0165,2022-01-05,22:42:40
ORD02728,CSTMR0317,2021-12-05,22:16:29
ORD02729,CSTMR0892,2022-07-11,13:33:24
ORD02730,CSTMR0323,2025-09-27,20:24:51
ORD02731,CSTMR0576,2022-12-23,19:10:27
ORD02732,CSTMR0639,2022-06-24,14:40:10
ORD02733,CSTMR0912,2022-05-03,21:14:27
ORD02734,CSTMR0366,2024-12-18,15:12:12
ORD02735,CSTMR0523,2025-08-14,14:39:47
ORD02736,CSTMR0654,2023-07-12,12:54:20
ORD02737,CSTMR0702,2023-02-25,16:39:28
ORD02738,CSTMR0294,2023-10-25,21:36:56
ORD02739,CSTMR0448,2023-12-05,17:57:26
ORD02740,CSTMR0314,2024-09-21,18:16:49
ORD02741,CSTMR0940,2025-04-06,18:18:47
ORD02742,CSTMR0424,2022-08-05,16:28:59
ORD02743,CSTMR0360,2023-12-31,19:23:41
ORD02744,CSTMR0981,2022-11-27,21:10:31
ORD02745,CSTMR0759,2025-03-28,16:17:22
ORD02746,CSTMR0273,2025-07-08,19:03:31
ORD02747,CSTMR0461,2023-12-10,21:13:12
ORD02748,CSTMR0569,2022-09-16,09:50:44
ORD02749,CSTMR0788,2024-06-21,21:04:24
ORD02750,CSTMR0909,2024-08-28,13:09:27
ORD02751,CSTMR0280,2023-09-16,14:29:53
ORD02752,CSTMR0845,2023-05-16,13:04:38
ORD02753,CSTMR0295,2022-06-17,17:06:20
ORD02754,CSTMR0203,2024-01-20,19:19:37
ORD02755,CSTMR0964,2024-08-08,12:20:50
ORD02756,CSTMR0164,2024-01-25,16:00:57
ORD02757,CSTMR0927,2025-03-24,20:27:16
ORD02758,CSTMR0305,2025-10-29,19:44:32
ORD02759,CSTMR0084,2023-06-04,12:15:45
ORD02760,CSTMR0787,2025-01-29,08:05:48
ORD02761,CSTMR0780,2022-12-25,14:55:45
ORD02762,CSTMR0065,2022-07-03,20:38:48
ORD02763,CSTMR0978,2024-10-23,12:17:41
ORD02764,CSTMR0651,2025-12-20,19:15:18
ORD02765,CSTMR0996,2023-02-18,12:16:32
ORD02766,CSTMR0518,2025-01-04,10:58:55
ORD02767,CSTMR0188,2024-10-16,19:10:02
ORD02768,CSTMR0729,2023-07-27,14:03:49
ORD02769,CSTMR0946,2023-06-03,16:58:18
ORD02770,CSTMR0590,2021-03-31,08:27:56
ORD02771,CSTMR0334,2024-05-28,13:37:48
ORD02772,CSTMR0645,2025-04-28,20:03:08
ORD02773,CSTMR0185,2025-08-05,08:15:55
ORD02774,CSTMR0346,2024-10-08,11:19:24
ORD02775,CSTMR0338,2022-09-28,12:40:58
ORD02776,CSTMR0247,2025-02-23,20:52:21
ORD02777,CSTMR0822,2026-01-22,15:48:13
ORD02778,CSTMR0844,2021-03-12,13:29:15
ORD02779,CSTMR0508,2024-10-07,15:27:39
ORD02780,CSTMR0416,2023-11-09,13:13:18
ORD02781,CSTMR0191,2023-12-16,11:54:28
ORD02782,CSTMR0456,2025-04-22,08:19:56
ORD02783,CSTMR0732,2022-12-12,11:07:18
ORD02784,CSTMR0971,2026-05-24,10:46:47
ORD02785,CSTMR0851,2026-02-10,14:41:51
ORD02786,CSTMR0178,2021-07-03,22:01:52
ORD02787,CSTMR0090,2025-04-06,20:21:12
ORD02788,CSTMR0190,2025-11-30,19:37:22
ORD02789,CSTMR0497,2026-01-30,16:18:18
ORD02790,CSTMR0961,2023-11-01,13:00:00
ORD02791,CSTMR0817,2022-06-19,21:45:52
ORD02792,CSTMR0139,2023-04-27,20:14:55
ORD02793,CSTMR0553,2024-10-14,15:04:02
ORD02794,CSTMR0788,2024-05-31,13:37:23
ORD02795,CSTMR0481,2025-12-27,12:01:40
ORD02796,CSTMR0254,2023-05-16,08:23:31
ORD02797,CSTMR0631,2024-06-20,21:34:59
ORD02798,CSTMR0447,2023-01-26,13:27:16
ORD02799,CSTMR0951,2021-09-10,21:14:38
ORD02800,CSTMR0440,2022-01-29,12:14:26
ORD02801,CSTMR0717,2023-11-11,09:16:15
ORD02802,CSTMR0218,2025-06-05,08:36:07
ORD02803,CSTMR0329,2026-03-13,13:34:42
ORD02804,CSTMR0481,2022-09-03,16:55:46
ORD02805,CSTMR0792,2021-07-12,21:16:51
ORD02806,CSTMR0731,2021-12-04,13:32:35
ORD02807,CSTMR0464,2026-05-14,20:45:28
ORD02808,CSTMR0903,2025-12-06,22:29:19
ORD02809,CSTMR0709,2024-04-12,09:07:32
ORD02810,CSTMR0923,2023-01-06,17:08:46
ORD02811,CSTMR0513,2022-11-23,12:36:16
ORD02812,CSTMR0570,2025-11-08,21:05:06
ORD02813,CSTMR0842,2021-08-14,17:49:55
ORD02814,CSTMR0989,2022-08-17,17:34:27
ORD02815,CSTMR0712,2024-04-23,12:55:13
ORD02816,CSTMR0897,2025-06-08,09:15:59
ORD02817,CSTMR0866,2023-06-17,15:57:36
ORD02818,CSTMR0722,2022-02-27,13:52:06
ORD02819,CSTMR0810,2023-04-05,15:26:05
ORD02820,CSTMR0305,2023-12-17,12:28:21
ORD02821,CSTMR1000,2022-09-01,13:23:47
ORD02822,CSTMR0649,2025-07-21,20:51:26
ORD02823,CSTMR0543,2025-11-21,21:53:45
ORD02824,CSTMR0845,2022-11-14,16:04:05
ORD02825,CSTMR0424,2025-12-29,08:49:08
ORD02826,CSTMR0762,2021-05-23,15:24:25
ORD02827,CSTMR0809,2022-08-28,16:33:15
ORD02828,CSTMR0529,2025-03-20,21:12:39
ORD02829,CSTMR0446,2025-12-31,13:11:46
ORD02830,CSTMR0721,2026-03-16,15:05:15
ORD02831,CSTMR0877,2023-09-10,12:24:55
ORD02832,CSTMR0432,2026-04-05,20:40:07
ORD02833,CSTMR0921,2024-08-08,19:57:18
ORD02834,CSTMR0200,2026-02-01,13:16:17
ORD02835,CSTMR0977,2021-07-06,10:37:56
ORD02836,CSTMR0359,2023-01-16,20:00:28
ORD02837,CSTMR0731,2023-07-22,18:02:03
ORD02838,CSTMR0424,2026-01-31,19:16:53
ORD02839,CSTMR0992,2022-12-12,11:28:47
ORD02840,CSTMR0045,2023-08-04,20:28:19
ORD02841,CSTMR0559,2025-09-04,12:35:10
ORD02842,CSTMR0465,2025-11-21,13:48:18
ORD02843,CSTMR0303,2024-02-29,09:21:05
ORD02844,CSTMR0529,2023-03-29,16:55:22
ORD02845,CSTMR0922,2026-04-20,20:54:13
ORD02846,CSTMR0624,2022-02-03,10:17:33
ORD02847,CSTMR0882,2025-07-21,08:55:44
ORD02848,CSTMR0104,2023-10-03,16:23:25
ORD02849,CSTMR0062,2023-05-26,20:10:48
ORD02850,CSTMR0795,2024-05-20,15:18:38
ORD02851,CSTMR0440,2024-03-19,14:07:01
ORD02852,CSTMR0296,2023-08-18,12:44:46
ORD02853,CSTMR0980,2024-07-18,10:22:07
ORD02854,CSTMR0214,2024-11-22,13:47:04
ORD02855,CSTMR0215,2022-04-05,20:14:50
ORD02856,CSTMR0572,2026-04-26,12:53:22
ORD02857,CSTMR0729,2022-02-07,14:39:28
ORD02858,CSTMR0656,2023-05-05,13:33:31
ORD02859,CSTMR0699,2025-05-16,11:03:04
ORD02860,CSTMR0410,2025-08-13,11:48:20
ORD02861,CSTMR0093,2026-01-10,22:58:54
ORD02862,CSTMR0652,2023-01-16,22:41:42
ORD02863,CSTMR0531,2025-09-18,17:30:53
ORD02864,CSTMR0558,2022-04-20,16:01:12
ORD02865,CSTMR0458,2024-07-28,22:26:05
ORD02866,CSTMR0278,2026-04-11,15:45:57
ORD02867,CSTMR0518,2023-06-10,20:56:50
ORD02868,CSTMR0821,2026-05-31,17:27:30
ORD02869,CSTMR0572,2023-07-11,19:23:33
ORD02870,CSTMR0845,2023-10-27,20:02:32
ORD02871,CSTMR0919,2026-02-24,08:36:25
ORD02872,CSTMR0776,2023-07-09,20:28:12
ORD02873,CSTMR0702,2023-12-17,12:51:29
ORD02874,CSTMR0932,2023-01-27,16:27:46
ORD02875,CSTMR0191,2026-04-22,11:08:09
ORD02876,CSTMR0949,2025-12-12,18:58:48
ORD02877,CSTMR0538,2023-11-01,16:21:13
ORD02878,CSTMR0186,2022-12-03,12:32:46
ORD02879,CSTMR0472,2025-02-21,14:04:36
ORD02880,CSTMR0632,2023-05-11,10:27:48
ORD02881,CSTMR0010,2023-05-07,13:07:09
ORD02882,CSTMR0589,2026-01-04,11:15:58
ORD02883,CSTMR0085,2025-11-08,19:31:44
ORD02884,CSTMR0662,2024-06-09,16:56:02
ORD02885,CSTMR0289,2025-07-20,14:44:46
ORD02886,CSTMR0549,2026-01-23,08:37:56
ORD02887,CSTMR0756,2023-02-13,16:40:33
ORD02888,CSTMR0993,2021-09-13,15:18:59
ORD02889,CSTMR0943,2022-09-09,16:48:52
ORD02890,CSTMR0910,2024-01-11,21:32:46
ORD02891,CSTMR0397,2025-06-02,16:22:16
ORD02892,CSTMR0961,2022-12-19,19:20:14
ORD02893,CSTMR0896,2024-03-26,19:11:33
ORD02894,CSTMR0556,2025-03-28,19:19:04
ORD02895,CSTMR0122,2025-09-26,12:34:15
ORD02896,CSTMR0066,2022-07-08,21:21:12
ORD02897,CSTMR0057,2023-03-14,13:22:07
ORD02898,CSTMR0615,2024-07-11,21:41:38
ORD02899,CSTMR0696,2025-08-14,22:34:07
ORD02900,CSTMR0557,2025-08-30,13:47:16
ORD02901,CSTMR0607,2023-06-05,19:02:13
ORD02902,CSTMR0972,2023-09-29,20:39:58
ORD02903,CSTMR0501,2024-08-02,21:32:27
ORD02904,CSTMR0435,2025-07-12,21:56:50
ORD02905,CSTMR0364,2022-12-16,21:34:39
ORD02906,CSTMR0764,2024-08-02,12:36:25
ORD02907,CSTMR0030,2023-10-09,13:11:19
ORD02908,CSTMR0398,2021-11-10,10:01:18
ORD02909,CSTMR0274,2026-02-25,20:38:29
ORD02910,CSTMR0995,2023-09-07,12:03:40
ORD02911,CSTMR0147,2023-03-27,18:18:19
ORD02912,CSTMR0739,2022-12-07,10:19:24
ORD02913,CSTMR0614,2022-11-03,09:57:15
ORD02914,CSTMR0821,2025-05-31,21:07:19
ORD02915,CSTMR0789,2025-05-04,13:42:55
ORD02916,CSTMR0482,2026-05-18,21:56:35
ORD02917,CSTMR0896,2023-07-28,21:26:49
ORD02918,CSTMR0023,2026-03-15,16:35:21
ORD02919,CSTMR0889,2023-12-25,21:45:25
ORD02920,CSTMR0968,2022-11-05,17:57:27
ORD02921,CSTMR0743,2022-08-22,15:12:57
ORD02922,CSTMR0717,2021-10-21,20:06:39
ORD02923,CSTMR0055,2021-12-04,13:33:52
ORD02924,CSTMR0797,2024-06-23,21:42:37
ORD02925,CSTMR0724,2024-08-24,15:19:56
ORD02926,CSTMR0429,2026-02-27,14:08:45
ORD02927,CSTMR0934,2025-08-05,20:45:02
ORD02928,CSTMR0749,2023-07-11,10:11:35
ORD02929,CSTMR0289,2023-01-06,20:20:37
ORD02930,CSTMR0847,2024-03-16,22:36:09
ORD02931,CSTMR0884,2023-08-04,21:42:12
ORD02932,CSTMR0421,2024-01-18,19:26:34
ORD02933,CSTMR0882,2022-09-12,17:51:21
ORD02934,CSTMR0690,2025-03-12,11:29:37
ORD02935,CSTMR0958,2023-04-23,19:38:14
ORD02936,CSTMR0174,2024-12-26,11:37:38
ORD02937,CSTMR0621,2026-02-13,13:09:13
ORD02938,CSTMR0280,2026-04-12,19:34:27
ORD02939,CSTMR0059,2023-05-26,15:32:25
ORD02940,CSTMR0808,2021-10-24,11:00:13
ORD02941,CSTMR0225,2023-04-21,18:59:14
ORD02942,CSTMR0558,2022-07-01,15:16:19
ORD02943,CSTMR0117,2025-11-24,09:19:00
ORD02944,CSTMR0881,2022-03-24,19:57:56
ORD02945,CSTMR0998,2023-11-29,08:20:36
ORD02946,CSTMR0099,2025-08-16,22:08:00
ORD02947,CSTMR0353,2021-11-13,08:44:45
ORD02948,CSTMR0114,2022-01-22,11:32:41
ORD02949,CSTMR0714,2023-05-15,16:49:35
ORD02950,CSTMR0132,2023-03-21,12:09:36
ORD02951,CSTMR0185,2022-09-22,14:15:47
ORD02952,CSTMR0983,2025-05-06,18:02:32
ORD02953,CSTMR0472,2024-04-04,21:00:37
ORD02954,CSTMR0048,2022-07-19,08:35:46
ORD02955,CSTMR0723,2026-01-14,11:05:43
ORD02956,CSTMR0216,2021-11-03,22:48:38
ORD02957,CSTMR0671,2021-11-09,11:37:53
ORD02958,CSTMR0372,2025-10-02,19:32:12
ORD02959,CSTMR0891,2022-09-22,22:38:19
ORD02960,CSTMR0758,2022-02-01,20:57:45
ORD02961,CSTMR0566,2025-05-20,19:59:47
ORD02962,CSTMR0980,2023-03-10,13:10:01
ORD02963,CSTMR0516,2023-01-20,21:28:45
ORD02964,CSTMR0465,2024-01-01,20:16:49
ORD02965,CSTMR0894,2022-03-05,21:20:24
ORD02966,CSTMR0533,2024-01-17,12:51:26
ORD02967,CSTMR0709,2022-05-01,16:59:17
ORD02968,CSTMR0579,2024-01-25,12:21:47
ORD02969,CSTMR0479,2023-08-15,14:09:30
ORD02970,CSTMR0637,2024-10-18,08:26:09
ORD02971,CSTMR0487,2024-09-18,12:04:11
ORD02972,CSTMR0974,2022-11-27,13:01:37
ORD02973,CSTMR0940,2021-06-11,08:08:57
ORD02974,CSTMR0509,2022-10-18,12:29:39
ORD02975,CSTMR0928,2025-11-28,14:22:17
ORD02976,CSTMR0945,2023-08-17,21:42:52
ORD02977,CSTMR0763,2025-10-21,11:33:23
ORD02978,CSTMR0232,2023-11-22,12:14:26
ORD02979,CSTMR0415,2024-10-19,13:51:28
ORD02980,CSTMR0418,2026-02-22,16:50:10
ORD02981,CSTMR0714,2025-09-14,19:03:18
ORD02982,CSTMR0597,2022-12-27,12:35:04
ORD02983,CSTMR0425,2023-07-06,22:05:24
ORD02984,CSTMR0749,2023-03-15,11:27:15
ORD02985,CSTMR0415,2024-04-06,19:20:50
ORD02986,CSTMR0166,2023-07-04,15:34:41
ORD02987,CSTMR0312,2025-03-29,13:25:18
ORD02988,CSTMR0523,2023-05-25,13:06:10
ORD02989,CSTMR0949,2023-11-24,20:03:50
ORD02990,CSTMR0925,2023-08-19,14:36:35
ORD02991,CSTMR0947,2022-07-28,11:48:59
ORD02992,CSTMR0536,2025-02-08,19:08:29
ORD02993,CSTMR0150,2024-07-09,20:27:43
ORD02994,CSTMR0647,2022-10-31,09:27:08
ORD02995,CSTMR0205,2025-06-06,22:24:40
ORD02996,CSTMR0202,2023-11-07,17:22:31
ORD02997,CSTMR0540,2021-02-14,17:57:05
ORD02998,CSTMR0576,2026-03-14,10:11:01
ORD02999,CSTMR0702,2023-11-25,09:37:46
ORD03000,CSTMR0359,2022-09-04,13:46:09
ORD03001,CSTMR0104,2023-07-08,13:41:34
ORD03002,CSTMR0488,2024-02-23,08:45:27
ORD03003,CSTMR0032,2025-12-02,13:48:44
ORD03004,CSTMR0180,2022-10-15,11:41:00
ORD03005,CSTMR0666,2021-09-12,19:21:39
ORD03006,CSTMR0850,2023-09-13,10:16:00
ORD03007,CSTMR0841,2024-04-13,11:29:30
ORD03008,CSTMR0178,2021-04-26,09:18:51
ORD03009,CSTMR0115,2021-09-04,16:26:04
ORD03010,CSTMR0944,2023-12-04,20:44:37
ORD03011,CSTMR0817,2022-01-11,11:12:16
ORD03012,CSTMR0274,2024-01-08,18:10:12
ORD03013,CSTMR0640,2022-02-18,21:10:24
ORD03014,CSTMR0349,2026-03-23,22:32:00
ORD03015,CSTMR0807,2026-01-31,15:25:58
ORD03016,CSTMR0593,2023-01-19,12:44:11
ORD03017,CSTMR0096,2023-07-03,22:11:46
ORD03018,CSTMR0658,2025-02-19,15:55:59
ORD03019,CSTMR0090,2021-06-25,14:24:32
ORD03020,CSTMR0489,2025-01-03,21:45:11
ORD03021,CSTMR0247,2023-04-23,19:54:01
ORD03022,CSTMR0573,2022-06-18,20:35:34
ORD03023,CSTMR0586,2024-05-11,16:42:48
ORD03024,CSTMR0676,2023-02-07,19:35:41
ORD03025,CSTMR0964,2023-06-17,22:24:09
ORD03026,CSTMR0139,2022-08-15,13:49:57
ORD03027,CSTMR0578,2022-02-28,20:44:19
ORD03028,CSTMR0253,2023-04-04,16:45:50
ORD03029,CSTMR0391,2023-01-17,17:10:54
ORD03030,CSTMR0434,2026-03-06,16:33:56
ORD03031,CSTMR0290,2024-05-19,12:18:18
ORD03032,CSTMR0264,2026-03-30,20:34:46
ORD03033,CSTMR0048,2024-02-15,13:56:53
ORD03034,CSTMR0188,2023-08-11,22:23:16
ORD03035,CSTMR0529,2025-11-30,11:20:42
ORD03036,CSTMR0461,2025-12-30,12:26:40
ORD03037,CSTMR0239,2025-11-30,11:52:44
ORD03038,CSTMR0347,2022-06-02,13:41:51
ORD03039,CSTMR0363,2021-07-03,11:47:51
ORD03040,CSTMR0853,2025-01-18,11:46:00
ORD03041,CSTMR0024,2025-01-14,20:39:01
ORD03042,CSTMR0194,2022-09-02,13:51:55
ORD03043,CSTMR0330,2026-04-05,12:39:13
ORD03044,CSTMR0350,2023-06-13,15:30:12
ORD03045,CSTMR0776,2025-12-21,17:07:02
ORD03046,CSTMR0419,2025-05-12,20:06:01
ORD03047,CSTMR0594,2025-10-18,22:46:58
ORD03048,CSTMR0738,2025-12-12,20:08:33
ORD03049,CSTMR0139,2022-05-01,13:26:49
ORD03050,CSTMR0904,2021-02-22,14:24:40
ORD03051,CSTMR0750,2023-03-05,14:55:01
ORD03052,CSTMR0090,2022-07-11,17:28:47
ORD03053,CSTMR0878,2024-06-28,21:32:25
ORD03054,CSTMR0316,2025-12-07,15:33:37
ORD03055,CSTMR0861,2023-05-05,21:50:10
ORD03056,CSTMR0505,2022-11-25,13:10:30
ORD03057,CSTMR0750,2022-02-02,12:32:36
ORD03058,CSTMR0759,2025-11-04,22:39:35
ORD03059,CSTMR0682,2025-12-21,10:12:10
ORD03060,CSTMR0864,2021-12-06,22:22:15
ORD03061,CSTMR0573,2022-06-11,18:54:25
ORD03062,CSTMR0592,2025-07-08,15:14:18
ORD03063,CSTMR0193,2026-05-31,10:58:41
ORD03064,CSTMR0709,2025-01-03,13:12:21
ORD03065,CSTMR0812,2024-07-09,13:04:00
ORD03066,CSTMR0187,2023-05-29,10:25:09
ORD03067,CSTMR0388,2024-09-29,18:45:43
ORD03068,CSTMR0704,2025-08-16,12:55:47
ORD03069,CSTMR0845,2025-01-31,17:49:47
ORD03070,CSTMR0321,2025-02-15,21:47:11
ORD03071,CSTMR0885,2022-03-10,08:48:04
ORD03072,CSTMR0321,2024-09-12,21:07:01
ORD03073,CSTMR0255,2021-10-18,22:15:46
ORD03074,CSTMR0480,2025-02-21,21:48:25
ORD03075,CSTMR0176,2023-11-08,17:47:11
ORD03076,CSTMR0155,2023-12-14,16:10:33
ORD03077,CSTMR0987,2026-02-10,21:59:37
ORD03078,CSTMR0688,2024-03-07,21:42:26
ORD03079,CSTMR0227,2023-03-22,14:46:59
ORD03080,CSTMR0056,2024-12-13,12:24:53
ORD03081,CSTMR0698,2021-01-16,13:35:25
ORD03082,CSTMR0784,2024-10-19,11:56:33
ORD03083,CSTMR0822,2023-05-31,14:08:47
ORD03084,CSTMR0236,2023-03-09,16:52:19
ORD03085,CSTMR0389,2022-07-10,15:06:06
ORD03086,CSTMR0754,2025-02-19,18:23:15
ORD03087,CSTMR0493,2023-11-30,17:16:26
ORD03088,CSTMR0406,2024-10-08,16:27:26
ORD03089,CSTMR0687,2025-03-19,18:09:24
ORD03090,CSTMR0459,2025-08-03,08:21:45
ORD03091,CSTMR0502,2023-01-13,12:55:31
ORD03092,CSTMR0965,2025-01-22,12:28:58
ORD03093,CSTMR0954,2023-11-24,15:18:51
ORD03094,CSTMR0137,2026-01-24,22:48:02
ORD03095,CSTMR0348,2022-01-02,14:45:31
ORD03096,CSTMR0155,2024-04-11,18:36:25
ORD03097,CSTMR0984,2026-02-07,21:57:25
ORD03098,CSTMR0447,2024-07-06,11:45:03
ORD03099,CSTMR0546,2025-04-01,12:30:40
ORD03100,CSTMR0664,2024-12-04,22:29:48
ORD03101,CSTMR0162,2022-05-11,13:57:47
ORD03102,CSTMR0567,2023-09-26,15:18:56
ORD03103,CSTMR0497,2023-06-24,16:54:31
ORD03104,CSTMR0227,2023-04-30,10:28:22
ORD03105,CSTMR0543,2023-02-01,13:29:38
ORD03106,CSTMR0113,2025-10-11,21:12:03
ORD03107,CSTMR0335,2026-04-21,13:03:40
ORD03108,CSTMR0038,2024-04-05,16:08:04
ORD03109,CSTMR0064,2023-12-03,21:08:13
ORD03110,CSTMR0868,2023-05-28,19:31:00
ORD03111,CSTMR0160,2022-10-18,18:09:33
ORD03112,CSTMR0496,2023-03-20,21:55:37
ORD03113,CSTMR0471,2026-04-24,20:54:35
ORD03114,CSTMR0991,2024-02-26,15:43:05
ORD03115,CSTMR0867,2025-01-17,19:57:10
ORD03116,CSTMR0883,2023-01-10,20:52:01
ORD03117,CSTMR0393,2023-02-04,08:19:25
ORD03118,CSTMR0999,2022-01-21,14:00:30
ORD03119,CSTMR0253,2021-04-12,20:33:50
ORD03120,CSTMR0678,2023-03-12,10:02:22
ORD03121,CSTMR0241,2025-01-10,11:54:37
ORD03122,CSTMR0712,2026-03-12,17:36:26
ORD03123,CSTMR0742,2023-08-14,21:11:11
ORD03124,CSTMR0551,2022-06-04,18:28:45
ORD03125,CSTMR0877,2024-04-17,21:05:42
ORD03126,CSTMR0071,2024-06-23,12:15:16
ORD03127,CSTMR0389,2024-06-25,08:55:56
ORD03128,CSTMR0593,2023-04-01,19:29:08
ORD03129,CSTMR0280,2021-09-19,15:34:20
ORD03130,CSTMR0649,2024-07-16,11:16:33
ORD03131,CSTMR0824,2023-04-08,12:27:21
ORD03132,CSTMR0651,2024-05-19,08:32:43
ORD03133,CSTMR0440,2024-07-06,11:42:04
ORD03134,CSTMR0706,2025-05-28,12:22:11
ORD03135,CSTMR0421,2025-11-13,21:58:58
ORD03136,CSTMR0568,2024-07-09,15:58:36
ORD03137,CSTMR0168,2022-05-13,22:05:59
ORD03138,CSTMR0148,2023-05-26,15:24:02
ORD03139,CSTMR0313,2023-05-26,09:03:23
ORD03140,CSTMR0912,2025-03-07,10:47:58
ORD03141,CSTMR0283,2022-11-13,09:56:52
ORD03142,CSTMR0106,2025-09-25,11:33:47
ORD03143,CSTMR0936,2024-07-05,19:02:57
ORD03144,CSTMR0352,2023-03-23,11:15:55
ORD03145,CSTMR0550,2023-10-14,10:28:30
ORD03146,CSTMR0851,2024-01-12,08:42:29
ORD03147,CSTMR0963,2026-04-12,08:35:47
ORD03148,CSTMR0629,2024-11-07,14:03:14
ORD03149,CSTMR0949,2022-06-21,08:52:51
ORD03150,CSTMR0459,2025-04-11,20:22:11
ORD03151,CSTMR0333,2022-07-31,12:45:05
ORD03152,CSTMR0671,2024-04-07,10:04:32
ORD03153,CSTMR0825,2022-01-22,20:43:23
ORD03154,CSTMR0597,2025-11-01,22:40:25
ORD03155,CSTMR0424,2022-12-27,19:48:31
ORD03156,CSTMR0209,2025-11-19,19:40:26
ORD03157,CSTMR0722,2022-11-04,11:16:28
ORD03158,CSTMR0660,2022-11-29,22:08:27
ORD03159,CSTMR0485,2023-12-15,19:32:02
ORD03160,CSTMR0285,2022-04-03,22:01:07
ORD03161,CSTMR0320,2024-06-23,11:39:13
ORD03162,CSTMR0887,2021-11-19,13:55:53
ORD03163,CSTMR0650,2022-11-03,16:04:53
ORD03164,CSTMR0931,2026-02-06,19:30:13
ORD03165,CSTMR0375,2022-04-19,14:28:02
ORD03166,CSTMR0708,2021-12-24,19:16:10
ORD03167,CSTMR0765,2025-08-17,16:08:23
ORD03168,CSTMR0306,2022-11-13,13:37:02
ORD03169,CSTMR0228,2026-04-25,14:00:26
ORD03170,CSTMR0200,2024-08-08,18:31:56
ORD03171,CSTMR0220,2024-06-09,16:59:00
ORD03172,CSTMR0108,2023-12-13,19:26:21
ORD03173,CSTMR0706,2026-03-29,08:42:55
ORD03174,CSTMR0990,2026-01-09,22:20:00
ORD03175,CSTMR0552,2025-09-14,16:53:51
ORD03176,CSTMR0466,2021-04-23,16:09:24
ORD03177,CSTMR0845,2024-06-21,12:57:13
ORD03178,CSTMR0019,2024-08-09,16:05:24
ORD03179,CSTMR0513,2022-05-22,13:01:10
ORD03180,CSTMR0974,2026-04-19,22:51:09
ORD03181,CSTMR0241,2022-05-14,19:50:39
ORD03182,CSTMR0383,2023-06-11,12:23:05
ORD03183,CSTMR0420,2022-01-05,13:02:44
ORD03184,CSTMR0160,2024-04-12,18:30:55
ORD03185,CSTMR0600,2024-02-01,20:28:51
ORD03186,CSTMR0838,2026-02-22,17:17:35
ORD03187,CSTMR0051,2022-12-09,13:09:20
ORD03188,CSTMR0151,2023-04-02,08:15:41
ORD03189,CSTMR0962,2023-04-25,21:35:45
ORD03190,CSTMR0109,2023-06-16,22:59:53
ORD03191,CSTMR0058,2023-12-08,10:09:12
ORD03192,CSTMR0333,2022-03-23,19:58:04
ORD03193,CSTMR0033,2022-11-20,14:55:50
ORD03194,CSTMR0179,2024-11-19,17:06:58
ORD03195,CSTMR0764,2024-11-10,13:36:22
ORD03196,CSTMR0890,2025-07-05,16:54:30
ORD03197,CSTMR0130,2025-06-08,09:59:23
ORD03198,CSTMR0155,2024-10-18,13:34:32
ORD03199,CSTMR0714,2023-08-08,13:08:49
ORD03200,CSTMR0629,2021-10-18,19:26:49
ORD03201,CSTMR0765,2023-09-05,19:21:27
ORD03202,CSTMR0710,2025-12-28,20:24:51
ORD03203,CSTMR0260,2022-09-29,22:17:38
ORD03204,CSTMR0843,2024-10-30,09:40:57
ORD03205,CSTMR0290,2022-05-27,22:24:53
ORD03206,CSTMR0203,2022-08-21,13:40:36
ORD03207,CSTMR0155,2023-11-09,18:10:20
ORD03208,CSTMR0131,2023-12-23,14:02:25
ORD03209,CSTMR0470,2024-11-09,20:25:44
ORD03210,CSTMR0885,2021-06-10,11:40:49
ORD03211,CSTMR0108,2026-02-07,13:49:33
ORD03212,CSTMR0545,2025-09-24,12:15:40
ORD03213,CSTMR0327,2024-08-15,09:30:47
ORD03214,CSTMR0462,2023-01-04,16:30:15
ORD03215,CSTMR0904,2024-06-17,12:18:26
ORD03216,CSTMR0959,2026-03-24,09:51:47
ORD03217,CSTMR0420,2022-04-03,21:50:23
ORD03218,CSTMR0086,2025-10-22,21:43:29
ORD03219,CSTMR0624,2025-10-20,21:13:20
ORD03220,CSTMR0976,2024-03-16,14:47:30
ORD03221,CSTMR0266,2025-02-15,12:17:56
ORD03222,CSTMR0208,2022-03-19,21:10:34
ORD03223,CSTMR0640,2022-07-10,21:38:08
ORD03224,CSTMR0485,2023-09-21,16:27:10
ORD03225,CSTMR0454,2023-07-29,20:00:07
ORD03226,CSTMR0056,2024-01-16,12:28:35
ORD03227,CSTMR0859,2023-06-11,19:11:46
ORD03228,CSTMR0987,2026-05-16,14:05:00
ORD03229,CSTMR0961,2023-01-07,17:43:51
ORD03230,CSTMR0720,2023-04-10,20:10:54
ORD03231,CSTMR0616,2024-08-23,11:44:49
ORD03232,CSTMR0777,2024-06-14,12:25:32
ORD03233,CSTMR0846,2025-10-11,13:13:14
ORD03234,CSTMR0937,2025-07-24,20:46:05
ORD03235,CSTMR0347,2021-11-10,16:56:55
ORD03236,CSTMR0822,2024-02-04,20:37:01
ORD03237,CSTMR0174,2026-02-21,17:06:15
ORD03238,CSTMR0378,2025-05-29,19:14:06
ORD03239,CSTMR0104,2023-12-28,13:30:02
ORD03240,CSTMR0620,2023-01-09,11:13:19
ORD03241,CSTMR0098,2022-04-27,13:06:49
ORD03242,CSTMR0488,2022-04-26,11:09:00
ORD03243,CSTMR0095,2021-11-16,19:26:49
ORD03244,CSTMR0988,2025-07-27,09:45:01
ORD03245,CSTMR0317,2026-05-04,10:20:04
ORD03246,CSTMR0319,2025-08-25,13:37:48
ORD03247,CSTMR0393,2022-12-23,21:39:34
ORD03248,CSTMR0616,2024-11-11,12:54:41
ORD03249,CSTMR0545,2023-05-27,17:24:47
ORD03250,CSTMR0890,2022-08-24,20:55:57
ORD03251,CSTMR0052,2025-02-23,21:51:45
ORD03252,CSTMR0538,2025-06-07,09:41:04
ORD03253,CSTMR0648,2024-06-13,09:56:36
ORD03254,CSTMR0654,2022-05-01,20:14:43
ORD03255,CSTMR0405,2022-05-04,19:36:40
ORD03256,CSTMR0478,2023-05-09,21:39:03
ORD03257,CSTMR0416,2021-08-29,22:34:52
ORD03258,CSTMR0660,2024-12-24,22:26:15
ORD03259,CSTMR0645,2026-01-15,13:48:37
ORD03260,CSTMR0174,2025-09-15,15:23:26
ORD03261,CSTMR0476,2024-09-21,21:16:33
ORD03262,CSTMR0083,2024-05-06,21:59:17
ORD03263,CSTMR0541,2025-06-11,12:50:42
ORD03264,CSTMR0480,2023-12-17,13:57:45
ORD03265,CSTMR0536,2024-12-31,12:17:43
ORD03266,CSTMR0676,2026-05-01,13:09:41
ORD03267,CSTMR0362,2025-08-05,12:03:02
ORD03268,CSTMR0564,2021-07-23,13:36:32
ORD03269,CSTMR0102,2024-12-23,17:04:56
ORD03270,CSTMR0517,2023-12-07,19:34:31
ORD03271,CSTMR0183,2023-10-25,13:43:09
ORD03272,CSTMR0486,2023-12-19,10:16:40
ORD03273,CSTMR0304,2023-01-21,21:55:07
ORD03274,CSTMR0397,2024-06-27,19:18:22
ORD03275,CSTMR0085,2022-09-27,20:30:59
ORD03276,CSTMR0865,2024-02-14,18:09:15
ORD03277,CSTMR0274,2025-03-09,10:13:10
ORD03278,CSTMR0865,2023-07-11,10:53:06
ORD03279,CSTMR0222,2023-03-31,19:40:20
ORD03280,CSTMR0772,2023-11-02,16:58:15
ORD03281,CSTMR0585,2024-06-29,19:45:23
ORD03282,CSTMR0930,2023-12-13,08:04:40
ORD03283,CSTMR0058,2024-03-08,11:45:55
ORD03284,CSTMR0378,2023-09-26,18:08:29
ORD03285,CSTMR0467,2022-10-31,21:49:57
ORD03286,CSTMR0768,2025-07-10,16:33:43
ORD03287,CSTMR0351,2025-02-13,20:21:32
ORD03288,CSTMR0197,2022-11-28,19:37:01
ORD03289,CSTMR0579,2025-04-09,15:22:49
ORD03290,CSTMR0171,2023-07-09,13:03:02
ORD03291,CSTMR0161,2022-04-03,22:02:37
ORD03292,CSTMR0763,2025-09-22,09:48:30
ORD03293,CSTMR0068,2022-12-21,17:15:29
ORD03294,CSTMR0868,2025-05-02,14:05:31
ORD03295,CSTMR0283,2022-07-11,13:47:50
ORD03296,CSTMR0492,2024-05-11,19:00:40
ORD03297,CSTMR0687,2022-06-20,08:21:19
ORD03298,CSTMR0837,2025-09-04,13:23:30
ORD03299,CSTMR0919,2023-10-27,13:50:17
ORD03300,CSTMR0687,2025-03-30,20:02:08
ORD03301,CSTMR0517,2022-09-03,20:15:32
ORD03302,CSTMR0705,2025-07-20,16:06:27
ORD03303,CSTMR0994,2023-04-14,20:19:36
ORD03304,CSTMR0509,2025-05-15,15:44:52
ORD03305,CSTMR0158,2021-10-18,18:54:33
ORD03306,CSTMR0056,2024-07-26,13:16:08
ORD03307,CSTMR0686,2025-06-27,20:33:50
ORD03308,CSTMR0424,2024-10-06,18:51:22
ORD03309,CSTMR0295,2024-05-20,13:08:45
ORD03310,CSTMR0121,2023-04-19,12:06:29
ORD03311,CSTMR0375,2024-11-23,13:24:37
ORD03312,CSTMR0670,2022-03-23,19:05:39
ORD03313,CSTMR0743,2024-03-09,09:30:16
ORD03314,CSTMR0404,2024-12-25,09:48:04
ORD03315,CSTMR0119,2026-04-21,12:26:26
ORD03316,CSTMR0359,2025-12-15,13:07:45
ORD03317,CSTMR0308,2023-02-18,22:50:00
ORD03318,CSTMR0797,2023-07-16,11:24:37
ORD03319,CSTMR0778,2022-10-27,09:15:09
ORD03320,CSTMR0239,2023-06-15,10:04:28
ORD03321,CSTMR0943,2021-06-02,13:57:02
ORD03322,CSTMR0190,2025-06-02,17:11:46
ORD03323,CSTMR0688,2026-03-25,21:00:36
ORD03324,CSTMR0132,2023-10-08,10:50:22
ORD03325,CSTMR0357,2024-11-14,11:37:28
ORD03326,CSTMR0696,2021-03-21,13:08:31
ORD03327,CSTMR0688,2026-04-22,13:31:02
ORD03328,CSTMR0798,2026-03-15,12:30:31
ORD03329,CSTMR0332,2023-05-22,18:33:57
ORD03330,CSTMR0900,2023-01-29,18:43:37
ORD03331,CSTMR0971,2024-04-10,22:14:01
ORD03332,CSTMR0206,2025-03-18,15:47:09
ORD03333,CSTMR0971,2024-07-29,20:06:42
ORD03334,CSTMR0739,2025-04-01,17:56:15
ORD03335,CSTMR0546,2025-01-21,11:02:04
ORD03336,CSTMR0527,2026-05-13,17:13:22
ORD03337,CSTMR0523,2023-03-10,22:09:57
ORD03338,CSTMR0251,2026-03-18,21:23:45
ORD03339,CSTMR0174,2026-04-30,21:26:38
ORD03340,CSTMR0246,2025-03-19,17:58:52
ORD03341,CSTMR0036,2025-10-09,22:23:28
ORD03342,CSTMR0533,2023-09-02,22:08:06
ORD03343,CSTMR0813,2025-09-19,21:27:16
ORD03344,CSTMR0292,2024-02-04,21:46:48
ORD03345,CSTMR0990,2024-02-20,08:19:36
ORD03346,CSTMR0172,2026-03-25,19:10:48
ORD03347,CSTMR0158,2023-09-19,18:33:24
ORD03348,CSTMR0937,2023-09-30,15:56:09
ORD03349,CSTMR0539,2022-04-18,19:31:26
ORD03350,CSTMR0443,2023-10-13,16:34:34
ORD03351,CSTMR0168,2022-06-08,13:31:56
ORD03352,CSTMR0604,2023-05-05,08:54:10
ORD03353,CSTMR0826,2022-12-11,20:59:20
ORD03354,CSTMR0396,2025-11-03,21:47:17
ORD03355,CSTMR0857,2023-10-20,12:25:32
ORD03356,CSTMR0525,2025-12-13,16:14:25
ORD03357,CSTMR0134,2026-01-05,14:54:45
ORD03358,CSTMR0320,2021-07-09,08:38:42
ORD03359,CSTMR0205,2026-03-10,20:51:52
ORD03360,CSTMR0211,2023-12-10,12:42:53
ORD03361,CSTMR0302,2026-05-01,21:21:05
ORD03362,CSTMR0188,2023-07-04,09:31:57
ORD03363,CSTMR0668,2023-12-10,11:37:53
ORD03364,CSTMR0564,2024-02-14,14:57:21
ORD03365,CSTMR0066,2024-01-12,08:55:35
ORD03366,CSTMR0521,2023-02-17,18:34:16
ORD03367,CSTMR0653,2023-01-25,19:55:33
ORD03368,CSTMR0278,2023-11-20,13:25:50
ORD03369,CSTMR0604,2022-07-01,14:53:42
ORD03370,CSTMR0107,2023-07-16,09:38:21
ORD03371,CSTMR0160,2023-02-12,19:51:13
ORD03372,CSTMR0070,2024-07-23,22:30:37
ORD03373,CSTMR0608,2024-05-24,13:11:44
ORD03374,CSTMR0766,2026-02-07,21:50:41
ORD03375,CSTMR0740,2025-12-08,13:08:33
ORD03376,CSTMR0979,2025-02-05,21:09:07
ORD03377,CSTMR0537,2025-11-05,22:02:54
ORD03378,CSTMR0976,2026-01-24,21:28:05
ORD03379,CSTMR0541,2025-09-21,09:48:26
ORD03380,CSTMR0506,2023-02-27,10:26:57
ORD03381,CSTMR0340,2025-08-08,11:21:03
ORD03382,CSTMR0025,2025-05-04,17:34:44
ORD03383,CSTMR0541,2025-04-24,09:40:08
ORD03384,CSTMR0273,2023-08-02,16:40:09
ORD03385,CSTMR0474,2026-05-22,14:34:13
ORD03386,CSTMR0469,2024-05-23,21:25:27
ORD03387,CSTMR0826,2025-11-15,20:52:19
ORD03388,CSTMR0219,2021-10-26,14:00:15
ORD03389,CSTMR0216,2021-10-31,18:22:43
ORD03390,CSTMR0798,2025-11-21,13:38:48
ORD03391,CSTMR0802,2026-05-07,13:46:00
ORD03392,CSTMR0717,2022-12-22,11:58:49
ORD03393,CSTMR0083,2024-05-17,09:08:32
ORD03394,CSTMR0374,2024-07-12,08:26:14
ORD03395,CSTMR0685,2025-05-01,12:33:04
ORD03396,CSTMR0870,2022-12-19,20:24:38
ORD03397,CSTMR0392,2026-02-02,20:41:37
ORD03398,CSTMR0298,2023-04-13,10:50:29
ORD03399,CSTMR0135,2022-11-08,20:26:10
ORD03400,CSTMR0273,2025-05-09,21:12:13
ORD03401,CSTMR0081,2023-04-07,22:29:42
ORD03402,CSTMR0700,2024-02-15,21:52:59
ORD03403,CSTMR0620,2025-03-24,13:14:28
ORD03404,CSTMR0253,2026-03-21,18:14:50
ORD03405,CSTMR0831,2025-12-28,12:41:25
ORD03406,CSTMR0463,2022-09-15,18:04:24
ORD03407,CSTMR0563,2024-01-24,21:58:12
ORD03408,CSTMR0108,2025-08-06,10:23:02
ORD03409,CSTMR0162,2025-08-22,09:52:23
ORD03410,CSTMR0462,2022-11-26,13:37:27
ORD03411,CSTMR0588,2026-04-04,08:10:11
ORD03412,CSTMR0894,2022-03-08,12:39:27
ORD03413,CSTMR0144,2026-01-23,12:37:45
ORD03414,CSTMR0104,2025-04-18,19:26:55
ORD03415,CSTMR0436,2023-01-29,11:38:26
ORD03416,CSTMR0100,2021-05-18,11:27:35
ORD03417,CSTMR0869,2024-05-04,19:47:09
ORD03418,CSTMR0026,2024-05-14,18:54:03
ORD03419,CSTMR0044,2023-02-18,12:41:03
ORD03420,CSTMR0804,2022-12-15,10:31:55
ORD03421,CSTMR0170,2024-07-19,19:02:30
ORD03422,CSTMR0455,2023-08-15,15:34:16
ORD03423,CSTMR0115,2024-11-09,12:05:52
ORD03424,CSTMR0149,2025-12-04,20:39:07
ORD03425,CSTMR0236,2023-01-25,13:44:46
ORD03426,CSTMR0948,2022-08-26,10:34:35
ORD03427,CSTMR0375,2022-01-12,19:14:24
ORD03428,CSTMR0889,2026-02-16,15:20:50
ORD03429,CSTMR0727,2023-03-02,21:53:29
ORD03430,CSTMR0295,2023-06-12,21:44:25
ORD03431,CSTMR0046,2025-02-14,17:48:15
ORD03432,CSTMR0418,2021-07-17,21:40:47
ORD03433,CSTMR0381,2024-10-29,10:02:51
ORD03434,CSTMR0258,2025-06-04,17:15:35
ORD03435,CSTMR0801,2023-06-16,19:34:14
ORD03436,CSTMR0108,2026-03-19,17:44:01
ORD03437,CSTMR0288,2025-12-02,18:33:43
ORD03438,CSTMR0742,2021-10-31,08:29:16
ORD03439,CSTMR0725,2026-02-21,17:31:25
ORD03440,CSTMR0355,2023-10-07,13:02:02
ORD03441,CSTMR0778,2023-11-27,20:19:39
ORD03442,CSTMR0082,2024-05-19,19:04:17
ORD03443,CSTMR0507,2023-03-24,12:51:12
ORD03444,CSTMR0800,2024-04-22,15:52:48
ORD03445,CSTMR0529,2022-11-10,12:52:29
ORD03446,CSTMR0427,2025-03-21,12:52:06
ORD03447,CSTMR0132,2023-06-07,08:20:55
ORD03448,CSTMR0058,2023-01-17,09:41:42
ORD03449,CSTMR0336,2025-01-18,20:44:02
ORD03450,CSTMR0590,2026-05-13,13:31:17
ORD03451,CSTMR0705,2023-08-16,20:52:32
ORD03452,CSTMR0436,2023-05-24,17:27:19
ORD03453,CSTMR1000,2025-06-01,21:36:54
ORD03454,CSTMR0877,2023-07-01,10:58:48
ORD03455,CSTMR0417,2023-01-19,13:20:54
ORD03456,CSTMR0519,2024-09-12,19:18:02
ORD03457,CSTMR0837,2021-05-27,18:37:12
ORD03458,CSTMR0987,2025-11-07,12:51:05
ORD03459,CSTMR0297,2021-02-06,14:31:18
ORD03460,CSTMR0706,2022-11-11,20:00:17
ORD03461,CSTMR0772,2021-07-13,21:47:37
ORD03462,CSTMR0475,2024-02-15,14:17:23
ORD03463,CSTMR0652,2022-05-17,22:55:53
ORD03464,CSTMR0886,2025-02-22,21:43:47
ORD03465,CSTMR0980,2025-12-27,16:40:36
ORD03466,CSTMR0133,2025-06-22,10:51:23
ORD03467,CSTMR0638,2025-01-26,19:56:35
ORD03468,CSTMR0846,2025-02-20,20:08:29
ORD03469,CSTMR0546,2023-12-31,18:32:05
ORD03470,CSTMR0090,2022-12-09,11:17:50
ORD03471,CSTMR0562,2022-10-06,20:09:53
ORD03472,CSTMR0442,2021-07-28,17:40:46
ORD03473,CSTMR0993,2022-11-03,14:50:55
ORD03474,CSTMR0303,2025-11-22,12:49:18
ORD03475,CSTMR0363,2021-03-07,11:15:44
ORD03476,CSTMR0800,2024-05-11,13:35:58
ORD03477,CSTMR0745,2023-03-07,09:52:15
ORD03478,CSTMR0657,2021-02-28,14:03:40
ORD03479,CSTMR0978,2026-04-11,22:29:25
ORD03480,CSTMR0767,2022-05-31,08:47:17
ORD03481,CSTMR0330,2025-02-11,14:24:12
ORD03482,CSTMR0298,2022-05-07,17:29:37
ORD03483,CSTMR0875,2021-10-25,13:01:03
ORD03484,CSTMR0424,2026-05-30,19:29:55
ORD03485,CSTMR0323,2023-01-06,21:08:22
ORD03486,CSTMR0473,2024-12-19,21:53:43
ORD03487,CSTMR0998,2026-04-28,16:24:04
ORD03488,CSTMR0728,2022-02-25,21:30:00
ORD03489,CSTMR0899,2023-12-01,16:59:58
ORD03490,CSTMR0095,2021-08-06,10:45:28
ORD03491,CSTMR0833,2022-05-02,19:30:36
ORD03492,CSTMR0846,2024-03-09,12:12:20
ORD03493,CSTMR0866,2025-05-07,15:44:48
ORD03494,CSTMR0498,2024-11-08,14:05:14
ORD03495,CSTMR0541,2021-02-14,14:54:19
ORD03496,CSTMR0426,2023-06-11,11:29:39
ORD03497,CSTMR0692,2023-05-12,20:23:03
ORD03498,CSTMR0092,2026-02-15,18:37:58
ORD03499,CSTMR0939,2023-08-18,19:34:51
ORD03500,CSTMR0620,2023-05-16,13:04:53
ORD03501,CSTMR0392,2023-06-05,21:04:20
ORD03502,CSTMR0782,2024-11-25,21:17:01
ORD03503,CSTMR0787,2023-11-25,21:46:34
ORD03504,CSTMR0797,2024-05-31,16:40:25
ORD03505,CSTMR0253,2024-10-04,14:18:26
ORD03506,CSTMR0396,2025-09-16,21:24:58
ORD03507,CSTMR0533,2025-06-27,14:42:45
ORD03508,CSTMR0115,2022-08-03,14:47:54
ORD03509,CSTMR0685,2022-07-05,15:26:51
ORD03510,CSTMR0944,2023-03-29,12:58:37
ORD03511,CSTMR0292,2026-02-07,12:49:42
ORD03512,CSTMR0425,2023-10-03,22:34:10
ORD03513,CSTMR0922,2024-02-28,20:19:39
ORD03514,CSTMR0741,2022-08-15,18:59:52
ORD03515,CSTMR0790,2022-11-11,20:52:27
ORD03516,CSTMR0209,2023-04-02,12:05:03
ORD03517,CSTMR0820,2021-12-25,16:39:29
ORD03518,CSTMR0749,2024-02-11,21:56:47
ORD03519,CSTMR0924,2023-08-31,13:34:09
ORD03520,CSTMR0055,2024-09-08,15:10:09
ORD03521,CSTMR0854,2022-12-10,16:51:22
ORD03522,CSTMR0652,2023-02-10,13:24:39
ORD03523,CSTMR0719,2023-09-02,16:20:57
ORD03524,CSTMR0917,2022-02-24,12:19:25
ORD03525,CSTMR0227,2023-02-28,20:30:53
ORD03526,CSTMR0149,2024-05-25,20:52:32
ORD03527,CSTMR0656,2024-03-04,15:37:40
ORD03528,CSTMR0055,2025-07-31,15:08:06
ORD03529,CSTMR0875,2026-01-01,10:17:08
ORD03530,CSTMR0880,2023-09-26,20:33:50
ORD03531,CSTMR0684,2024-09-22,12:47:15
ORD03532,CSTMR0443,2022-10-04,19:09:56
ORD03533,CSTMR0685,2025-02-09,19:37:21
ORD03534,CSTMR0218,2025-10-26,16:48:47
ORD03535,CSTMR0112,2021-05-25,19:57:25
ORD03536,CSTMR0761,2023-05-10,13:11:19
ORD03537,CSTMR0150,2025-09-20,17:45:54
ORD03538,CSTMR0237,2023-03-15,16:23:38
ORD03539,CSTMR0967,2022-07-17,14:11:04
ORD03540,CSTMR0744,2026-02-05,11:14:48
ORD03541,CSTMR0256,2026-03-18,20:44:57
ORD03542,CSTMR0609,2024-05-10,19:55:32
ORD03543,CSTMR0428,2025-07-18,09:22:41
ORD03544,CSTMR0475,2025-04-02,09:38:13
ORD03545,CSTMR0009,2025-07-31,21:31:53
ORD03546,CSTMR0130,2023-06-17,20:57:01
ORD03547,CSTMR0918,2024-09-28,13:51:41
ORD03548,CSTMR0124,2022-02-07,11:28:18
ORD03549,CSTMR0805,2022-07-08,20:00:32
ORD03550,CSTMR0651,2022-06-16,19:40:20
ORD03551,CSTMR0037,2024-12-15,18:42:02
ORD03552,CSTMR0572,2025-03-09,09:10:16
ORD03553,CSTMR0410,2022-12-08,15:52:20
ORD03554,CSTMR0065,2025-02-10,14:17:07
ORD03555,CSTMR0212,2022-11-26,12:56:54
ORD03556,CSTMR0656,2023-04-09,12:25:21
ORD03557,CSTMR0528,2025-01-20,16:45:15
ORD03558,CSTMR0213,2023-08-13,16:03:15
ORD03559,CSTMR0727,2022-09-02,18:44:19
ORD03560,CSTMR0999,2025-12-17,19:20:49
ORD03561,CSTMR0859,2026-04-07,13:25:27
ORD03562,CSTMR0823,2025-08-20,22:57:15
ORD03563,CSTMR0797,2023-07-25,12:56:42
ORD03564,CSTMR0073,2025-11-06,15:06:14
ORD03565,CSTMR0305,2022-07-16,20:34:05
ORD03566,CSTMR0905,2023-09-12,08:25:31
ORD03567,CSTMR0308,2024-07-26,18:32:23
ORD03568,CSTMR0934,2025-01-27,21:08:57
ORD03569,CSTMR0322,2022-11-30,20:27:51
ORD03570,CSTMR0860,2026-01-31,08:07:47
ORD03571,CSTMR0895,2024-02-15,11:14:53
ORD03572,CSTMR0604,2023-04-06,12:02:26
ORD03573,CSTMR0715,2023-03-09,11:01:02
ORD03574,CSTMR0134,2026-03-13,20:55:38
ORD03575,CSTMR0434,2022-01-21,19:50:45
ORD03576,CSTMR0948,2025-08-17,20:18:39
ORD03577,CSTMR0205,2024-07-30,10:41:48
ORD03578,CSTMR0805,2025-12-05,10:32:05
ORD03579,CSTMR0749,2024-08-01,19:59:16
ORD03580,CSTMR0707,2023-03-31,16:41:56
ORD03581,CSTMR0479,2025-05-21,10:35:21
ORD03582,CSTMR0080,2021-01-16,20:20:33
ORD03583,CSTMR0416,2024-02-04,20:53:12
ORD03584,CSTMR0854,2021-06-03,19:56:02
ORD03585,CSTMR0084,2024-11-24,18:54:08
ORD03586,CSTMR0015,2026-05-17,21:52:15
ORD03587,CSTMR0067,2025-08-31,09:19:23
ORD03588,CSTMR0420,2022-06-05,12:54:33
ORD03589,CSTMR0584,2024-11-05,19:28:01
ORD03590,CSTMR0699,2024-11-21,20:20:25
ORD03591,CSTMR0164,2021-09-14,12:56:52
ORD03592,CSTMR0936,2022-01-04,14:00:25
ORD03593,CSTMR0718,2021-09-19,14:43:06
ORD03594,CSTMR0281,2024-04-08,18:42:37
ORD03595,CSTMR0048,2022-03-08,17:08:14
ORD03596,CSTMR0169,2022-08-09,21:18:20
ORD03597,CSTMR0832,2024-05-11,17:19:20
ORD03598,CSTMR0798,2023-04-28,21:28:09
ORD03599,CSTMR0116,2024-08-20,11:30:38
ORD03600,CSTMR0698,2025-08-18,21:08:06
ORD03601,CSTMR0754,2025-03-23,13:39:16
ORD03602,CSTMR0377,2023-04-03,21:55:08
ORD03603,CSTMR0135,2026-05-20,15:30:19
ORD03604,CSTMR0978,2023-11-09,13:09:37
ORD03605,CSTMR0649,2023-09-06,10:04:51
ORD03606,CSTMR0732,2025-12-01,21:50:44
ORD03607,CSTMR0409,2025-11-30,19:38:24
ORD03608,CSTMR0752,2022-10-16,21:00:13
ORD03609,CSTMR0589,2025-02-27,21:01:33
ORD03610,CSTMR0253,2024-06-14,12:59:16
ORD03611,CSTMR0344,2023-08-27,22:32:07
ORD03612,CSTMR0440,2026-04-14,10:58:19
ORD03613,CSTMR0023,2023-04-25,13:29:34
ORD03614,CSTMR0873,2021-11-24,12:53:29
ORD03615,CSTMR0481,2021-03-21,13:22:28
ORD03616,CSTMR0982,2026-03-14,22:06:55
ORD03617,CSTMR0963,2021-10-14,20:14:49
ORD03618,CSTMR0590,2025-04-28,13:12:08
ORD03619,CSTMR0753,2021-08-12,21:20:13
ORD03620,CSTMR0222,2025-03-30,19:47:10
ORD03621,CSTMR0511,2025-07-12,09:18:08
ORD03622,CSTMR0403,2025-06-20,13:49:01
ORD03623,CSTMR0543,2023-05-25,17:46:53
ORD03624,CSTMR0829,2023-07-07,16:14:18
ORD03625,CSTMR0338,2021-07-24,20:43:25
ORD03626,CSTMR0539,2026-05-05,18:58:10
ORD03627,CSTMR0022,2022-02-09,12:53:49
ORD03628,CSTMR0587,2025-06-06,13:12:23
ORD03629,CSTMR0647,2026-05-08,21:04:42
ORD03630,CSTMR0117,2021-01-29,21:00:59
ORD03631,CSTMR0181,2024-05-06,20:02:16
ORD03632,CSTMR0914,2024-05-10,13:46:16
ORD03633,CSTMR0487,2021-03-16,22:26:50
ORD03634,CSTMR0979,2024-05-06,20:47:02
ORD03635,CSTMR0906,2025-10-21,15:56:50
ORD03636,CSTMR0903,2024-12-27,09:26:49
ORD03637,CSTMR0705,2024-05-30,19:09:50
ORD03638,CSTMR0863,2021-08-01,12:11:07
ORD03639,CSTMR0671,2021-08-04,21:10:22
ORD03640,CSTMR0159,2026-01-21,21:15:24
ORD03641,CSTMR0175,2024-10-26,09:41:43
ORD03642,CSTMR0269,2025-11-23,18:58:45
ORD03643,CSTMR0753,2023-02-21,19:12:10
ORD03644,CSTMR0830,2024-12-26,19:13:32
ORD03645,CSTMR0122,2025-06-23,16:03:32
ORD03646,CSTMR0988,2024-01-17,15:12:28
ORD03647,CSTMR0221,2023-03-26,18:49:30
ORD03648,CSTMR0654,2025-11-30,12:39:49
ORD03649,CSTMR0511,2022-03-07,18:58:32
ORD03650,CSTMR0759,2023-01-01,19:18:14
ORD03651,CSTMR0521,2025-01-30,12:43:09
ORD03652,CSTMR0225,2026-04-25,16:46:43
ORD03653,CSTMR0620,2025-09-08,21:49:36
ORD03654,CSTMR0039,2021-04-25,09:11:04
ORD03655,CSTMR0561,2023-01-21,15:11:21
ORD03656,CSTMR0150,2023-12-07,21:40:30
ORD03657,CSTMR0727,2025-10-21,21:18:57
ORD03658,CSTMR0481,2024-03-31,12:18:12
ORD03659,CSTMR0492,2026-01-10,13:58:32
ORD03660,CSTMR0545,2023-06-18,11:06:08
ORD03661,CSTMR0945,2022-10-12,11:44:34
ORD03662,CSTMR0324,2023-10-08,20:27:41
ORD03663,CSTMR0331,2025-07-19,19:44:31
ORD03664,CSTMR0355,2023-02-22,21:15:37
ORD03665,CSTMR0857,2024-01-22,13:53:30
ORD03666,CSTMR0841,2023-05-19,20:13:16
ORD03667,CSTMR0686,2025-12-09,19:17:53
ORD03668,CSTMR0061,2025-10-22,13:44:28
ORD03669,CSTMR0573,2026-04-09,13:55:56
ORD03670,CSTMR0320,2022-03-08,11:31:58
ORD03671,CSTMR0580,2023-02-04,11:34:37
ORD03672,CSTMR0488,2026-03-22,13:07:54
ORD03673,CSTMR0383,2022-04-21,17:44:53
ORD03674,CSTMR0253,2021-11-28,12:25:05
ORD03675,CSTMR0473,2024-10-28,20:49:58
ORD03676,CSTMR0128,2025-03-06,09:04:19
ORD03677,CSTMR0318,2026-05-15,18:01:42
ORD03678,CSTMR0975,2025-10-20,14:50:36
ORD03679,CSTMR0037,2025-04-05,10:31:24
ORD03680,CSTMR0373,2022-01-05,17:50:58
ORD03681,CSTMR0938,2024-07-17,21:21:49
ORD03682,CSTMR0046,2025-09-14,10:51:21
ORD03683,CSTMR0860,2022-01-20,21:40:40
ORD03684,CSTMR0638,2023-05-14,12:05:41
ORD03685,CSTMR0773,2023-01-31,19:07:43
ORD03686,CSTMR0859,2024-12-11,19:21:00
ORD03687,CSTMR0718,2025-02-07,17:10:12
ORD03688,CSTMR0271,2025-10-29,15:56:20
ORD03689,CSTMR0537,2023-10-07,12:39:58
ORD03690,CSTMR0911,2025-01-08,19:55:43
ORD03691,CSTMR0202,2024-03-16,22:56:33
ORD03692,CSTMR0668,2022-09-27,11:37:36
ORD03693,CSTMR0802,2024-07-04,11:50:58
ORD03694,CSTMR0930,2022-08-21,12:00:04
ORD03695,CSTMR0956,2025-12-31,09:56:19
ORD03696,CSTMR0017,2021-11-12,18:46:57
ORD03697,CSTMR0228,2022-12-09,11:07:10
ORD03698,CSTMR0322,2024-03-10,14:55:54
ORD03699,CSTMR0666,2024-03-24,18:49:54
ORD03700,CSTMR0682,2023-06-11,20:20:12
ORD03701,CSTMR0560,2025-07-04,12:25:11
ORD03702,CSTMR0308,2025-08-03,13:04:57
ORD03703,CSTMR0305,2024-02-04,12:18:28
ORD03704,CSTMR0993,2026-03-07,15:50:06
ORD03705,CSTMR0410,2025-08-03,22:51:36
ORD03706,CSTMR0232,2023-12-03,17:01:29
ORD03707,CSTMR0014,2025-01-17,21:05:14
ORD03708,CSTMR0486,2025-05-24,17:35:41
ORD03709,CSTMR0093,2024-05-22,19:58:17
ORD03710,CSTMR0350,2022-09-11,12:32:45
ORD03711,CSTMR0996,2025-07-06,14:10:16
ORD03712,CSTMR0926,2024-01-22,15:11:07
ORD03713,CSTMR0691,2022-01-02,17:24:56
ORD03714,CSTMR0576,2022-06-03,18:15:45
ORD03715,CSTMR0186,2025-09-28,11:59:55
ORD03716,CSTMR0174,2022-09-19,21:24:39
ORD03717,CSTMR0798,2022-05-01,09:31:06
ORD03718,CSTMR0996,2024-06-25,18:11:52
ORD03719,CSTMR0503,2025-09-26,16:34:04
ORD03720,CSTMR0403,2022-05-25,10:56:36
ORD03721,CSTMR0678,2024-04-22,13:37:09
ORD03722,CSTMR0785,2025-03-26,19:19:01
ORD03723,CSTMR0461,2023-06-18,13:58:09
ORD03724,CSTMR0035,2024-04-21,21:27:04
ORD03725,CSTMR0180,2025-01-01,16:11:00
ORD03726,CSTMR0425,2022-10-07,19:46:46
ORD03727,CSTMR0786,2025-04-21,21:12:04
ORD03728,CSTMR0637,2022-03-16,13:08:59
ORD03729,CSTMR0852,2022-02-24,13:09:25
ORD03730,CSTMR0593,2023-09-25,11:10:37
ORD03731,CSTMR0367,2025-03-28,21:17:10
ORD03732,CSTMR0636,2025-04-30,16:19:26
ORD03733,CSTMR0921,2024-08-12,17:48:31
ORD03734,CSTMR0693,2024-03-24,16:27:10
ORD03735,CSTMR0421,2023-05-20,13:05:47
ORD03736,CSTMR0525,2022-03-18,13:21:06
ORD03737,CSTMR0093,2023-07-29,17:38:18
ORD03738,CSTMR0881,2022-04-10,12:27:54
ORD03739,CSTMR0526,2021-09-10,12:33:42
ORD03740,CSTMR0894,2024-10-21,13:40:11
ORD03741,CSTMR0493,2023-10-03,19:37:16
ORD03742,CSTMR0125,2025-11-30,11:37:08
ORD03743,CSTMR0811,2024-09-20,21:28:14
ORD03744,CSTMR0341,2023-08-09,21:01:51
ORD03745,CSTMR0969,2026-04-27,14:08:08
ORD03746,CSTMR0722,2026-02-20,19:03:39
ORD03747,CSTMR0522,2023-07-04,21:34:00
ORD03748,CSTMR0606,2022-10-09,15:00:01
ORD03749,CSTMR0822,2024-06-23,19:20:24
ORD03750,CSTMR0088,2025-08-23,20:35:44
ORD03751,CSTMR0884,2023-06-04,16:51:07
ORD03752,CSTMR0306,2025-04-14,13:13:13
ORD03753,CSTMR0804,2023-03-20,20:44:03
ORD03754,CSTMR0491,2025-07-27,09:10:21
ORD03755,CSTMR0008,2025-10-01,08:29:21
ORD03756,CSTMR0365,2022-04-14,13:57:06
ORD03757,CSTMR0948,2022-03-05,21:52:09
ORD03758,CSTMR0359,2024-03-11,15:20:57
ORD03759,CSTMR0904,2025-12-21,10:43:10
ORD03760,CSTMR0247,2023-06-28,22:00:35
ORD03761,CSTMR0850,2025-02-12,19:35:03
ORD03762,CSTMR0480,2023-06-06,19:44:37
ORD03763,CSTMR0633,2023-07-06,20:29:54
ORD03764,CSTMR0466,2025-04-21,13:47:37
ORD03765,CSTMR0492,2022-01-18,12:27:21
ORD03766,CSTMR0765,2023-04-04,10:29:20
ORD03767,CSTMR0899,2024-02-25,14:48:41
ORD03768,CSTMR0545,2026-01-13,12:53:45
ORD03769,CSTMR0710,2025-10-31,09:49:37
ORD03770,CSTMR0698,2025-04-08,08:50:13
ORD03771,CSTMR0279,2024-01-19,20:13:45
ORD03772,CSTMR0211,2026-04-11,16:45:28
ORD03773,CSTMR0206,2023-10-30,10:23:25
ORD03774,CSTMR0606,2023-10-08,13:38:12
ORD03775,CSTMR0163,2024-01-12,11:29:39
ORD03776,CSTMR0504,2023-05-12,21:42:44
ORD03777,CSTMR0236,2022-12-18,21:16:17
ORD03778,CSTMR0502,2021-08-04,12:32:31
ORD03779,CSTMR0683,2023-06-15,18:09:17
ORD03780,CSTMR0318,2025-09-11,21:44:53
ORD03781,CSTMR0382,2024-07-19,19:52:20
ORD03782,CSTMR0212,2023-03-05,16:49:42
ORD03783,CSTMR0862,2024-11-25,16:25:17
ORD03784,CSTMR0930,2024-04-21,10:54:19
ORD03785,CSTMR0444,2023-12-01,18:03:41
ORD03786,CSTMR0624,2025-04-12,09:01:23
ORD03787,CSTMR0994,2026-04-30,20:36:44
ORD03788,CSTMR0660,2022-06-07,16:34:20
ORD03789,CSTMR0118,2025-05-14,13:23:25
ORD03790,CSTMR0835,2023-03-18,19:04:17
ORD03791,CSTMR0038,2025-08-01,12:43:58
ORD03792,CSTMR0940,2021-09-11,12:26:56
ORD03793,CSTMR0842,2024-07-18,12:16:58
ORD03794,CSTMR0957,2023-01-19,13:16:49
ORD03795,CSTMR0208,2025-03-01,12:56:56
ORD03796,CSTMR0220,2022-07-09,16:17:25
ORD03797,CSTMR0036,2025-12-16,17:43:43
ORD03798,CSTMR0722,2025-06-23,09:43:08
ORD03799,CSTMR0414,2022-02-14,18:28:36
ORD03800,CSTMR0848,2023-11-03,15:46:51
ORD03801,CSTMR0155,2023-02-17,13:27:19
ORD03802,CSTMR0059,2025-09-14,20:58:59
ORD03803,CSTMR0031,2023-06-06,12:08:29
ORD03804,CSTMR0003,2026-05-08,15:30:11
ORD03805,CSTMR0055,2024-02-24,12:06:40
ORD03806,CSTMR0589,2024-11-18,09:52:01
ORD03807,CSTMR0033,2022-09-25,20:25:51
ORD03808,CSTMR0071,2025-03-02,12:29:46
ORD03809,CSTMR0984,2024-03-12,20:31:30
ORD03810,CSTMR0142,2023-09-21,20:34:24
ORD03811,CSTMR0063,2025-09-10,08:24:03
ORD03812,CSTMR0682,2026-04-14,12:34:49
ORD03813,CSTMR0558,2024-02-21,13:50:01
ORD03814,CSTMR0553,2021-09-22,21:12:49
ORD03815,CSTMR0295,2022-03-30,21:19:41
ORD03816,CSTMR0416,2025-08-27,19:57:19
ORD03817,CSTMR0188,2023-05-25,09:51:36
ORD03818,CSTMR0723,2024-04-07,19:03:31
ORD03819,CSTMR0657,2022-09-30,11:22:49
ORD03820,CSTMR0156,2026-04-26,12:27:46
ORD03821,CSTMR0118,2024-03-15,13:42:29
ORD03822,CSTMR0570,2023-03-24,19:49:32
ORD03823,CSTMR0577,2024-10-12,18:09:02
ORD03824,CSTMR0389,2025-07-31,20:24:38
ORD03825,CSTMR0434,2021-07-30,22:14:42
ORD03826,CSTMR0152,2023-04-21,08:57:55
ORD03827,CSTMR0079,2023-10-22,08:59:39
ORD03828,CSTMR0079,2022-09-30,17:25:55
ORD03829,CSTMR0709,2023-09-03,13:57:39
ORD03830,CSTMR0285,2022-05-28,08:42:16
ORD03831,CSTMR0589,2024-10-19,21:30:29
ORD03832,CSTMR0635,2023-05-10,20:32:46
ORD03833,CSTMR0232,2023-05-26,22:39:29
ORD03834,CSTMR0302,2022-11-19,18:39:59
ORD03835,CSTMR0635,2026-03-15,11:22:04
ORD03836,CSTMR0710,2021-08-29,19:40:07
ORD03837,CSTMR0508,2022-10-23,12:42:12
ORD03838,CSTMR0446,2025-12-05,12:15:58
ORD03839,CSTMR0888,2023-01-03,10:31:15
ORD03840,CSTMR0752,2025-09-07,17:29:01
ORD03841,CSTMR0473,2022-09-08,09:57:20
ORD03842,CSTMR0155,2023-06-02,10:30:43
ORD03843,CSTMR0987,2025-09-28,13:02:45
ORD03844,CSTMR0240,2024-07-18,14:15:17
ORD03845,CSTMR0941,2024-12-05,21:35:35
ORD03846,CSTMR0010,2024-06-27,12:25:52
ORD03847,CSTMR0231,2025-08-02,22:34:46
ORD03848,CSTMR0573,2025-11-01,13:23:57
ORD03849,CSTMR0448,2024-09-17,08:31:45
ORD03850,CSTMR0111,2023-11-17,13:02:58
ORD03851,CSTMR0512,2023-11-11,20:33:09
ORD03852,CSTMR0257,2022-10-30,09:44:11
ORD03853,CSTMR0539,2024-03-29,22:59:18
ORD03854,CSTMR0235,2021-01-30,19:53:26
ORD03855,CSTMR0797,2024-03-31,12:01:53
ORD03856,CSTMR0009,2024-03-10,16:03:37
ORD03857,CSTMR0770,2023-09-15,21:15:31
ORD03858,CSTMR0163,2024-11-29,11:25:10
ORD03859,CSTMR0846,2023-12-22,11:49:17
ORD03860,CSTMR0797,2025-05-26,19:15:25
ORD03861,CSTMR0165,2022-10-21,12:01:40
ORD03862,CSTMR0363,2025-12-09,22:55:04
ORD03863,CSTMR0148,2024-12-06,08:26:19
ORD03864,CSTMR0832,2023-04-21,10:05:45
ORD03865,CSTMR0224,2021-12-18,10:04:25
ORD03866,CSTMR0985,2026-01-21,09:22:15
ORD03867,CSTMR0980,2021-06-18,20:52:14
ORD03868,CSTMR0417,2024-05-29,13:00:39
ORD03869,CSTMR0835,2023-08-02,12:56:31
ORD03870,CSTMR0620,2024-09-12,21:44:46
ORD03871,CSTMR0156,2024-11-01,18:44:09
ORD03872,CSTMR0294,2022-11-09,08:45:14
ORD03873,CSTMR0420,2024-09-03,12:57:24
ORD03874,CSTMR0562,2024-06-08,20:04:28
ORD03875,CSTMR0970,2022-04-08,15:23:24
ORD03876,CSTMR0866,2025-11-17,13:24:47
ORD03877,CSTMR0089,2023-11-20,20:06:18
ORD03878,CSTMR0855,2026-01-05,09:41:46
ORD03879,CSTMR0688,2023-10-19,10:27:31
ORD03880,CSTMR0118,2026-02-17,13:20:09
ORD03881,CSTMR0630,2024-02-28,12:46:02
ORD03882,CSTMR0472,2025-08-17,19:05:20
ORD03883,CSTMR0431,2026-02-28,09:10:22
ORD03884,CSTMR0084,2024-01-03,15:50:26
ORD03885,CSTMR0865,2024-07-29,20:03:20
ORD03886,CSTMR0553,2024-04-21,13:55:41
ORD03887,CSTMR0387,2022-10-02,21:22:41
ORD03888,CSTMR0895,2023-12-29,13:59:48
ORD03889,CSTMR0770,2025-05-08,08:36:07
ORD03890,CSTMR0860,2024-11-19,17:21:14
ORD03891,CSTMR0038,2023-12-09,17:20:52
ORD03892,CSTMR0498,2023-01-17,08:51:08
ORD03893,CSTMR0159,2023-08-13,12:50:34
ORD03894,CSTMR0162,2026-03-06,21:11:21
ORD03895,CSTMR0947,2023-07-26,09:00:47
ORD03896,CSTMR0722,2021-12-18,21:02:28
ORD03897,CSTMR0174,2023-11-24,16:04:47
ORD03898,CSTMR0064,2025-03-15,19:04:54
ORD03899,CSTMR0923,2026-01-23,17:02:44
ORD03900,CSTMR0062,2022-04-24,19:01:54
ORD03901,CSTMR0011,2025-06-20,19:21:30
ORD03902,CSTMR0150,2023-11-05,16:14:35
ORD03903,CSTMR0717,2026-03-11,20:38:27
ORD03904,CSTMR0092,2023-06-18,20:05:08
ORD03905,CSTMR0162,2023-01-27,13:13:02
ORD03906,CSTMR0199,2026-05-12,21:50:06
ORD03907,CSTMR0147,2025-12-18,20:33:54
ORD03908,CSTMR0684,2023-11-21,19:11:31
ORD03909,CSTMR0629,2023-02-20,20:41:13
ORD03910,CSTMR0338,2026-03-08,21:44:21
ORD03911,CSTMR0373,2022-08-14,18:32:45
ORD03912,CSTMR0451,2024-07-21,19:52:34
ORD03913,CSTMR0700,2025-05-14,12:27:05
ORD03914,CSTMR0870,2021-12-23,11:30:04
ORD03915,CSTMR0917,2023-04-07,19:31:18
ORD03916,CSTMR0182,2026-03-01,09:07:14
ORD03917,CSTMR0797,2023-12-03,20:39:58
ORD03918,CSTMR0039,2023-03-29,19:01:17
ORD03919,CSTMR0166,2026-05-27,19:15:10
ORD03920,CSTMR0296,2023-02-05,09:14:17
ORD03921,CSTMR0796,2025-04-30,08:25:14
ORD03922,CSTMR0882,2021-10-29,17:30:13
ORD03923,CSTMR0102,2023-07-19,21:14:23
ORD03924,CSTMR0619,2023-12-10,10:31:09
ORD03925,CSTMR0898,2022-02-27,12:01:59
ORD03926,CSTMR0733,2023-12-02,19:03:53
ORD03927,CSTMR0809,2024-07-06,20:33:35
ORD03928,CSTMR0512,2021-07-06,20:46:16
ORD03929,CSTMR0064,2021-06-19,12:06:19
ORD03930,CSTMR0830,2023-07-21,10:53:29
ORD03931,CSTMR0599,2024-09-27,10:07:51
ORD03932,CSTMR0534,2025-03-30,12:28:49
ORD03933,CSTMR0421,2025-03-26,20:42:02
ORD03934,CSTMR0709,2022-11-02,22:58:53
ORD03935,CSTMR0909,2022-05-13,12:20:12
ORD03936,CSTMR0525,2021-02-10,21:02:16
ORD03937,CSTMR0194,2026-03-21,12:23:25
ORD03938,CSTMR0704,2021-12-13,22:44:19
ORD03939,CSTMR0618,2021-05-28,11:11:34
ORD03940,CSTMR0987,2024-10-27,15:11:07
ORD03941,CSTMR0233,2025-09-28,15:15:39
ORD03942,CSTMR0067,2023-06-02,21:34:45
ORD03943,CSTMR0961,2025-10-04,15:10:35
ORD03944,CSTMR0567,2024-01-10,18:38:22
ORD03945,CSTMR0007,2022-03-20,19:19:10
ORD03946,CSTMR0712,2022-12-28,17:06:18
ORD03947,CSTMR0220,2025-05-21,10:54:38
ORD03948,CSTMR0076,2025-10-03,19:24:17
ORD03949,CSTMR0542,2022-09-22,14:05:03
ORD03950,CSTMR0703,2025-01-18,11:41:10
ORD03951,CSTMR0414,2023-03-14,14:19:54
ORD03952,CSTMR0120,2024-07-31,22:52:57
ORD03953,CSTMR0187,2025-11-07,22:43:59
ORD03954,CSTMR0327,2024-11-14,22:55:41
ORD03955,CSTMR0375,2024-03-02,10:23:33
ORD03956,CSTMR0280,2023-03-24,21:27:02
ORD03957,CSTMR0933,2024-05-19,19:45:11
ORD03958,CSTMR0855,2026-04-08,22:04:15
ORD03959,CSTMR0026,2023-04-16,22:40:34
ORD03960,CSTMR0467,2025-04-06,17:33:36
ORD03961,CSTMR0711,2024-07-22,22:41:16
ORD03962,CSTMR0173,2023-09-20,13:23:54
ORD03963,CSTMR0702,2021-07-20,21:16:42
ORD03964,CSTMR0801,2025-08-25,19:56:40
ORD03965,CSTMR0820,2024-07-21,08:07:40
ORD03966,CSTMR0938,2023-02-15,13:47:19
ORD03967,CSTMR0709,2021-07-11,13:12:41
ORD03968,CSTMR0033,2024-08-23,16:41:46
ORD03969,CSTMR0221,2026-05-22,16:03:41
ORD03970,CSTMR0401,2023-09-15,09:24:34
ORD03971,CSTMR0358,2023-03-23,12:51:17
ORD03972,CSTMR0011,2025-01-12,12:16:50
ORD03973,CSTMR0556,2023-08-13,12:21:02
ORD03974,CSTMR0852,2025-08-04,19:57:38
ORD03975,CSTMR0604,2024-02-19,21:12:26
ORD03976,CSTMR0380,2026-01-30,12:47:44
ORD03977,CSTMR0799,2026-04-08,19:14:49
ORD03978,CSTMR0571,2025-08-16,13:48:04
ORD03979,CSTMR0270,2024-07-27,08:11:46
ORD03980,CSTMR0240,2022-05-08,20:21:04
ORD03981,CSTMR0251,2024-01-30,19:20:08
ORD03982,CSTMR0431,2023-01-14,09:06:40
ORD03983,CSTMR0193,2026-05-29,20:18:03
ORD03984,CSTMR0314,2026-01-02,15:11:37
ORD03985,CSTMR0226,2026-03-23,18:10:21
ORD03986,CSTMR0301,2024-01-21,16:47:28
ORD03987,CSTMR0722,2025-04-27,14:26:47
ORD03988,CSTMR0860,2025-05-03,08:46:14
ORD03989,CSTMR0815,2024-01-27,08:26:14
ORD03990,CSTMR0524,2024-02-27,12:14:02
ORD03991,CSTMR0142,2022-01-06,15:15:05
ORD03992,CSTMR0242,2025-09-02,18:30:47
ORD03993,CSTMR0524,2021-11-11,20:27:54
ORD03994,CSTMR0321,2025-09-12,19:30:17
ORD03995,CSTMR0581,2022-03-22,19:32:25
ORD03996,CSTMR0064,2025-06-01,14:33:32
ORD03997,CSTMR0858,2024-10-24,15:39:47
ORD03998,CSTMR0639,2023-06-13,11:07:59
ORD03999,CSTMR0106,2025-06-27,20:48:40
ORD04000,CSTMR0481,2026-05-22,18:11:38
ORD04001,CSTMR0645,2023-05-25,19:20:20
ORD04002,CSTMR0322,2023-08-07,21:11:50
ORD04003,CSTMR0151,2022-10-03,21:22:42
ORD04004,CSTMR0672,2023-06-14,20:21:14
ORD04005,CSTMR0244,2024-02-10,14:45:33
ORD04006,CSTMR0141,2023-11-09,21:36:50
ORD04007,CSTMR0920,2026-05-05,12:20:15
ORD04008,CSTMR0331,2023-02-13,15:56:33
ORD04009,CSTMR0003,2025-04-16,13:07:24
ORD04010,CSTMR0229,2024-09-27,12:54:51
ORD04011,CSTMR0589,2025-12-05,16:40:45
ORD04012,CSTMR0136,2023-04-10,14:53:42
ORD04013,CSTMR0798,2025-07-26,18:38:46
ORD04014,CSTMR0455,2025-12-26,22:33:43
ORD04015,CSTMR0730,2023-05-29,22:26:12
ORD04016,CSTMR0803,2025-11-15,16:13:05
ORD04017,CSTMR0576,2026-04-05,22:30:04
ORD04018,CSTMR0377,2025-10-16,16:28:56
ORD04019,CSTMR0184,2024-12-26,12:35:15
ORD04020,CSTMR0090,2021-01-29,13:34:11
ORD04021,CSTMR0502,2026-01-09,13:19:43
ORD04022,CSTMR0790,2023-02-13,22:54:45
ORD04023,CSTMR0420,2025-11-14,20:22:22
ORD04024,CSTMR0593,2024-05-24,22:29:19
ORD04025,CSTMR0302,2022-04-05,13:02:34
ORD04026,CSTMR0245,2025-10-28,12:03:00
ORD04027,CSTMR0050,2025-01-11,13:51:54
ORD04028,CSTMR0037,2023-09-08,16:18:03
ORD04029,CSTMR0229,2025-08-26,20:59:37
ORD04030,CSTMR0226,2021-06-19,13:00:19
ORD04031,CSTMR0107,2023-09-05,13:04:09
ORD04032,CSTMR0250,2022-03-20,18:46:07
ORD04033,CSTMR0402,2022-11-20,18:12:46
ORD04034,CSTMR0693,2025-08-30,17:58:31
ORD04035,CSTMR0380,2022-08-14,19:43:08
ORD04036,CSTMR0714,2026-01-23,19:53:09
ORD04037,CSTMR0357,2026-04-15,22:40:37
ORD04038,CSTMR0312,2024-04-21,21:18:02
ORD04039,CSTMR0037,2022-05-21,12:00:24
ORD04040,CSTMR0577,2022-09-29,12:10:32
ORD04041,CSTMR0205,2025-06-08,17:57:32
ORD04042,CSTMR0402,2023-06-08,18:30:35
ORD04043,CSTMR0558,2022-10-22,16:04:03
ORD04044,CSTMR0318,2025-05-23,12:44:40
ORD04045,CSTMR0907,2024-03-31,22:02:29
ORD04046,CSTMR0448,2023-07-25,20:59:54
ORD04047,CSTMR0129,2024-11-03,13:31:48
ORD04048,CSTMR0775,2023-07-21,15:59:40
ORD04049,CSTMR0466,2024-12-29,18:29:05
ORD04050,CSTMR0097,2023-04-24,09:23:23
ORD04051,CSTMR0939,2022-04-10,09:48:31
ORD04052,CSTMR0980,2023-05-02,10:16:17
ORD04053,CSTMR0345,2022-03-06,16:17:13
ORD04054,CSTMR0998,2023-05-26,12:42:56
ORD04055,CSTMR0633,2024-06-05,09:09:49
ORD04056,CSTMR0325,2023-09-05,09:54:45
ORD04057,CSTMR0521,2021-03-17,19:28:06
ORD04058,CSTMR0321,2024-09-13,10:28:19
ORD04059,CSTMR0070,2022-01-23,09:54:36
ORD04060,CSTMR0464,2025-09-30,13:18:52
ORD04061,CSTMR0797,2021-11-20,18:24:46
ORD04062,CSTMR0178,2025-03-27,18:19:56
ORD04063,CSTMR0316,2023-08-10,08:14:00
ORD04064,CSTMR0621,2022-08-21,19:26:07
ORD04065,CSTMR0523,2023-07-15,16:28:52
ORD04066,CSTMR0126,2022-12-03,20:35:55
ORD04067,CSTMR0798,2021-09-07,20:46:37
ORD04068,CSTMR0239,2025-09-25,22:09:18
ORD04069,CSTMR0373,2021-06-09,09:39:29
ORD04070,CSTMR0678,2024-02-25,15:43:57
ORD04071,CSTMR0043,2025-10-13,09:16:01
ORD04072,CSTMR0309,2025-07-29,11:25:52
ORD04073,CSTMR0952,2025-05-03,08:42:36
ORD04074,CSTMR0381,2026-03-14,21:40:08
ORD04075,CSTMR0259,2023-11-11,15:59:01
ORD04076,CSTMR0826,2024-04-02,11:56:17
ORD04077,CSTMR0654,2024-04-23,20:56:25
ORD04078,CSTMR0072,2024-10-04,20:27:54
ORD04079,CSTMR0819,2023-02-06,11:04:51
ORD04080,CSTMR0987,2023-03-12,19:18:02
ORD04081,CSTMR0020,2023-02-07,08:59:01
ORD04082,CSTMR0173,2025-10-18,20:19:44
ORD04083,CSTMR0311,2025-09-27,17:13:28
ORD04084,CSTMR0257,2022-10-24,12:19:54
ORD04085,CSTMR0376,2023-01-02,12:09:47
ORD04086,CSTMR0202,2023-07-15,13:22:09
ORD04087,CSTMR0733,2024-09-14,22:28:28
ORD04088,CSTMR0601,2025-03-25,09:18:35
ORD04089,CSTMR0860,2025-10-15,17:39:12
ORD04090,CSTMR0785,2025-09-07,15:17:10
ORD04091,CSTMR0433,2025-07-26,15:29:36
ORD04092,CSTMR0852,2024-07-28,14:25:09
ORD04093,CSTMR0455,2025-05-13,21:42:10
ORD04094,CSTMR0392,2022-10-12,17:49:00
ORD04095,CSTMR0810,2023-06-28,13:24:33
ORD04096,CSTMR0842,2022-02-11,08:24:02
ORD04097,CSTMR0948,2025-01-01,20:05:58
ORD04098,CSTMR0091,2023-01-18,16:15:48
ORD04099,CSTMR0971,2021-07-04,18:16:40
ORD04100,CSTMR0861,2025-01-25,21:44:31
ORD04101,CSTMR0480,2024-03-09,18:50:51
ORD04102,CSTMR0424,2024-10-25,19:55:45
ORD04103,CSTMR0945,2025-01-15,12:06:08
ORD04104,CSTMR0060,2024-02-05,12:26:11
ORD04105,CSTMR0760,2024-12-07,21:34:04
ORD04106,CSTMR0371,2023-04-30,10:35:06
ORD04107,CSTMR0073,2025-06-13,13:20:00
ORD04108,CSTMR0381,2026-03-21,22:24:57
ORD04109,CSTMR0154,2022-01-13,20:40:19
ORD04110,CSTMR0236,2024-06-01,19:21:42
ORD04111,CSTMR0212,2022-10-16,21:46:35
ORD04112,CSTMR0883,2022-07-27,21:44:51
ORD04113,CSTMR0837,2023-01-08,12:29:08
ORD04114,CSTMR0949,2022-06-20,18:59:02
ORD04115,CSTMR0754,2023-08-15,20:08:52
ORD04116,CSTMR0909,2024-12-15,20:21:31
ORD04117,CSTMR0354,2022-05-13,20:28:08
ORD04118,CSTMR0790,2023-09-28,22:53:41
ORD04119,CSTMR0092,2021-01-23,21:46:47
ORD04120,CSTMR0284,2022-07-17,16:35:30
ORD04121,CSTMR0325,2022-07-02,12:43:11
ORD04122,CSTMR0318,2024-10-09,12:28:17
ORD04123,CSTMR0561,2025-11-22,20:44:01
ORD04124,CSTMR0442,2026-04-18,22:52:39
ORD04125,CSTMR0808,2023-04-10,20:06:14
ORD04126,CSTMR0524,2023-03-11,08:31:51
ORD04127,CSTMR0721,2022-04-24,12:33:23
ORD04128,CSTMR0851,2022-09-03,21:47:05
ORD04129,CSTMR0952,2023-07-31,21:10:35
ORD04130,CSTMR0404,2022-10-05,12:52:08
ORD04131,CSTMR0732,2026-03-22,18:33:18
ORD04132,CSTMR0104,2024-03-22,22:51:41
ORD04133,CSTMR0080,2023-09-08,12:22:50
ORD04134,CSTMR0959,2025-06-24,22:21:54
ORD04135,CSTMR0198,2026-02-13,14:30:26
ORD04136,CSTMR0362,2023-05-31,13:59:17
ORD04137,CSTMR0185,2022-07-30,14:14:54
ORD04138,CSTMR0074,2023-08-03,10:19:13
ORD04139,CSTMR0546,2025-12-20,15:20:04
ORD04140,CSTMR0210,2023-12-08,11:03:40
ORD04141,CSTMR0252,2023-06-26,19:11:00
ORD04142,CSTMR0674,2025-12-18,21:28:16
ORD04143,CSTMR0808,2021-07-24,20:02:24
ORD04144,CSTMR0815,2023-06-03,22:49:42
ORD04145,CSTMR0572,2022-01-30,12:19:28
ORD04146,CSTMR0514,2025-12-28,21:30:57
ORD04147,CSTMR0395,2024-08-23,19:03:39
ORD04148,CSTMR0773,2024-09-06,20:46:32
ORD04149,CSTMR0345,2023-01-24,13:34:33
ORD04150,CSTMR0052,2025-08-26,21:25:27
ORD04151,CSTMR0402,2022-12-24,10:04:19
ORD04152,CSTMR0462,2024-07-13,16:58:39
ORD04153,CSTMR0364,2023-08-13,11:48:40
ORD04154,CSTMR0556,2022-11-03,09:13:18
ORD04155,CSTMR0805,2024-11-01,10:11:27
ORD04156,CSTMR0944,2026-02-23,16:53:18
ORD04157,CSTMR0719,2025-02-13,18:24:49
ORD04158,CSTMR0111,2024-12-24,16:12:34
ORD04159,CSTMR0209,2025-02-08,17:16:34
ORD04160,CSTMR0396,2021-06-17,13:32:51
ORD04161,CSTMR0735,2022-02-08,15:34:51
ORD04162,CSTMR0193,2024-07-25,19:16:13
ORD04163,CSTMR0654,2025-12-12,20:55:50
ORD04164,CSTMR0645,2025-08-10,17:46:05
ORD04165,CSTMR0519,2022-08-29,22:40:25
ORD04166,CSTMR0115,2024-11-30,18:09:29
ORD04167,CSTMR0151,2024-10-31,16:11:19
ORD04168,CSTMR0801,2022-11-17,22:08:17
ORD04169,CSTMR0930,2023-02-12,08:29:38
ORD04170,CSTMR0384,2023-01-26,12:05:43
ORD04171,CSTMR0852,2023-03-04,22:35:50
ORD04172,CSTMR0731,2024-04-15,11:28:44
ORD04173,CSTMR0863,2021-11-13,12:45:53
ORD04174,CSTMR0186,2025-03-21,16:50:01
ORD04175,CSTMR0034,2025-01-12,20:49:39
ORD04176,CSTMR0373,2021-05-19,11:29:51
ORD04177,CSTMR0142,2026-01-18,12:35:46
ORD04178,CSTMR0910,2023-07-29,16:07:27
ORD04179,CSTMR0762,2025-09-15,09:25:42
ORD04180,CSTMR0397,2024-09-13,10:20:26
ORD04181,CSTMR0121,2024-08-10,11:23:56
ORD04182,CSTMR0982,2025-03-06,20:31:01
ORD04183,CSTMR0753,2024-06-26,08:07:45
ORD04184,CSTMR0849,2021-11-07,08:21:24
ORD04185,CSTMR0731,2022-08-05,17:36:27
ORD04186,CSTMR0138,2026-05-22,12:57:18
ORD04187,CSTMR0283,2021-12-21,16:23:18
ORD04188,CSTMR0259,2025-12-09,11:35:46
ORD04189,CSTMR0924,2026-03-10,21:34:44
ORD04190,CSTMR0648,2023-05-09,11:22:55
ORD04191,CSTMR0099,2024-11-01,12:49:13
ORD04192,CSTMR0906,2025-04-10,08:46:17
ORD04193,CSTMR0554,2023-06-30,22:50:37
ORD04194,CSTMR0992,2023-08-28,15:34:11
ORD04195,CSTMR0806,2023-02-25,10:50:58
ORD04196,CSTMR0207,2022-10-01,22:32:08
ORD04197,CSTMR0439,2025-12-01,19:33:33
ORD04198,CSTMR0724,2024-03-25,10:24:24
ORD04199,CSTMR0908,2024-09-18,13:46:39
ORD04200,CSTMR0618,2025-03-03,17:23:43
ORD04201,CSTMR0339,2024-04-10,20:29:27
ORD04202,CSTMR0871,2024-04-22,08:18:43
ORD04203,CSTMR0510,2023-05-02,20:34:24
ORD04204,CSTMR0323,2026-02-20,11:46:01
ORD04205,CSTMR0129,2023-12-13,17:43:36
ORD04206,CSTMR0115,2024-05-03,16:32:55
ORD04207,CSTMR0378,2021-10-10,20:21:07
ORD04208,CSTMR0760,2022-04-03,19:16:32
ORD04209,CSTMR0206,2022-01-20,09:14:02
ORD04210,CSTMR0827,2023-12-26,20:37:02
ORD04211,CSTMR0955,2025-01-04,20:19:20
ORD04212,CSTMR0535,2022-04-16,15:16:40
ORD04213,CSTMR0474,2024-10-14,16:33:28
ORD04214,CSTMR0860,2025-11-02,14:18:46
ORD04215,CSTMR0953,2024-11-14,12:12:36
ORD04216,CSTMR0146,2022-12-04,18:35:00
ORD04217,CSTMR0597,2023-02-12,12:04:51
ORD04218,CSTMR0748,2024-06-16,13:49:57
ORD04219,CSTMR0283,2025-08-13,19:39:17
ORD04220,CSTMR0534,2026-03-13,22:01:05
ORD04221,CSTMR0264,2025-09-20,10:44:49
ORD04222,CSTMR0269,2025-02-21,16:09:04
ORD04223,CSTMR0001,2021-09-15,20:10:22
ORD04224,CSTMR0030,2024-12-31,08:54:39
ORD04225,CSTMR0676,2023-09-21,19:13:45
ORD04226,CSTMR0908,2022-11-10,19:51:35
ORD04227,CSTMR0519,2025-04-06,09:26:48
ORD04228,CSTMR0322,2022-05-16,15:19:06
ORD04229,CSTMR0519,2022-09-24,13:13:15
ORD04230,CSTMR0706,2025-04-08,08:41:46
ORD04231,CSTMR0792,2021-01-22,10:22:18
ORD04232,CSTMR0927,2024-01-21,08:33:18
ORD04233,CSTMR0496,2022-10-19,19:00:40
ORD04234,CSTMR0607,2022-12-27,21:53:56
ORD04235,CSTMR0604,2024-03-01,16:41:38
ORD04236,CSTMR0741,2022-08-16,21:53:40
ORD04237,CSTMR0369,2025-02-05,20:10:05
ORD04238,CSTMR0588,2024-07-29,09:57:58
ORD04239,CSTMR0301,2023-08-12,12:57:35
ORD04240,CSTMR0538,2024-05-19,20:52:44
ORD04241,CSTMR0642,2025-09-01,17:02:54
ORD04242,CSTMR0801,2021-05-10,13:36:01
ORD04243,CSTMR0677,2026-04-05,09:01:31
ORD04244,CSTMR0877,2025-08-23,18:52:23
ORD04245,CSTMR0171,2024-11-19,12:30:36
ORD04246,CSTMR0899,2023-10-13,13:24:18
ORD04247,CSTMR0127,2025-06-13,11:14:32
ORD04248,CSTMR0503,2026-05-29,10:00:10
ORD04249,CSTMR0982,2026-05-14,12:12:45
ORD04250,CSTMR0636,2025-09-21,17:07:54
ORD04251,CSTMR0341,2024-01-10,12:36:00
ORD04252,CSTMR0117,2024-12-27,13:01:30
ORD04253,CSTMR0588,2026-04-05,21:47:23
ORD04254,CSTMR0972,2021-10-03,15:13:32
ORD04255,CSTMR0367,2025-07-01,20:54:34
ORD04256,CSTMR0774,2025-09-12,21:32:26
ORD04257,CSTMR0365,2022-10-19,15:35:25
ORD04258,CSTMR0301,2022-01-03,12:45:31
ORD04259,CSTMR0960,2026-01-03,19:17:41
ORD04260,CSTMR0938,2025-07-03,12:37:08
ORD04261,CSTMR0477,2023-12-26,19:51:57
ORD04262,CSTMR0071,2024-06-07,15:36:29
ORD04263,CSTMR0125,2025-08-08,19:03:39
ORD04264,CSTMR0510,2023-02-04,12:44:06
ORD04265,CSTMR0237,2024-02-17,20:40:31
ORD04266,CSTMR0712,2025-04-02,21:21:43
ORD04267,CSTMR0309,2023-05-04,18:54:18
ORD04268,CSTMR0064,2024-08-05,19:57:13
ORD04269,CSTMR0121,2025-02-09,13:57:10
ORD04270,CSTMR0117,2025-10-24,19:22:27
ORD04271,CSTMR0925,2026-01-31,12:16:21
ORD04272,CSTMR0524,2023-10-07,11:25:36
ORD04273,CSTMR0421,2025-02-20,20:13:52
ORD04274,CSTMR0734,2025-05-05,16:48:56
ORD04275,CSTMR0100,2025-07-06,13:00:58
ORD04276,CSTMR0433,2023-10-15,12:05:05
ORD04277,CSTMR0573,2023-09-17,13:07:28
ORD04278,CSTMR0798,2023-12-07,21:35:31
ORD04279,CSTMR0078,2024-08-28,15:34:28
ORD04280,CSTMR0893,2023-02-11,12:29:47
ORD04281,CSTMR0624,2023-03-17,21:50:21
ORD04282,CSTMR0415,2026-01-17,21:07:06
ORD04283,CSTMR0767,2025-07-20,10:55:42
ORD04284,CSTMR0431,2025-09-06,13:20:29
ORD04285,CSTMR0163,2023-08-26,20:13:22
ORD04286,CSTMR0691,2026-03-27,09:02:23
ORD04287,CSTMR0412,2024-09-17,17:10:41
ORD04288,CSTMR0713,2024-05-04,13:17:06
ORD04289,CSTMR0748,2022-07-27,10:46:23
ORD04290,CSTMR0398,2022-04-30,21:41:50
ORD04291,CSTMR0489,2024-09-26,14:39:56
ORD04292,CSTMR0747,2024-09-12,16:23:01
ORD04293,CSTMR0895,2022-11-29,10:01:29
ORD04294,CSTMR0257,2025-01-17,19:02:13
ORD04295,CSTMR0492,2023-02-11,22:31:25
ORD04296,CSTMR0866,2024-12-17,16:10:44
ORD04297,CSTMR0213,2022-06-18,14:31:35
ORD04298,CSTMR0018,2023-10-15,17:35:10
ORD04299,CSTMR0470,2026-05-11,19:24:12
ORD04300,CSTMR0635,2024-04-26,21:32:27
ORD04301,CSTMR0811,2023-11-18,13:32:43
ORD04302,CSTMR0264,2025-08-02,19:56:10
ORD04303,CSTMR0035,2025-01-16,19:09:29
ORD04304,CSTMR0085,2023-02-05,12:50:12
ORD04305,CSTMR0016,2026-03-02,21:47:59
ORD04306,CSTMR0110,2023-06-18,18:42:04
ORD04307,CSTMR0238,2021-08-21,13:40:44
ORD04308,CSTMR0397,2023-09-13,13:13:01
ORD04309,CSTMR0586,2021-02-03,09:13:41
ORD04310,CSTMR0516,2026-04-23,15:05:04
ORD04311,CSTMR0615,2024-04-26,13:27:57
ORD04312,CSTMR0036,2025-12-07,10:57:56
ORD04313,CSTMR0242,2024-11-15,21:53:05
ORD04314,CSTMR0434,2026-02-13,20:25:50
ORD04315,CSTMR0911,2022-04-28,13:35:48
ORD04316,CSTMR0050,2025-02-12,10:53:56
ORD04317,CSTMR0156,2022-02-05,13:57:55
ORD04318,CSTMR0749,2023-08-01,13:07:22
ORD04319,CSTMR0891,2025-11-15,13:21:26
ORD04320,CSTMR0203,2024-08-10,21:09:09
ORD04321,CSTMR0964,2025-09-12,13:07:17
ORD04322,CSTMR0644,2025-06-18,20:34:54
ORD04323,CSTMR0392,2024-03-18,13:04:53
ORD04324,CSTMR0573,2022-04-14,20:45:45
ORD04325,CSTMR0819,2021-10-19,13:40:18
ORD04326,CSTMR0283,2021-06-27,20:43:17
ORD04327,CSTMR0169,2025-08-24,16:06:52
ORD04328,CSTMR0284,2024-12-10,15:55:01
ORD04329,CSTMR0095,2023-07-31,22:09:38
ORD04330,CSTMR0132,2025-01-04,14:49:50
ORD04331,CSTMR0664,2025-10-18,21:25:41
ORD04332,CSTMR0925,2021-03-26,19:08:41
ORD04333,CSTMR0318,2022-12-26,17:49:05
ORD04334,CSTMR0726,2022-02-15,16:05:20
ORD04335,CSTMR0522,2023-02-15,12:12:21
ORD04336,CSTMR0611,2021-05-28,08:00:45
ORD04337,CSTMR0430,2023-02-18,14:41:03
ORD04338,CSTMR0978,2025-03-15,21:15:59
ORD04339,CSTMR0672,2023-11-21,09:26:00
ORD04340,CSTMR0066,2022-01-19,10:41:32
ORD04341,CSTMR0199,2023-07-01,13:08:14
ORD04342,CSTMR0849,2024-12-21,21:31:48
ORD04343,CSTMR0938,2023-05-30,11:58:30
ORD04344,CSTMR0350,2022-08-24,10:04:11
ORD04345,CSTMR0696,2021-12-03,08:20:49
ORD04346,CSTMR0637,2024-03-11,20:12:25
ORD04347,CSTMR0212,2025-04-14,15:58:17
ORD04348,CSTMR0924,2025-10-13,16:35:23
ORD04349,CSTMR0929,2024-08-21,08:38:37
ORD04350,CSTMR0025,2021-11-04,17:28:58
ORD04351,CSTMR0547,2024-08-02,15:09:53
ORD04352,CSTMR0272,2023-04-17,16:39:49
ORD04353,CSTMR0465,2025-11-16,19:12:23
ORD04354,CSTMR0217,2024-11-26,17:39:28
ORD04355,CSTMR0686,2026-04-18,08:08:19
ORD04356,CSTMR0456,2023-01-03,10:40:03
ORD04357,CSTMR0268,2023-10-05,20:51:36
ORD04358,CSTMR0302,2024-12-08,21:41:52
ORD04359,CSTMR0305,2021-12-18,10:35:09
ORD04360,CSTMR0474,2021-12-09,11:56:18
ORD04361,CSTMR0176,2023-05-31,20:35:48
ORD04362,CSTMR0818,2023-03-14,16:00:53
ORD04363,CSTMR0620,2025-12-24,22:54:30
ORD04364,CSTMR0960,2026-05-01,17:57:29
ORD04365,CSTMR0561,2025-01-19,10:56:43
ORD04366,CSTMR0457,2021-05-18,20:09:43
ORD04367,CSTMR0872,2024-12-29,12:43:42
ORD04368,CSTMR0756,2025-11-02,15:12:25
ORD04369,CSTMR0705,2022-02-12,15:04:06
ORD04370,CSTMR0860,2025-01-16,19:35:05
ORD04371,CSTMR0680,2021-01-01,10:19:17
ORD04372,CSTMR0099,2022-10-09,14:55:38
ORD04373,CSTMR0732,2022-10-09,10:15:02
ORD04374,CSTMR0067,2025-05-29,19:56:45
ORD04375,CSTMR0719,2026-04-19,10:11:31
ORD04376,CSTMR0655,2023-09-29,17:53:18
ORD04377,CSTMR0748,2025-08-29,19:07:47
ORD04378,CSTMR0859,2024-08-09,10:59:08
ORD04379,CSTMR0785,2023-01-08,21:37:32
ORD04380,CSTMR0323,2025-09-22,12:27:03
ORD04381,CSTMR0756,2021-01-10,09:55:44
ORD04382,CSTMR0091,2022-01-01,15:23:49
ORD04383,CSTMR0470,2023-06-27,09:03:15
ORD04384,CSTMR0639,2022-09-20,20:01:20
ORD04385,CSTMR0914,2023-04-07,09:46:55
ORD04386,CSTMR0654,2024-07-22,10:12:58
ORD04387,CSTMR0996,2026-01-26,21:28:25
ORD04388,CSTMR0316,2025-07-03,10:18:43
ORD04389,CSTMR0673,2025-03-29,17:37:16
ORD04390,CSTMR0930,2023-09-25,16:30:52
ORD04391,CSTMR0085,2021-04-17,08:18:31
ORD04392,CSTMR0940,2022-09-04,15:35:13
ORD04393,CSTMR0788,2026-04-10,22:52:05
ORD04394,CSTMR0528,2026-05-13,19:54:06
ORD04395,CSTMR0711,2025-12-04,17:58:08
ORD04396,CSTMR0988,2025-06-11,22:35:46
ORD04397,CSTMR0562,2026-01-19,19:12:46
ORD04398,CSTMR0624,2022-06-22,12:37:49
ORD04399,CSTMR0414,2021-11-23,08:47:38
ORD04400,CSTMR0959,2026-02-06,16:21:23
ORD04401,CSTMR0718,2025-07-26,16:28:31
ORD04402,CSTMR0017,2026-03-31,20:47:21
ORD04403,CSTMR0852,2022-10-29,14:50:35
ORD04404,CSTMR0479,2024-10-08,20:20:32
ORD04405,CSTMR0859,2025-05-19,17:54:42
ORD04406,CSTMR0866,2025-01-26,20:04:54
ORD04407,CSTMR0258,2025-02-21,16:20:07
ORD04408,CSTMR0986,2023-08-27,12:53:36
ORD04409,CSTMR0832,2023-06-02,13:55:28
ORD04410,CSTMR0854,2024-06-21,19:42:08
ORD04411,CSTMR0991,2024-10-09,17:05:40
ORD04412,CSTMR0796,2023-09-24,13:50:13
ORD04413,CSTMR0814,2025-09-04,12:57:45
ORD04414,CSTMR0170,2023-04-21,18:07:14
ORD04415,CSTMR0043,2024-12-26,08:24:17
ORD04416,CSTMR0375,2022-03-22,13:39:04
ORD04417,CSTMR0122,2024-04-03,20:38:16
ORD04418,CSTMR0939,2022-12-15,20:03:03
ORD04419,CSTMR0897,2021-09-06,17:22:46
ORD04420,CSTMR0300,2023-01-13,17:59:36
ORD04421,CSTMR0499,2022-12-09,19:13:47
ORD04422,CSTMR0541,2025-11-23,13:36:04
ORD04423,CSTMR0589,2023-02-07,20:22:34
ORD04424,CSTMR0315,2024-09-24,19:08:16
ORD04425,CSTMR0081,2023-11-02,18:24:21
ORD04426,CSTMR0694,2023-05-13,18:53:09
ORD04427,CSTMR0472,2025-12-30,13:18:27
ORD04428,CSTMR0447,2023-04-29,13:18:50
ORD04429,CSTMR0770,2025-12-19,21:58:53
ORD04430,CSTMR0804,2026-02-17,12:35:35
ORD04431,CSTMR0142,2022-06-12,16:16:19
ORD04432,CSTMR0228,2024-02-07,18:18:46
ORD04433,CSTMR0714,2024-04-24,19:27:55
ORD04434,CSTMR0123,2023-09-23,20:27:24
ORD04435,CSTMR0162,2024-01-12,11:56:26
ORD04436,CSTMR0977,2025-02-08,19:53:32
ORD04437,CSTMR0427,2025-03-13,19:31:54
ORD04438,CSTMR0147,2021-05-13,21:01:49
ORD04439,CSTMR0577,2022-09-22,12:16:47
ORD04440,CSTMR0295,2024-12-22,12:01:50
ORD04441,CSTMR0361,2022-10-14,13:10:52
ORD04442,CSTMR0523,2024-07-28,13:32:25
ORD04443,CSTMR0849,2024-09-04,12:41:41
ORD04444,CSTMR0311,2024-04-03,18:39:00
ORD04445,CSTMR0410,2021-01-26,16:01:05
ORD04446,CSTMR0110,2022-11-23,22:07:46
ORD04447,CSTMR0040,2025-04-09,10:05:52
ORD04448,CSTMR0663,2025-09-26,15:00:10
ORD04449,CSTMR0901,2026-05-10,15:25:05
ORD04450,CSTMR0128,2021-01-01,13:01:25
ORD04451,CSTMR0917,2022-07-03,20:16:43
ORD04452,CSTMR0056,2022-06-25,11:42:51
ORD04453,CSTMR0162,2025-03-23,10:21:35
ORD04454,CSTMR0588,2024-11-11,14:43:19
ORD04455,CSTMR0445,2026-01-24,17:06:13
ORD04456,CSTMR0885,2023-09-28,14:21:29
ORD04457,CSTMR0688,2026-02-25,16:57:01
ORD04458,CSTMR0570,2024-02-14,13:37:53
ORD04459,CSTMR0851,2024-06-18,12:34:22
ORD04460,CSTMR0898,2021-07-05,09:00:10
ORD04461,CSTMR0624,2022-02-12,18:50:50
ORD04462,CSTMR0904,2023-02-24,19:33:01
ORD04463,CSTMR0325,2021-03-01,19:13:06
ORD04464,CSTMR0005,2025-07-15,22:44:09
ORD04465,CSTMR0191,2023-10-08,14:33:25
ORD04466,CSTMR0528,2025-11-16,10:43:23
ORD04467,CSTMR0837,2023-09-10,22:37:51
ORD04468,CSTMR0349,2024-12-20,21:30:12
ORD04469,CSTMR0137,2024-07-10,09:54:40
ORD04470,CSTMR0083,2022-12-02,10:25:22
ORD04471,CSTMR0082,2025-08-06,20:21:19
ORD04472,CSTMR0341,2022-12-06,09:29:59
ORD04473,CSTMR0923,2025-02-21,15:05:58
ORD04474,CSTMR0906,2025-09-20,11:36:10
ORD04475,CSTMR0260,2026-03-10,22:30:26
ORD04476,CSTMR0854,2024-02-26,14:22:50
ORD04477,CSTMR0481,2025-01-20,22:32:40
ORD04478,CSTMR0003,2025-09-30,19:51:28
ORD04479,CSTMR0569,2025-06-24,14:23:15
ORD04480,CSTMR0206,2022-01-27,11:13:36
ORD04481,CSTMR0945,2025-11-06,13:17:47
ORD04482,CSTMR0331,2022-11-16,16:24:28
ORD04483,CSTMR0676,2023-07-08,18:43:46
ORD04484,CSTMR0551,2021-08-21,17:38:08
ORD04485,CSTMR0355,2026-05-29,17:03:50
ORD04486,CSTMR0124,2021-06-04,09:18:41
ORD04487,CSTMR0375,2023-02-01,22:19:16
ORD04488,CSTMR0724,2022-07-08,19:01:33
ORD04489,CSTMR0510,2024-04-24,17:18:46
ORD04490,CSTMR0622,2022-02-21,15:43:04
ORD04491,CSTMR0831,2023-11-14,20:54:20
ORD04492,CSTMR0036,2023-12-23,09:39:07
ORD04493,CSTMR0671,2021-03-23,19:45:10
ORD04494,CSTMR0549,2023-11-01,14:21:48
ORD04495,CSTMR0529,2021-01-31,19:58:18
ORD04496,CSTMR0546,2024-03-15,15:01:02
ORD04497,CSTMR0230,2023-08-24,13:20:39
ORD04498,CSTMR0331,2025-05-19,20:38:16
ORD04499,CSTMR0425,2025-01-06,18:21:03
ORD04500,CSTMR0524,2022-08-29,12:01:25
ORD04501,CSTMR0932,2022-10-02,16:24:14
ORD04502,CSTMR0700,2025-06-26,16:01:20
ORD04503,CSTMR0821,2023-07-01,20:02:48
ORD04504,CSTMR0685,2023-10-12,13:40:27
ORD04505,CSTMR0642,2025-05-04,21:09:03
ORD04506,CSTMR0637,2021-01-15,09:05:35
ORD04507,CSTMR0780,2021-01-15,20:10:22
ORD04508,CSTMR0860,2025-11-22,21:55:12
ORD04509,CSTMR0119,2023-04-01,14:42:37
ORD04510,CSTMR0845,2024-05-13,20:41:00
ORD04511,CSTMR0093,2024-06-01,20:03:12
ORD04512,CSTMR0545,2023-06-30,12:26:36
ORD04513,CSTMR0825,2021-06-24,13:32:10
ORD04514,CSTMR0326,2022-04-16,19:11:45
ORD04515,CSTMR0935,2025-01-21,17:54:53
ORD04516,CSTMR0942,2024-08-24,08:46:02
ORD04517,CSTMR0456,2025-02-03,18:35:40
ORD04518,CSTMR0443,2025-12-10,12:14:02
ORD04519,CSTMR0701,2023-03-02,18:51:55
ORD04520,CSTMR0325,2025-03-05,20:12:22
ORD04521,CSTMR0519,2024-10-08,20:46:12
ORD04522,CSTMR0107,2025-01-13,12:49:33
ORD04523,CSTMR0987,2024-12-26,22:29:49
ORD04524,CSTMR0616,2026-02-14,15:26:31
ORD04525,CSTMR0936,2022-01-04,20:37:05
ORD04526,CSTMR0725,2024-06-23,13:51:16
ORD04527,CSTMR0947,2024-04-23,19:56:02
ORD04528,CSTMR0262,2025-07-30,13:46:17
ORD04529,CSTMR0607,2024-02-27,22:59:54
ORD04530,CSTMR0754,2025-05-13,12:53:08
ORD04531,CSTMR0061,2022-09-03,09:43:39
ORD04532,CSTMR0230,2024-07-03,12:18:00
ORD04533,CSTMR0339,2022-12-27,22:09:44
ORD04534,CSTMR0716,2024-09-17,19:30:43
ORD04535,CSTMR0335,2023-05-26,17:48:57
ORD04536,CSTMR0677,2023-12-31,11:57:26
ORD04537,CSTMR0702,2021-09-25,13:26:52
ORD04538,CSTMR0906,2024-07-31,17:50:01
ORD04539,CSTMR0068,2026-03-28,19:13:36
ORD04540,CSTMR0094,2026-02-16,13:31:23
ORD04541,CSTMR0772,2022-11-05,09:24:20
ORD04542,CSTMR0658,2025-11-30,19:59:14
ORD04543,CSTMR0084,2025-10-24,20:21:14
ORD04544,CSTMR0824,2022-03-06,21:18:20
ORD04545,CSTMR0390,2022-10-11,12:27:24
ORD04546,CSTMR0712,2022-06-25,09:26:36
ORD04547,CSTMR0207,2024-03-02,13:42:53
ORD04548,CSTMR0214,2022-10-14,13:22:40
ORD04549,CSTMR0867,2023-06-30,22:24:59
ORD04550,CSTMR0599,2023-05-26,16:55:25
ORD04551,CSTMR0230,2021-11-09,19:05:09
ORD04552,CSTMR0280,2024-02-10,11:46:24
ORD04553,CSTMR0970,2024-05-11,14:01:49
ORD04554,CSTMR0170,2021-10-12,21:27:27
ORD04555,CSTMR0617,2024-06-16,12:13:30
ORD04556,CSTMR0426,2025-12-31,21:45:26
ORD04557,CSTMR0614,2024-08-07,11:55:09
ORD04558,CSTMR0705,2025-03-05,13:52:30
ORD04559,CSTMR0399,2022-05-03,14:14:47
ORD04560,CSTMR0845,2022-09-28,12:21:16
ORD04561,CSTMR0458,2025-06-16,12:40:26
ORD04562,CSTMR0426,2025-07-20,16:08:27
ORD04563,CSTMR0821,2024-12-06,13:22:59
ORD04564,CSTMR0125,2024-11-24,19:43:32
ORD04565,CSTMR0356,2023-06-09,13:28:47
ORD04566,CSTMR0090,2022-05-22,19:57:25
ORD04567,CSTMR0502,2026-02-21,17:29:44
ORD04568,CSTMR0095,2023-04-19,12:46:41
ORD04569,CSTMR0309,2022-05-29,15:27:25
ORD04570,CSTMR0321,2021-05-03,11:10:28
ORD04571,CSTMR0087,2022-12-27,12:23:47
ORD04572,CSTMR0890,2025-10-30,13:21:00
ORD04573,CSTMR0826,2023-09-17,16:40:35
ORD04574,CSTMR0863,2022-02-28,22:54:36
ORD04575,CSTMR0380,2022-05-31,13:27:47
ORD04576,CSTMR0649,2025-01-13,08:02:48
ORD04577,CSTMR0479,2024-05-03,08:23:03
ORD04578,CSTMR0635,2023-05-12,14:35:19
ORD04579,CSTMR0429,2025-02-26,19:58:49
ORD04580,CSTMR0265,2024-12-18,21:19:42
ORD04581,CSTMR0178,2025-01-21,15:07:14
ORD04582,CSTMR0106,2024-08-25,08:55:55
ORD04583,CSTMR0271,2024-04-07,22:53:45
ORD04584,CSTMR0882,2023-04-05,20:54:44
ORD04585,CSTMR0271,2025-04-27,22:04:35
ORD04586,CSTMR0224,2021-10-05,14:48:39
ORD04587,CSTMR0809,2023-08-17,08:13:12
ORD04588,CSTMR0710,2022-05-16,20:46:59
ORD04589,CSTMR0135,2023-05-21,21:25:27
ORD04590,CSTMR0858,2022-02-23,12:53:55
ORD04591,CSTMR0185,2022-03-29,21:16:33
ORD04592,CSTMR0787,2025-06-23,21:44:02
ORD04593,CSTMR0141,2024-12-25,13:26:14
ORD04594,CSTMR0312,2023-03-27,20:10:42
ORD04595,CSTMR0321,2023-03-19,11:09:18
ORD04596,CSTMR0067,2022-05-30,22:08:27
ORD04597,CSTMR0687,2026-02-23,14:24:56
ORD04598,CSTMR0222,2022-10-06,20:35:24
ORD04599,CSTMR0799,2022-12-10,08:16:10
ORD04600,CSTMR0903,2025-10-08,16:53:44
ORD04601,CSTMR0247,2023-12-10,12:30:31
ORD04602,CSTMR0394,2025-02-07,08:54:54
ORD04603,CSTMR0477,2022-12-18,20:08:05
ORD04604,CSTMR0598,2025-09-25,12:45:35
ORD04605,CSTMR0814,2022-06-30,13:25:22
ORD04606,CSTMR0743,2024-05-02,14:20:42
ORD04607,CSTMR0856,2023-02-16,19:32:45
ORD04608,CSTMR0403,2025-12-20,15:22:57
ORD04609,CSTMR0596,2024-05-25,19:29:52
ORD04610,CSTMR0318,2024-09-02,15:53:55
ORD04611,CSTMR0751,2025-08-15,17:36:41
ORD04612,CSTMR0574,2026-01-09,22:28:01
ORD04613,CSTMR0156,2022-12-13,15:38:32
ORD04614,CSTMR0980,2021-04-25,16:38:29
ORD04615,CSTMR0235,2022-04-30,12:35:42
ORD04616,CSTMR0068,2025-10-23,13:19:44
ORD04617,CSTMR0494,2022-03-25,08:50:58
ORD04618,CSTMR0478,2021-11-10,20:29:39
ORD04619,CSTMR0125,2022-07-19,21:56:24
ORD04620,CSTMR0757,2026-05-22,19:16:54
ORD04621,CSTMR0370,2025-01-27,13:44:06
ORD04622,CSTMR0708,2023-11-23,12:42:22
ORD04623,CSTMR0989,2025-08-03,14:03:04
ORD04624,CSTMR0270,2026-04-24,15:29:19
ORD04625,CSTMR0562,2025-05-11,13:47:45
ORD04626,CSTMR0093,2023-07-03,21:44:13
ORD04627,CSTMR0287,2021-08-31,14:57:03
ORD04628,CSTMR0748,2022-08-02,12:08:41
ORD04629,CSTMR0892,2022-10-18,09:14:30
ORD04630,CSTMR0906,2023-03-21,18:52:02
ORD04631,CSTMR0156,2025-10-15,10:54:24
ORD04632,CSTMR0018,2024-04-09,18:38:28
ORD04633,CSTMR0250,2023-10-28,16:11:20
ORD04634,CSTMR0932,2023-09-23,17:04:00
ORD04635,CSTMR0972,2026-01-14,21:55:51
ORD04636,CSTMR0971,2022-08-20,20:37:54
ORD04637,CSTMR0994,2022-10-15,13:02:58
ORD04638,CSTMR0003,2022-08-14,11:23:24
ORD04639,CSTMR0474,2023-07-09,13:29:31
ORD04640,CSTMR0374,2025-03-08,14:02:08
ORD04641,CSTMR0375,2023-05-13,14:35:22
ORD04642,CSTMR0098,2024-06-22,08:13:44
ORD04643,CSTMR0484,2024-02-26,11:37:27
ORD04644,CSTMR0879,2023-12-02,20:25:48
ORD04645,CSTMR0699,2024-06-30,21:07:45
ORD04646,CSTMR0158,2026-01-10,19:13:02
ORD04647,CSTMR0281,2023-12-30,12:26:05
ORD04648,CSTMR0328,2023-11-25,10:03:23
ORD04649,CSTMR0846,2025-10-09,08:45:08
ORD04650,CSTMR0122,2022-10-20,16:21:00
ORD04651,CSTMR0493,2024-02-23,20:15:27
ORD04652,CSTMR0175,2022-11-17,20:53:04
ORD04653,CSTMR0617,2026-01-29,18:03:43
ORD04654,CSTMR0318,2025-10-15,10:58:36
ORD04655,CSTMR0510,2023-03-13,20:11:40
ORD04656,CSTMR0782,2024-08-21,21:58:50
ORD04657,CSTMR0509,2026-06-01,19:55:34
ORD04658,CSTMR0937,2021-07-22,16:38:21
ORD04659,CSTMR0965,2024-08-17,20:46:19
ORD04660,CSTMR0477,2023-09-17,13:33:25
ORD04661,CSTMR0708,2025-06-24,18:00:52
ORD04662,CSTMR0753,2026-04-07,21:04:53
ORD04663,CSTMR0508,2022-12-04,19:33:45
ORD04664,CSTMR0467,2021-10-31,15:35:30
ORD04665,CSTMR0545,2021-10-23,19:01:34
ORD04666,CSTMR0051,2026-02-07,19:37:40
ORD04667,CSTMR0852,2022-07-12,13:15:47
ORD04668,CSTMR0326,2025-07-06,12:36:29
ORD04669,CSTMR0013,2022-09-18,14:28:56
ORD04670,CSTMR0612,2026-01-03,10:41:04
ORD04671,CSTMR0701,2025-08-18,20:37:31
ORD04672,CSTMR0507,2025-02-27,14:18:52
ORD04673,CSTMR0218,2021-05-20,11:30:39
ORD04674,CSTMR0801,2024-04-23,22:31:02
ORD04675,CSTMR0254,2024-03-29,22:25:44
ORD04676,CSTMR0484,2022-09-10,21:39:46
ORD04677,CSTMR0694,2025-02-24,19:29:58
ORD04678,CSTMR0445,2024-07-27,22:06:19
ORD04679,CSTMR0818,2021-12-23,21:24:14
ORD04680,CSTMR0609,2026-01-12,21:28:32
ORD04681,CSTMR0967,2024-09-15,22:44:40
ORD04682,CSTMR0562,2022-08-19,13:25:13
ORD04683,CSTMR0463,2024-08-08,16:57:45
ORD04684,CSTMR0724,2024-12-19,12:43:03
ORD04685,CSTMR0567,2026-01-07,21:53:34
ORD04686,CSTMR0305,2021-05-08,18:11:39
ORD04687,CSTMR0432,2025-12-26,11:33:04
ORD04688,CSTMR0870,2022-12-03,14:54:21
ORD04689,CSTMR0867,2022-07-06,20:54:53
ORD04690,CSTMR0571,2023-09-03,21:18:30
ORD04691,CSTMR0627,2024-10-26,13:31:00
ORD04692,CSTMR0306,2025-08-25,13:48:42
ORD04693,CSTMR0244,2023-04-20,21:57:26
ORD04694,CSTMR0762,2025-01-24,11:17:57
ORD04695,CSTMR0793,2026-03-22,13:13:02
ORD04696,CSTMR0447,2025-07-08,21:57:49
ORD04697,CSTMR0701,2024-06-18,10:00:27
ORD04698,CSTMR0862,2024-10-05,21:28:33
ORD04699,CSTMR0440,2023-05-15,20:09:36
ORD04700,CSTMR0998,2025-03-08,21:32:05
ORD04701,CSTMR0727,2023-04-01,13:15:02
ORD04702,CSTMR0320,2023-12-16,10:08:38
ORD04703,CSTMR0334,2026-02-16,21:57:04
ORD04704,CSTMR0369,2024-09-26,10:52:21
ORD04705,CSTMR0908,2023-09-16,08:43:13
ORD04706,CSTMR0723,2025-05-16,20:05:39
ORD04707,CSTMR0610,2024-02-24,17:41:06
ORD04708,CSTMR0251,2021-08-24,19:03:03
ORD04709,CSTMR0164,2024-07-17,21:47:25
ORD04710,CSTMR0617,2023-02-02,19:06:20
ORD04711,CSTMR0062,2023-06-18,20:26:12
ORD04712,CSTMR0456,2024-10-07,15:45:00
ORD04713,CSTMR0471,2023-10-27,08:49:26
ORD04714,CSTMR0434,2021-03-20,20:57:10
ORD04715,CSTMR0919,2023-05-11,11:30:42
ORD04716,CSTMR0401,2024-08-17,12:54:48
ORD04717,CSTMR0314,2025-09-23,08:03:43
ORD04718,CSTMR0438,2024-06-17,20:50:52
ORD04719,CSTMR0441,2025-04-04,19:54:02
ORD04720,CSTMR0345,2023-11-17,19:06:19
ORD04721,CSTMR0560,2025-12-03,15:57:47
ORD04722,CSTMR0213,2022-03-25,17:44:22
ORD04723,CSTMR0132,2023-04-22,12:04:46
ORD04724,CSTMR0948,2022-04-08,10:47:45
ORD04725,CSTMR0223,2022-05-05,20:43:44
ORD04726,CSTMR0351,2024-05-06,19:52:51
ORD04727,CSTMR0408,2021-08-16,13:25:29
ORD04728,CSTMR0935,2021-12-12,18:12:43
ORD04729,CSTMR0333,2022-03-02,12:52:08
ORD04730,CSTMR0732,2022-09-11,12:27:12
ORD04731,CSTMR0878,2022-11-29,14:55:19
ORD04732,CSTMR0354,2026-01-01,08:37:47
ORD04733,CSTMR0887,2024-03-23,08:09:22
ORD04734,CSTMR0744,2026-01-29,19:23:05
ORD04735,CSTMR0750,2025-11-04,19:10:18
ORD04736,CSTMR0383,2023-12-08,13:06:45
ORD04737,CSTMR0403,2025-10-14,21:06:16
ORD04738,CSTMR0631,2021-06-24,17:07:48
ORD04739,CSTMR0422,2021-04-14,16:58:49
ORD04740,CSTMR0429,2022-11-06,18:19:54
ORD04741,CSTMR0482,2025-08-07,12:44:39
ORD04742,CSTMR0602,2025-09-01,12:30:24
ORD04743,CSTMR0728,2023-06-26,08:58:53
ORD04744,CSTMR0495,2025-01-09,14:49:09
ORD04745,CSTMR0768,2024-03-24,13:57:25
ORD04746,CSTMR0661,2025-01-23,20:23:29
ORD04747,CSTMR0064,2024-02-12,13:50:10
ORD04748,CSTMR0210,2026-02-25,12:24:50
ORD04749,CSTMR0257,2022-05-22,12:57:41
ORD04750,CSTMR0905,2025-11-28,13:17:35
ORD04751,CSTMR0170,2025-10-19,08:57:22
ORD04752,CSTMR0946,2025-03-09,13:08:03
ORD04753,CSTMR0279,2023-08-07,19:01:01
ORD04754,CSTMR0806,2023-04-14,21:29:44
ORD04755,CSTMR0554,2023-10-19,20:04:27
ORD04756,CSTMR0692,2026-05-24,12:26:08
ORD04757,CSTMR0815,2026-05-31,22:53:09
ORD04758,CSTMR0194,2024-08-05,09:19:01
ORD04759,CSTMR0744,2025-12-20,09:04:48
ORD04760,CSTMR0358,2022-01-13,18:13:15
ORD04761,CSTMR0259,2024-04-02,10:57:34
ORD04762,CSTMR0624,2022-07-27,20:42:09
ORD04763,CSTMR0785,2024-04-19,19:37:14
ORD04764,CSTMR0650,2024-05-05,12:12:28
ORD04765,CSTMR0301,2026-01-30,12:45:13
ORD04766,CSTMR0358,2024-09-11,21:04:35
ORD04767,CSTMR0691,2024-12-14,13:48:03
ORD04768,CSTMR0199,2022-02-09,21:15:00
ORD04769,CSTMR0635,2024-06-17,20:57:57
ORD04770,CSTMR0688,2026-03-27,14:51:40
ORD04771,CSTMR0020,2023-03-20,10:55:46
ORD04772,CSTMR0911,2024-11-29,20:23:55
ORD04773,CSTMR0171,2024-05-04,11:09:29
ORD04774,CSTMR0806,2022-06-02,10:15:00
ORD04775,CSTMR0952,2025-07-19,22:26:37
ORD04776,CSTMR0401,2024-12-30,15:13:12
ORD04777,CSTMR0489,2025-04-19,19:22:35
ORD04778,CSTMR0298,2025-05-20,08:56:29
ORD04779,CSTMR0750,2024-09-08,21:42:38
ORD04780,CSTMR0482,2023-01-07,16:54:52
ORD04781,CSTMR0469,2025-12-21,12:51:50
ORD04782,CSTMR0583,2024-02-29,15:25:31
ORD04783,CSTMR0713,2021-05-26,16:51:20
ORD04784,CSTMR0816,2026-03-31,12:38:33
ORD04785,CSTMR0537,2023-06-16,14:14:05
ORD04786,CSTMR0052,2026-05-03,09:18:17
ORD04787,CSTMR0166,2023-06-06,19:39:01
ORD04788,CSTMR0177,2022-01-23,19:07:29
ORD04789,CSTMR0786,2025-03-16,21:04:58
ORD04790,CSTMR0070,2024-11-30,21:52:42
ORD04791,CSTMR0356,2022-03-17,09:41:04
ORD04792,CSTMR0909,2023-08-04,15:34:45
ORD04793,CSTMR0937,2022-06-07,18:54:51
ORD04794,CSTMR0953,2026-03-23,21:06:31
ORD04795,CSTMR0945,2025-12-31,13:48:45
ORD04796,CSTMR0781,2023-02-12,22:17:32
ORD04797,CSTMR0445,2025-10-17,11:36:51
ORD04798,CSTMR0270,2024-02-04,17:21:06
ORD04799,CSTMR0108,2023-03-26,09:50:20
ORD04800,CSTMR0351,2024-10-08,11:49:48
ORD04801,CSTMR0532,2023-04-07,19:43:35
ORD04802,CSTMR0536,2023-05-12,20:21:25
ORD04803,CSTMR0325,2024-08-06,11:10:07
ORD04804,CSTMR0777,2021-07-20,12:43:15
ORD04805,CSTMR0254,2024-12-13,12:29:55
ORD04806,CSTMR0708,2024-03-31,17:21:59
ORD04807,CSTMR0876,2025-07-26,12:38:38
ORD04808,CSTMR0104,2023-05-10,20:13:15
ORD04809,CSTMR0002,2021-03-26,22:13:26
ORD04810,CSTMR0554,2024-10-28,18:16:36
ORD04811,CSTMR0570,2026-01-04,19:38:54
ORD04812,CSTMR0010,2025-04-02,15:41:09
ORD04813,CSTMR0676,2026-01-06,12:26:44
ORD04814,CSTMR0158,2023-12-15,13:57:55
ORD04815,CSTMR0767,2024-02-06,22:33:26
ORD04816,CSTMR0119,2025-05-28,18:06:34
ORD04817,CSTMR0903,2025-02-26,18:35:06
ORD04818,CSTMR0980,2026-04-13,22:03:59
ORD04819,CSTMR0952,2024-10-30,12:23:48
ORD04820,CSTMR0013,2024-12-06,09:35:50
ORD04821,CSTMR0018,2022-12-02,20:08:51
ORD04822,CSTMR0753,2021-11-07,21:25:17
ORD04823,CSTMR0441,2024-12-03,18:42:45
ORD04824,CSTMR0012,2025-07-24,17:32:36
ORD04825,CSTMR0019,2023-07-05,19:07:44
ORD04826,CSTMR0669,2021-07-02,12:26:19
ORD04827,CSTMR0285,2021-07-01,21:40:13
ORD04828,CSTMR0888,2022-10-03,16:06:32
ORD04829,CSTMR0662,2025-09-18,10:17:04
ORD04830,CSTMR0564,2022-01-21,21:49:13
ORD04831,CSTMR0204,2025-01-09,19:14:32
ORD04832,CSTMR0746,2023-08-28,08:51:41
ORD04833,CSTMR0826,2025-05-03,12:47:45
ORD04834,CSTMR0067,2024-09-08,19:07:25
ORD04835,CSTMR0430,2023-06-03,22:11:06
ORD04836,CSTMR0178,2026-03-24,12:02:28
ORD04837,CSTMR0039,2025-05-30,16:49:34
ORD04838,CSTMR0864,2025-01-19,20:00:08
ORD04839,CSTMR0127,2024-07-10,16:36:28
ORD04840,CSTMR0583,2023-09-23,11:15:13
ORD04841,CSTMR0146,2023-05-11,21:17:43
ORD04842,CSTMR0853,2026-03-23,09:53:33
ORD04843,CSTMR0031,2025-05-24,20:34:56
ORD04844,CSTMR0234,2025-02-14,18:27:27
ORD04845,CSTMR0108,2025-01-26,16:00:21
ORD04846,CSTMR0365,2025-10-04,16:47:54
ORD04847,CSTMR0422,2025-02-21,13:23:30
ORD04848,CSTMR0798,2021-09-03,13:18:41
ORD04849,CSTMR0515,2022-09-17,19:02:33
ORD04850,CSTMR0945,2025-02-21,18:20:35
ORD04851,CSTMR0803,2022-10-05,17:43:23
ORD04852,CSTMR0166,2026-05-15,10:24:30
ORD04853,CSTMR0336,2025-08-25,20:22:41
ORD04854,CSTMR0228,2025-09-01,08:41:46
ORD04855,CSTMR0067,2024-10-30,20:40:01
ORD04856,CSTMR0463,2026-01-04,20:32:16
ORD04857,CSTMR0206,2024-06-30,22:16:35
ORD04858,CSTMR0703,2021-05-17,11:06:20
ORD04859,CSTMR0007,2023-05-09,08:05:48
ORD04860,CSTMR0361,2021-11-05,12:34:36
ORD04861,CSTMR0497,2023-09-15,13:13:15
ORD04862,CSTMR0920,2025-10-02,13:24:59
ORD04863,CSTMR0302,2022-12-10,12:59:38
ORD04864,CSTMR0099,2024-03-08,09:29:10
ORD04865,CSTMR0795,2022-10-13,12:58:04
ORD04866,CSTMR0941,2025-07-21,11:35:12
ORD04867,CSTMR0138,2024-02-07,12:12:52
ORD04868,CSTMR0718,2024-07-31,21:15:39
ORD04869,CSTMR0535,2026-03-04,14:57:59
ORD04870,CSTMR0291,2026-05-27,20:39:44
ORD04871,CSTMR0416,2021-06-11,21:40:55
ORD04872,CSTMR0640,2021-04-09,10:34:29
ORD04873,CSTMR0873,2021-08-13,20:55:55
ORD04874,CSTMR0333,2022-04-29,13:54:24
ORD04875,CSTMR0570,2023-12-17,16:30:20
ORD04876,CSTMR0983,2023-04-30,19:47:04
ORD04877,CSTMR0468,2022-07-04,08:57:24
ORD04878,CSTMR0952,2024-08-02,19:40:14
ORD04879,CSTMR0350,2026-02-03,22:04:48
ORD04880,CSTMR0149,2026-04-24,19:55:49
ORD04881,CSTMR0909,2025-05-21,12:22:18
ORD04882,CSTMR0469,2025-08-14,14:44:13
ORD04883,CSTMR0218,2021-01-22,19:00:31
ORD04884,CSTMR0720,2022-03-13,20:03:41
ORD04885,CSTMR0767,2025-06-18,17:00:18
ORD04886,CSTMR0368,2023-02-02,13:46:50
ORD04887,CSTMR0915,2023-07-21,20:50:06
ORD04888,CSTMR0525,2021-02-28,19:10:09
ORD04889,CSTMR0164,2026-03-29,21:06:19
ORD04890,CSTMR0553,2022-07-14,08:58:23
ORD04891,CSTMR0274,2023-07-15,17:48:22
ORD04892,CSTMR0976,2026-01-25,21:47:46
ORD04893,CSTMR0744,2024-07-24,09:22:27
ORD04894,CSTMR0915,2023-01-19,20:53:05
ORD04895,CSTMR0017,2023-09-29,20:26:18
ORD04896,CSTMR0395,2024-09-23,11:13:55
ORD04897,CSTMR0358,2021-06-04,19:12:43
ORD04898,CSTMR0459,2025-08-14,14:23:29
ORD04899,CSTMR0190,2023-11-16,12:03:36
ORD04900,CSTMR0274,2024-05-04,08:57:35
ORD04901,CSTMR0945,2024-05-27,18:18:30
ORD04902,CSTMR0034,2024-07-20,18:08:49
ORD04903,CSTMR0662,2024-12-14,21:30:24
ORD04904,CSTMR0843,2021-11-05,15:04:12
ORD04905,CSTMR0130,2022-05-17,19:28:38
ORD04906,CSTMR0342,2023-08-28,20:10:23
ORD04907,CSTMR0342,2024-04-28,14:05:24
ORD04908,CSTMR0583,2023-10-31,11:35:40
ORD04909,CSTMR0679,2026-05-15,09:52:19
ORD04910,CSTMR0510,2023-03-10,14:37:48
ORD04911,CSTMR0692,2023-03-11,15:32:51
ORD04912,CSTMR0423,2023-12-31,09:12:25
ORD04913,CSTMR0782,2021-05-22,09:52:05
ORD04914,CSTMR0184,2024-06-01,21:19:50
ORD04915,CSTMR0056,2023-03-20,12:04:36
ORD04916,CSTMR0190,2026-03-07,21:16:58
ORD04917,CSTMR0251,2023-04-04,09:41:25
ORD04918,CSTMR0142,2024-04-22,12:44:28
ORD04919,CSTMR0793,2024-03-30,09:42:17
ORD04920,CSTMR0971,2025-01-21,14:06:00
ORD04921,CSTMR0890,2026-03-16,21:03:52
ORD04922,CSTMR0495,2025-08-06,12:44:18
ORD04923,CSTMR0421,2024-11-30,11:14:16
ORD04924,CSTMR0650,2024-01-04,21:05:16
ORD04925,CSTMR0983,2021-05-29,19:12:57
ORD04926,CSTMR0618,2025-11-10,15:16:57
ORD04927,CSTMR0713,2024-07-26,21:45:02
ORD04928,CSTMR0720,2025-01-06,18:56:14
ORD04929,CSTMR0616,2023-10-30,09:42:03
ORD04930,CSTMR0639,2024-04-22,11:10:21
ORD04931,CSTMR0743,2022-08-10,08:44:57
ORD04932,CSTMR0747,2026-04-19,20:12:15
ORD04933,CSTMR0377,2025-04-18,12:14:07
ORD04934,CSTMR0594,2024-01-13,11:04:57
ORD04935,CSTMR0572,2026-06-01,08:07:30
ORD04936,CSTMR0718,2024-03-27,22:52:45
ORD04937,CSTMR0878,2025-09-01,18:56:27
ORD04938,CSTMR0603,2024-10-22,19:03:13
ORD04939,CSTMR0508,2026-02-12,22:29:36
ORD04940,CSTMR0625,2021-05-02,19:15:45
ORD04941,CSTMR0975,2024-11-03,13:00:18
ORD04942,CSTMR0674,2024-12-06,20:08:29
ORD04943,CSTMR0720,2024-12-20,11:19:19
ORD04944,CSTMR0471,2023-07-22,21:05:56
ORD04945,CSTMR0280,2026-01-03,21:57:51
ORD04946,CSTMR0728,2024-07-26,12:32:49
ORD04947,CSTMR0702,2025-05-09,15:02:44
ORD04948,CSTMR0358,2021-06-04,12:38:10
ORD04949,CSTMR0875,2021-05-27,21:47:26
ORD04950,CSTMR0502,2024-08-17,14:33:08
ORD04951,CSTMR0638,2024-10-31,08:43:04
ORD04952,CSTMR0267,2026-03-22,08:17:37
ORD04953,CSTMR0887,2023-01-31,22:15:49
ORD04954,CSTMR0017,2022-03-15,16:44:45
ORD04955,CSTMR0963,2025-08-29,09:42:01
ORD04956,CSTMR0646,2025-03-18,19:16:57
ORD04957,CSTMR0787,2023-03-23,19:58:24
ORD04958,CSTMR0121,2025-06-06,20:11:34
ORD04959,CSTMR0832,2026-01-10,20:32:19
ORD04960,CSTMR0251,2024-09-24,12:02:49
ORD04961,CSTMR0736,2025-02-07,21:12:27
ORD04962,CSTMR0970,2022-04-16,20:46:44
ORD04963,CSTMR0914,2023-03-01,08:11:22
ORD04964,CSTMR0841,2024-09-18,11:46:40
ORD04965,CSTMR0617,2023-09-23,09:49:34
ORD04966,CSTMR0208,2023-03-11,19:21:22
ORD04967,CSTMR0431,2024-07-23,21:34:12
ORD04968,CSTMR0291,2025-08-15,13:30:34
ORD04969,CSTMR0891,2025-09-12,21:03:33
ORD04970,CSTMR0435,2023-03-30,15:50:17
ORD04971,CSTMR0646,2021-12-07,18:24:07
ORD04972,CSTMR0779,2025-06-14,21:50:50
ORD04973,CSTMR0522,2026-02-02,22:33:28
ORD04974,CSTMR0511,2026-05-22,19:24:05
ORD04975,CSTMR0285,2022-10-14,12:57:51
ORD04976,CSTMR0744,2026-03-13,21:02:29
ORD04977,CSTMR0789,2025-10-03,20:40:00
ORD04978,CSTMR0206,2025-09-22,18:20:32
ORD04979,CSTMR0388,2025-03-04,19:26:30
ORD04980,CSTMR0636,2021-01-26,09:21:59
ORD04981,CSTMR0764,2025-09-03,13:27:02
ORD04982,CSTMR0221,2024-05-04,11:45:29
ORD04983,CSTMR0334,2026-04-26,21:31:05
ORD04984,CSTMR0676,2025-12-24,12:05:17
ORD04985,CSTMR0251,2023-09-27,13:24:09
ORD04986,CSTMR0434,2021-10-10,13:45:48
ORD04987,CSTMR0855,2025-03-11,14:26:26
ORD04988,CSTMR0862,2026-02-26,16:35:54
ORD04989,CSTMR0002,2021-08-08,12:26:28
ORD04990,CSTMR0686,2024-12-24,09:41:38
ORD04991,CSTMR0550,2022-12-09,14:44:32
ORD04992,CSTMR0067,2023-04-23,15:36:13
ORD04993,CSTMR0871,2024-05-26,21:36:20
ORD04994,CSTMR0448,2023-07-30,22:09:19
ORD04995,CSTMR0976,2026-03-11,14:49:24
ORD04996,CSTMR0330,2024-02-22,17:26:55
ORD04997,CSTMR0029,2026-02-25,10:43:03
ORD04998,CSTMR0692,2025-02-23,13:25:06
ORD04999,CSTMR0632,2026-03-04,17:08:34
ORD05000,CSTMR0248,2025-01-08,11:32:40
ORD05001,CSTMR0917,2025-12-12,19:39:08
ORD05002,CSTMR0788,2022-11-12,12:03:35
ORD05003,CSTMR0528,2025-09-11,19:39:21
ORD05004,CSTMR0614,2025-04-17,13:04:32
ORD05005,CSTMR0730,2021-03-16,09:38:03
ORD05006,CSTMR0735,2021-01-27,15:55:22
ORD05007,CSTMR0046,2022-09-17,21:40:18
ORD05008,CSTMR0868,2024-08-24,18:21:19
ORD05009,CSTMR0885,2022-03-13,17:05:53
ORD05010,CSTMR0889,2022-05-23,11:54:07
ORD05011,CSTMR0466,2025-12-22,16:45:29
ORD05012,CSTMR0696,2022-07-30,08:26:05
ORD05013,CSTMR0232,2025-11-08,08:52:07
ORD05014,CSTMR0199,2025-02-09,15:31:04
ORD05015,CSTMR0870,2023-04-16,21:14:30
ORD05016,CSTMR0970,2023-02-28,11:17:27
ORD05017,CSTMR0811,2021-04-19,18:21:33
ORD05018,CSTMR0416,2022-05-23,19:56:12
ORD05019,CSTMR0597,2024-06-11,16:44:17
ORD05020,CSTMR0936,2024-05-26,19:32:55
ORD05021,CSTMR0239,2021-06-08,17:33:11
ORD05022,CSTMR0804,2022-02-09,18:58:10
ORD05023,CSTMR0019,2023-10-02,15:05:22
ORD05024,CSTMR0524,2024-04-13,14:53:05
ORD05025,CSTMR0571,2024-01-14,14:43:08
ORD05026,CSTMR0125,2024-12-27,08:37:48
ORD05027,CSTMR0661,2025-10-29,11:22:46
ORD05028,CSTMR0426,2024-03-30,20:30:06
ORD05029,CSTMR0046,2024-03-14,20:42:05
ORD05030,CSTMR0902,2023-02-21,15:58:02
ORD05031,CSTMR0477,2024-08-17,20:45:40
ORD05032,CSTMR0034,2024-01-02,18:42:28
ORD05033,CSTMR0725,2022-06-18,13:51:51
ORD05034,CSTMR0141,2024-04-21,13:43:07
ORD05035,CSTMR0839,2023-07-09,21:02:30
ORD05036,CSTMR0914,2024-02-24,09:13:58
ORD05037,CSTMR0035,2025-07-24,08:29:19
ORD05038,CSTMR0358,2025-02-20,10:31:56
ORD05039,CSTMR0218,2021-04-30,13:41:23
ORD05040,CSTMR0054,2025-07-09,16:44:26
ORD05041,CSTMR0357,2024-04-01,22:09:24
ORD05042,CSTMR0564,2025-12-26,13:31:29
ORD05043,CSTMR0035,2025-03-29,10:36:17
ORD05044,CSTMR0795,2023-11-25,19:24:21
ORD05045,CSTMR0220,2024-11-24,18:47:59
ORD05046,CSTMR0948,2026-02-15,08:23:44
ORD05047,CSTMR0688,2022-08-26,10:57:33
ORD05048,CSTMR0805,2024-12-09,09:34:09
ORD05049,CSTMR0326,2025-02-09,13:14:48
ORD05050,CSTMR0882,2023-07-23,09:35:14
ORD05051,CSTMR0350,2026-01-17,15:59:49
ORD05052,CSTMR0795,2025-11-15,10:11:39
ORD05053,CSTMR0074,2024-12-30,16:22:47
ORD05054,CSTMR0389,2024-09-26,11:57:08
ORD05055,CSTMR0923,2021-09-06,22:58:36
ORD05056,CSTMR0620,2022-08-21,21:38:11
ORD05057,CSTMR0694,2023-06-05,20:54:27
ORD05058,CSTMR0154,2025-01-13,11:39:50
ORD05059,CSTMR0363,2021-07-21,11:26:21
ORD05060,CSTMR0686,2026-03-21,12:41:01
ORD05061,CSTMR0029,2026-06-01,10:15:47
ORD05062,CSTMR0534,2026-04-15,13:15:21
ORD05063,CSTMR0425,2025-10-22,19:38:53
ORD05064,CSTMR0852,2023-10-24,17:02:23
ORD05065,CSTMR0572,2022-09-11,12:21:03
ORD05066,CSTMR0388,2025-01-26,13:22:38
ORD05067,CSTMR0719,2023-05-11,19:34:56
ORD05068,CSTMR0697,2022-09-01,14:07:09
ORD05069,CSTMR0363,2023-09-18,12:00:24
ORD05070,CSTMR0796,2025-06-21,12:13:39
ORD05071,CSTMR0295,2022-05-05,22:56:56
ORD05072,CSTMR0753,2023-11-11,14:48:37
ORD05073,CSTMR0681,2025-05-04,09:44:04
ORD05074,CSTMR0246,2025-10-04,19:06:24
ORD05075,CSTMR0661,2025-10-01,20:41:32
ORD05076,CSTMR0149,2023-09-08,12:16:33
ORD05077,CSTMR0116,2021-01-12,21:02:26
ORD05078,CSTMR0446,2025-03-10,21:02:26
ORD05079,CSTMR0478,2026-05-31,18:18:16
ORD05080,CSTMR0643,2023-05-28,14:08:47
ORD05081,CSTMR0004,2022-06-24,22:10:07
ORD05082,CSTMR0071,2024-06-24,20:39:30
ORD05083,CSTMR0749,2025-07-15,17:23:16
ORD05084,CSTMR0122,2022-11-25,20:08:21
ORD05085,CSTMR0048,2023-04-04,09:05:17
ORD05086,CSTMR0043,2023-01-04,14:38:44
ORD05087,CSTMR0002,2021-04-08,12:48:28
ORD05088,CSTMR0264,2022-12-29,22:49:55
ORD05089,CSTMR0140,2023-12-25,08:02:03
ORD05090,CSTMR0846,2022-09-03,15:36:12
ORD05091,CSTMR0911,2024-01-30,19:38:32
ORD05092,CSTMR0304,2024-08-15,08:25:48
ORD05093,CSTMR0546,2025-12-28,19:26:31
ORD05094,CSTMR0400,2025-12-21,19:42:45
ORD05095,CSTMR0828,2024-11-27,21:40:15
ORD05096,CSTMR0076,2023-08-09,19:56:41
ORD05097,CSTMR0167,2025-08-17,14:37:47
ORD05098,CSTMR0167,2024-01-06,20:38:01
ORD05099,CSTMR0403,2024-02-23,13:12:45
ORD05100,CSTMR0323,2024-04-27,11:31:36
ORD05101,CSTMR0204,2022-01-25,19:51:20
ORD05102,CSTMR0316,2022-11-14,20:34:17
ORD05103,CSTMR0860,2023-09-08,17:59:16
ORD05104,CSTMR0231,2023-09-14,17:10:14
ORD05105,CSTMR0066,2024-02-16,13:20:01
ORD05106,CSTMR0438,2021-10-10,15:34:03
ORD05107,CSTMR0682,2023-04-07,20:40:00
ORD05108,CSTMR0420,2021-05-05,11:06:15
ORD05109,CSTMR0168,2025-03-03,12:31:59
ORD05110,CSTMR0149,2022-12-07,09:33:37
ORD05111,CSTMR0249,2022-08-16,12:36:01
ORD05112,CSTMR0035,2025-04-23,13:08:18
ORD05113,CSTMR0718,2021-12-17,22:20:41
ORD05114,CSTMR0109,2025-05-27,17:56:53
ORD05115,CSTMR0303,2021-11-20,21:34:51
ORD05116,CSTMR0555,2023-03-30,13:11:16
ORD05117,CSTMR0276,2023-07-21,14:14:19
ORD05118,CSTMR0405,2025-08-09,14:23:14
ORD05119,CSTMR0936,2024-03-22,21:28:42
ORD05120,CSTMR0566,2022-09-10,20:15:43
ORD05121,CSTMR0445,2024-03-10,09:16:26
ORD05122,CSTMR0267,2023-09-05,14:56:23
ORD05123,CSTMR0963,2021-05-28,21:55:48
ORD05124,CSTMR0371,2023-05-31,15:59:18
ORD05125,CSTMR0658,2024-07-05,08:53:39
ORD05126,CSTMR0041,2022-02-07,09:32:40
ORD05127,CSTMR0512,2021-12-19,17:14:14
ORD05128,CSTMR0820,2024-06-06,14:12:45
ORD05129,CSTMR0713,2021-05-10,20:22:43
ORD05130,CSTMR0559,2023-05-05,09:09:02
ORD05131,CSTMR0403,2022-10-04,10:36:50
ORD05132,CSTMR0836,2023-11-30,21:19:38
ORD05133,CSTMR0761,2024-06-15,13:02:23
ORD05134,CSTMR0320,2021-03-29,21:51:50
ORD05135,CSTMR0453,2025-07-28,22:21:33
ORD05136,CSTMR0692,2021-12-26,13:38:48
ORD05137,CSTMR0657,2024-07-22,14:44:40
ORD05138,CSTMR0597,2023-06-04,16:13:47
ORD05139,CSTMR0011,2025-04-13,13:58:19
ORD05140,CSTMR0625,2022-01-24,11:08:02
ORD05141,CSTMR0122,2022-10-16,22:48:19
ORD05142,CSTMR0343,2025-09-16,11:13:24
ORD05143,CSTMR0940,2022-07-13,17:23:37
ORD05144,CSTMR0555,2023-10-23,19:55:24
ORD05145,CSTMR0147,2021-02-21,19:03:45
ORD05146,CSTMR0118,2023-10-21,09:01:15
ORD05147,CSTMR0978,2025-02-19,12:54:56
ORD05148,CSTMR0578,2024-07-27,13:46:35
ORD05149,CSTMR0422,2022-01-11,20:52:02
ORD05150,CSTMR0968,2022-02-19,12:10:46
ORD05151,CSTMR0849,2022-06-18,22:40:53
ORD05152,CSTMR0654,2023-08-23,13:39:09
ORD05153,CSTMR0573,2023-04-30,20:59:28
ORD05154,CSTMR0615,2024-05-08,22:26:00
ORD05155,CSTMR0994,2024-11-12,08:46:40
ORD05156,CSTMR0892,2024-06-11,13:54:45
ORD05157,CSTMR0496,2026-04-17,09:43:57
ORD05158,CSTMR0632,2022-02-07,10:53:08
ORD05159,CSTMR0170,2021-12-19,21:30:45
ORD05160,CSTMR0431,2024-12-01,13:16:34
ORD05161,CSTMR0844,2024-05-26,19:25:56
ORD05162,CSTMR0873,2021-08-17,21:34:21
ORD05163,CSTMR0596,2025-05-23,16:06:51
ORD05164,CSTMR0161,2023-12-02,16:28:47
ORD05165,CSTMR0499,2022-08-26,11:13:36
ORD05166,CSTMR0834,2026-04-05,20:31:23
ORD05167,CSTMR0131,2023-10-25,13:37:59
ORD05168,CSTMR0967,2023-04-30,08:31:01
ORD05169,CSTMR0794,2026-03-01,13:37:14
ORD05170,CSTMR0554,2023-09-19,12:41:09
ORD05171,CSTMR0046,2022-05-06,19:09:14
ORD05172,CSTMR0547,2023-11-29,17:30:15
ORD05173,CSTMR0225,2021-03-06,19:22:55
ORD05174,CSTMR0471,2026-01-13,16:07:09
ORD05175,CSTMR0735,2026-02-06,19:18:41
ORD05176,CSTMR0456,2022-06-24,20:53:59
ORD05177,CSTMR0246,2026-03-12,11:17:23
ORD05178,CSTMR0508,2023-10-12,14:29:50
ORD05179,CSTMR0728,2024-04-19,19:19:52
ORD05180,CSTMR0857,2023-05-27,08:53:09
ORD05181,CSTMR0134,2025-06-11,14:55:31
ORD05182,CSTMR0142,2024-08-22,10:16:24
ORD05183,CSTMR0810,2025-11-28,19:16:44
ORD05184,CSTMR0946,2026-05-02,18:36:49
ORD05185,CSTMR0680,2023-07-28,20:47:03
ORD05186,CSTMR0521,2021-04-23,21:50:01
ORD05187,CSTMR0065,2022-03-12,12:42:03
ORD05188,CSTMR0089,2022-06-19,13:11:52
ORD05189,CSTMR0144,2023-08-09,19:05:43
ORD05190,CSTMR0564,2024-01-17,16:21:18
ORD05191,CSTMR0728,2025-10-24,15:54:02
ORD05192,CSTMR0391,2026-01-03,12:47:25
ORD05193,CSTMR0605,2024-04-25,17:51:30
ORD05194,CSTMR0113,2023-05-05,20:00:18
ORD05195,CSTMR0168,2022-01-08,22:54:33
ORD05196,CSTMR0508,2024-05-25,16:06:47
ORD05197,CSTMR0986,2025-01-26,16:10:56
ORD05198,CSTMR0016,2022-09-10,18:43:36
ORD05199,CSTMR0086,2024-09-06,13:00:38
ORD05200,CSTMR0035,2024-07-22,22:11:12
ORD05201,CSTMR0403,2022-09-21,21:34:26
ORD05202,CSTMR0200,2026-02-07,21:51:20
ORD05203,CSTMR0426,2023-03-12,18:01:06
ORD05204,CSTMR0308,2025-07-05,13:37:17
ORD05205,CSTMR0174,2025-06-26,14:09:23
ORD05206,CSTMR0544,2026-02-21,19:59:55
ORD05207,CSTMR0358,2022-06-28,16:43:42
ORD05208,CSTMR0376,2022-12-04,11:26:26
ORD05209,CSTMR0467,2024-04-02,17:54:16
ORD05210,CSTMR0072,2025-06-03,17:12:30
ORD05211,CSTMR0789,2025-10-19,20:12:04
ORD05212,CSTMR0508,2024-02-09,13:56:32
ORD05213,CSTMR0226,2026-04-22,17:45:48
ORD05214,CSTMR0284,2025-03-20,19:25:12
ORD05215,CSTMR0690,2024-08-14,13:02:53
ORD05216,CSTMR0679,2026-03-11,12:23:41
ORD05217,CSTMR0954,2025-03-04,13:28:33
ORD05218,CSTMR0089,2021-11-21,08:45:39
ORD05219,CSTMR0669,2024-06-03,20:41:22
ORD05220,CSTMR0450,2022-08-27,21:49:41
ORD05221,CSTMR0278,2024-04-12,20:28:08
ORD05222,CSTMR0064,2025-10-14,21:47:16
ORD05223,CSTMR0216,2023-08-11,20:32:19
ORD05224,CSTMR0207,2022-11-09,09:46:41
ORD05225,CSTMR0035,2025-07-24,14:58:09
ORD05226,CSTMR0380,2024-04-23,09:55:46
ORD05227,CSTMR0372,2024-01-26,21:34:09
ORD05228,CSTMR0209,2023-05-28,19:15:35
ORD05229,CSTMR0884,2025-03-17,21:40:39
ORD05230,CSTMR0174,2026-02-27,15:06:05
ORD05231,CSTMR0135,2026-04-21,15:10:07
ORD05232,CSTMR0645,2025-09-20,21:10:13
ORD05233,CSTMR0847,2025-03-14,18:44:57
ORD05234,CSTMR0424,2023-06-18,19:07:48
ORD05235,CSTMR0763,2022-11-16,09:26:32
ORD05236,CSTMR0867,2023-12-25,11:29:52
ORD05237,CSTMR0517,2025-07-02,11:02:52
ORD05238,CSTMR0385,2024-10-13,20:13:59
ORD05239,CSTMR0780,2024-10-11,20:57:53
ORD05240,CSTMR0404,2025-12-23,15:14:18
ORD05241,CSTMR0423,2024-09-01,14:34:45
ORD05242,CSTMR0152,2022-10-23,13:47:34
ORD05243,CSTMR0244,2025-08-01,16:01:12
ORD05244,CSTMR0546,2025-05-15,16:55:25
ORD05245,CSTMR0236,2023-04-14,08:40:34
ORD05246,CSTMR0586,2022-05-05,14:09:35
ORD05247,CSTMR0931,2024-02-14,17:24:18
ORD05248,CSTMR0121,2024-05-12,22:53:05
ORD05249,CSTMR0379,2022-10-07,19:09:56
ORD05250,CSTMR0719,2023-12-29,19:26:20
ORD05251,CSTMR0779,2023-02-24,21:39:53
ORD05252,CSTMR0004,2023-09-13,19:47:15
ORD05253,CSTMR0081,2023-10-18,17:49:16
ORD05254,CSTMR0266,2024-08-27,17:23:29
ORD05255,CSTMR0678,2025-07-22,18:57:08
ORD05256,CSTMR0737,2022-02-21,20:30:53
ORD05257,CSTMR0862,2023-09-12,21:19:08
ORD05258,CSTMR0863,2024-03-26,08:47:41
ORD05259,CSTMR0497,2026-04-26,12:42:06
ORD05260,CSTMR0109,2024-12-07,11:53:57
ORD05261,CSTMR0577,2023-10-08,14:37:19
ORD05262,CSTMR0481,2022-02-17,19:53:23
ORD05263,CSTMR0361,2023-01-27,19:50:27
ORD05264,CSTMR0820,2026-02-20,16:17:21
ORD05265,CSTMR0995,2024-06-02,15:41:34
ORD05266,CSTMR0953,2024-06-02,09:05:24
ORD05267,CSTMR0429,2022-05-25,11:10:52
ORD05268,CSTMR0607,2023-01-27,12:02:43
ORD05269,CSTMR0833,2025-11-19,16:05:05
ORD05270,CSTMR0395,2025-11-07,19:34:43
ORD05271,CSTMR0026,2023-10-20,15:29:51
ORD05272,CSTMR0611,2022-02-26,22:53:03
ORD05273,CSTMR0201,2022-06-25,20:17:15
ORD05274,CSTMR0321,2023-05-06,12:59:07
ORD05275,CSTMR0545,2024-05-29,20:42:14
ORD05276,CSTMR0950,2023-06-17,20:06:38
ORD05277,CSTMR0297,2021-12-25,10:54:46
ORD05278,CSTMR0613,2025-05-02,19:23:33
ORD05279,CSTMR0508,2022-07-28,13:40:15
ORD05280,CSTMR0122,2022-08-30,16:08:25
ORD05281,CSTMR0550,2022-09-20,20:05:21
ORD05282,CSTMR0979,2024-03-12,17:03:43
ORD05283,CSTMR0646,2024-11-16,12:50:17
ORD05284,CSTMR0877,2025-07-23,20:02:54
ORD05285,CSTMR0072,2026-02-19,09:04:47
ORD05286,CSTMR0337,2021-06-11,17:53:22
ORD05287,CSTMR0468,2024-01-15,13:01:01
ORD05288,CSTMR0159,2026-04-19,09:29:44
ORD05289,CSTMR0947,2022-12-30,12:14:55
ORD05290,CSTMR0529,2021-10-29,12:03:31
ORD05291,CSTMR0941,2025-11-10,13:07:56
ORD05292,CSTMR0831,2025-10-28,20:02:34
ORD05293,CSTMR0478,2024-09-07,13:41:07
ORD05294,CSTMR0833,2023-06-12,11:26:40
ORD05295,CSTMR0514,2024-09-17,15:05:05
ORD05296,CSTMR0827,2024-10-04,17:43:24
ORD05297,CSTMR0080,2021-10-18,12:35:03
ORD05298,CSTMR0891,2025-08-31,19:55:09
ORD05299,CSTMR0128,2021-01-12,12:24:53
ORD05300,CSTMR0369,2025-01-29,15:21:38
ORD05301,CSTMR0814,2022-07-15,18:33:10
ORD05302,CSTMR0467,2025-02-15,21:30:20
ORD05303,CSTMR0421,2025-06-02,21:44:51
ORD05304,CSTMR0483,2025-11-27,14:05:29
ORD05305,CSTMR0727,2024-01-01,14:26:17
ORD05306,CSTMR0862,2023-11-02,08:16:45
ORD05307,CSTMR0358,2023-05-13,10:04:10
ORD05308,CSTMR0796,2023-11-05,21:23:22
ORD05309,CSTMR0304,2023-04-22,14:15:33
ORD05310,CSTMR0735,2021-05-07,13:23:26
ORD05311,CSTMR0794,2021-12-14,08:51:37
ORD05312,CSTMR0283,2022-03-06,14:23:34
ORD05313,CSTMR0635,2025-12-26,09:02:38
ORD05314,CSTMR0527,2021-01-05,21:29:09
ORD05315,CSTMR0282,2024-07-04,09:30:18
ORD05316,CSTMR0282,2025-01-22,20:15:21
ORD05317,CSTMR0511,2023-01-04,19:55:11
ORD05318,CSTMR0583,2025-10-24,09:12:55
ORD05319,CSTMR0772,2025-10-08,18:14:31
ORD05320,CSTMR0681,2023-05-29,11:46:11
ORD05321,CSTMR0041,2026-04-25,15:49:30
ORD05322,CSTMR0815,2026-01-06,12:59:36
ORD05323,CSTMR0636,2023-06-13,14:30:43
ORD05324,CSTMR0894,2024-02-29,20:50:23
ORD05325,CSTMR0498,2025-11-26,22:06:29
ORD05326,CSTMR0505,2024-03-18,21:41:15
ORD05327,CSTMR0128,2026-03-07,15:10:14
ORD05328,CSTMR0863,2026-03-07,17:54:57
ORD05329,CSTMR0462,2023-07-16,12:47:48
ORD05330,CSTMR0253,2021-10-13,11:12:05
ORD05331,CSTMR0057,2024-10-10,16:32:54
ORD05332,CSTMR0062,2025-04-16,08:13:31
ORD05333,CSTMR0549,2023-07-09,22:10:04
ORD05334,CSTMR0922,2025-06-16,19:05:31
ORD05335,CSTMR0919,2025-10-07,18:35:39
ORD05336,CSTMR0119,2025-03-17,21:38:36
ORD05337,CSTMR0839,2024-12-27,21:00:33
ORD05338,CSTMR0519,2021-08-06,13:00:11
ORD05339,CSTMR0500,2025-01-25,16:32:42
ORD05340,CSTMR0981,2026-02-09,21:05:31
ORD05341,CSTMR0596,2024-12-16,09:53:26
ORD05342,CSTMR0856,2024-04-13,12:09:10
ORD05343,CSTMR0222,2024-01-06,13:46:20
ORD05344,CSTMR0657,2023-10-18,08:07:20
ORD05345,CSTMR0517,2023-09-03,08:48:32
ORD05346,CSTMR0577,2025-02-02,13:44:31
ORD05347,CSTMR0985,2024-06-02,14:40:36
ORD05348,CSTMR0202,2025-11-04,13:17:15
ORD05349,CSTMR0604,2024-09-22,12:44:10
ORD05350,CSTMR0016,2022-09-14,20:05:22
ORD05351,CSTMR0348,2022-03-06,19:06:04
ORD05352,CSTMR0396,2024-10-04,17:49:57
ORD05353,CSTMR0352,2023-07-29,13:37:22
ORD05354,CSTMR0985,2025-08-16,17:34:58
ORD05355,CSTMR0603,2025-07-24,13:20:51
ORD05356,CSTMR0911,2023-09-11,20:37:13
ORD05357,CSTMR0677,2025-12-30,21:26:15
ORD05358,CSTMR0506,2023-06-18,13:09:17
ORD05359,CSTMR0633,2023-02-26,10:43:04
ORD05360,CSTMR0642,2023-08-13,11:56:10
ORD05361,CSTMR0570,2024-03-08,12:19:25
ORD05362,CSTMR0702,2025-08-15,10:30:03
ORD05363,CSTMR0120,2025-09-22,22:28:22
ORD05364,CSTMR0524,2025-12-14,13:52:58
ORD05365,CSTMR0659,2024-03-07,22:24:24
ORD05366,CSTMR0628,2026-01-23,22:59:33
ORD05367,CSTMR0222,2024-09-01,13:39:54
ORD05368,CSTMR0244,2024-06-29,08:48:29
ORD05369,CSTMR0313,2024-04-26,16:02:55
ORD05370,CSTMR0788,2022-05-10,21:11:10
ORD05371,CSTMR0253,2025-08-01,13:07:44
ORD05372,CSTMR0650,2023-05-17,14:19:06
ORD05373,CSTMR0327,2022-06-02,13:11:59
ORD05374,CSTMR0119,2023-02-18,08:15:04
ORD05375,CSTMR0003,2024-10-27,12:44:41
ORD05376,CSTMR0271,2025-11-03,14:43:49
ORD05377,CSTMR0252,2023-04-29,11:02:51
ORD05378,CSTMR0302,2022-11-06,12:21:58
ORD05379,CSTMR0355,2021-12-07,11:53:43
ORD05380,CSTMR0629,2022-10-09,12:21:58
ORD05381,CSTMR0073,2025-05-29,14:31:00
ORD05382,CSTMR0066,2023-04-19,12:28:17
ORD05383,CSTMR0768,2026-03-14,13:24:32
ORD05384,CSTMR0126,2022-04-02,20:16:11
ORD05385,CSTMR0767,2026-02-14,18:48:33
ORD05386,CSTMR0292,2024-12-13,14:48:43
ORD05387,CSTMR0719,2025-12-25,22:58:28
ORD05388,CSTMR0545,2023-07-24,21:59:15
ORD05389,CSTMR0622,2022-02-19,12:10:29
ORD05390,CSTMR0400,2025-01-03,08:15:24
ORD05391,CSTMR0669,2023-10-20,16:26:04
ORD05392,CSTMR0476,2024-02-18,13:24:03
ORD05393,CSTMR0696,2021-07-31,21:49:49
ORD05394,CSTMR0969,2025-06-09,12:01:35
ORD05395,CSTMR0408,2024-09-07,11:48:54
ORD05396,CSTMR0314,2023-11-03,09:55:35
ORD05397,CSTMR0826,2026-01-29,20:53:05
ORD05398,CSTMR0639,2026-02-01,20:02:09
ORD05399,CSTMR0919,2024-11-08,08:21:43
ORD05400,CSTMR0107,2025-01-24,17:31:05
ORD05401,CSTMR0203,2023-10-03,13:30:38
ORD05402,CSTMR0134,2024-01-04,13:36:50
ORD05403,CSTMR0621,2023-11-26,20:51:55
ORD05404,CSTMR0937,2021-09-21,18:26:25
ORD05405,CSTMR0276,2023-04-13,12:53:25
ORD05406,CSTMR0745,2022-11-12,20:39:53
ORD05407,CSTMR0749,2023-08-07,12:19:44
ORD05408,CSTMR0660,2023-01-06,14:35:41
ORD05409,CSTMR0581,2023-02-12,21:22:37
ORD05410,CSTMR0297,2022-04-24,18:42:05
ORD05411,CSTMR0522,2025-04-30,09:02:39
ORD05412,CSTMR0935,2021-02-18,20:02:13
ORD05413,CSTMR0944,2024-11-01,19:20:53
ORD05414,CSTMR0926,2023-10-14,21:56:49
ORD05415,CSTMR0350,2021-11-13,20:30:42
ORD05416,CSTMR0913,2023-02-02,10:26:25
ORD05417,CSTMR0145,2024-10-10,20:36:56
ORD05418,CSTMR0303,2024-12-04,18:31:54
ORD05419,CSTMR0392,2026-04-30,20:23:23
ORD05420,CSTMR0502,2021-02-23,21:44:22
ORD05421,CSTMR0132,2023-07-26,15:29:28
ORD05422,CSTMR0800,2024-09-07,16:26:10
ORD05423,CSTMR0146,2025-09-26,09:14:54
ORD05424,CSTMR0858,2025-05-25,13:25:20
ORD05425,CSTMR0469,2022-12-23,12:22:18
ORD05426,CSTMR0689,2022-10-04,20:24:14
ORD05427,CSTMR0398,2025-05-23,19:13:24
ORD05428,CSTMR0139,2024-11-15,17:41:40
ORD05429,CSTMR0968,2023-01-15,11:37:25
ORD05430,CSTMR0405,2022-03-08,20:04:48
ORD05431,CSTMR0257,2024-02-08,12:00:34
ORD05432,CSTMR0600,2025-09-15,20:27:39
ORD05433,CSTMR0065,2025-12-07,08:48:59
ORD05434,CSTMR0967,2026-01-24,09:54:14
ORD05435,CSTMR0296,2023-11-13,12:23:54
ORD05436,CSTMR0430,2023-06-28,14:40:20
ORD05437,CSTMR0355,2025-12-29,20:33:34
ORD05438,CSTMR0137,2024-03-31,16:29:46
ORD05439,CSTMR0090,2024-02-28,14:30:48
ORD05440,CSTMR0773,2023-08-06,19:57:06
ORD05441,CSTMR0087,2026-01-06,09:18:09
ORD05442,CSTMR0076,2024-01-29,19:37:40
ORD05443,CSTMR0588,2023-01-13,19:34:02
ORD05444,CSTMR0217,2025-02-23,13:42:27
ORD05445,CSTMR0723,2025-12-15,21:06:23
ORD05446,CSTMR0036,2022-12-10,17:33:08
ORD05447,CSTMR0856,2023-05-30,22:23:03
ORD05448,CSTMR0970,2024-08-15,18:15:19
ORD05449,CSTMR0295,2024-12-07,10:48:58
ORD05450,CSTMR0611,2023-03-31,08:54:43
ORD05451,CSTMR0040,2024-01-03,12:52:53
ORD05452,CSTMR0356,2025-11-27,12:03:21
ORD05453,CSTMR0910,2024-04-02,19:33:37
ORD05454,CSTMR0471,2024-10-26,21:11:14
ORD05455,CSTMR0558,2024-06-19,20:50:05
ORD05456,CSTMR0244,2024-02-03,19:13:22
ORD05457,CSTMR0944,2026-02-16,13:17:45
ORD05458,CSTMR0271,2026-03-22,11:41:04
ORD05459,CSTMR0176,2025-01-18,12:40:08
ORD05460,CSTMR0477,2024-07-02,09:41:13
ORD05461,CSTMR0817,2023-01-25,12:28:34
ORD05462,CSTMR0652,2026-03-29,09:22:26
ORD05463,CSTMR0292,2025-08-11,14:27:12
ORD05464,CSTMR0646,2022-08-28,11:49:10
ORD05465,CSTMR0935,2023-07-05,21:02:53
ORD05466,CSTMR0128,2025-09-28,21:50:06
ORD05467,CSTMR0505,2026-05-12,11:52:53
ORD05468,CSTMR0087,2023-02-11,11:15:33
ORD05469,CSTMR0426,2026-05-28,14:02:48
ORD05470,CSTMR0794,2022-12-09,08:06:32
ORD05471,CSTMR0764,2025-12-05,16:14:40
ORD05472,CSTMR0901,2022-01-27,16:30:27
ORD05473,CSTMR0879,2023-03-27,14:25:43
ORD05474,CSTMR0033,2022-11-06,10:28:26
ORD05475,CSTMR0787,2021-04-14,10:30:22
ORD05476,CSTMR0004,2022-10-24,14:33:37
ORD05477,CSTMR0344,2024-09-26,21:25:40
ORD05478,CSTMR0643,2025-02-14,09:08:07
ORD05479,CSTMR0285,2024-07-10,09:51:32
ORD05480,CSTMR0819,2024-02-15,12:48:49
ORD05481,CSTMR0690,2024-12-17,11:03:23
ORD05482,CSTMR0635,2024-04-30,16:46:14
ORD05483,CSTMR0299,2025-08-09,20:58:18
ORD05484,CSTMR0914,2024-05-24,16:59:13
ORD05485,CSTMR0479,2023-11-04,08:04:36
ORD05486,CSTMR0098,2023-04-25,13:51:25
ORD05487,CSTMR0910,2025-08-29,22:28:30
ORD05488,CSTMR0274,2025-11-11,20:30:42
ORD05489,CSTMR0807,2023-01-02,13:52:55
ORD05490,CSTMR0447,2026-03-11,12:01:01
ORD05491,CSTMR0468,2023-10-25,16:09:11
ORD05492,CSTMR0793,2025-09-22,13:52:14
ORD05493,CSTMR0255,2021-07-08,20:54:25
ORD05494,CSTMR0476,2025-01-03,18:13:42
ORD05495,CSTMR0777,2025-03-22,14:58:17
ORD05496,CSTMR0537,2024-06-26,21:54:33
ORD05497,CSTMR0951,2026-01-12,20:43:51
ORD05498,CSTMR0957,2023-09-10,08:30:07
ORD05499,CSTMR0679,2021-05-08,22:29:53
ORD05500,CSTMR0242,2022-03-15,12:58:39
ORD05501,CSTMR0914,2024-05-29,12:25:57
ORD05502,CSTMR0919,2023-12-02,12:14:15
ORD05503,CSTMR0207,2024-05-12,13:46:54
ORD05504,CSTMR0414,2023-04-03,16:41:09
ORD05505,CSTMR0135,2022-08-30,19:01:27
ORD05506,CSTMR0731,2021-10-01,22:50:53
ORD05507,CSTMR0494,2024-04-27,21:05:03
ORD05508,CSTMR0262,2026-01-15,17:30:09
ORD05509,CSTMR0470,2024-07-12,19:33:33
ORD05510,CSTMR0288,2022-07-30,10:45:23
ORD05511,CSTMR0905,2025-11-21,10:07:59
ORD05512,CSTMR0630,2022-02-09,21:48:04
ORD05513,CSTMR0912,2021-12-12,20:27:56
ORD05514,CSTMR0699,2023-09-08,20:41:06
ORD05515,CSTMR0135,2022-08-31,18:27:46
ORD05516,CSTMR0205,2024-06-28,21:07:23
ORD05517,CSTMR0367,2024-11-30,13:08:34
ORD05518,CSTMR0572,2026-04-09,10:22:36
ORD05519,CSTMR0188,2023-02-03,08:12:32
ORD05520,CSTMR0805,2023-06-13,19:42:41
ORD05521,CSTMR0509,2023-09-02,13:43:38
ORD05522,CSTMR0993,2023-04-18,13:00:59
ORD05523,CSTMR0880,2024-11-02,09:13:27
ORD05524,CSTMR0368,2023-10-09,18:59:20
ORD05525,CSTMR0527,2024-10-26,22:59:27
ORD05526,CSTMR0589,2022-01-21,12:02:55
ORD05527,CSTMR0805,2024-04-24,19:53:18
ORD05528,CSTMR0671,2023-12-01,09:40:37
ORD05529,CSTMR0060,2025-08-05,22:26:30
ORD05530,CSTMR0379,2022-05-04,20:16:56
ORD05531,CSTMR0929,2025-01-19,21:33:23
ORD05532,CSTMR0808,2025-05-15,21:18:46
ORD05533,CSTMR0517,2024-10-21,15:51:04
ORD05534,CSTMR0247,2023-09-19,13:39:52
ORD05535,CSTMR0464,2024-05-30,20:40:26
ORD05536,CSTMR0296,2023-08-25,12:12:15
ORD05537,CSTMR0331,2026-04-07,14:09:05
ORD05538,CSTMR0998,2022-11-11,16:33:48
ORD05539,CSTMR0953,2022-09-26,17:27:46
ORD05540,CSTMR0912,2022-12-31,13:05:23
ORD05541,CSTMR0288,2023-09-27,22:53:38
ORD05542,CSTMR0102,2024-08-30,17:35:15
ORD05543,CSTMR0378,2022-11-05,09:31:28
ORD05544,CSTMR0102,2025-05-04,20:03:17
ORD05545,CSTMR0576,2024-08-16,22:36:37
ORD05546,CSTMR0689,2023-02-12,10:00:02
ORD05547,CSTMR0810,2024-04-14,11:17:18
ORD05548,CSTMR0430,2026-02-14,15:04:09
ORD05549,CSTMR0482,2023-07-18,12:03:00
ORD05550,CSTMR0554,2025-05-23,16:03:11
ORD05551,CSTMR0266,2024-03-18,09:15:03
ORD05552,CSTMR0513,2026-05-27,08:00:37
ORD05553,CSTMR0697,2024-03-05,13:26:09
ORD05554,CSTMR0093,2024-02-21,17:18:00
ORD05555,CSTMR0066,2023-05-24,09:28:47
ORD05556,CSTMR0738,2022-07-10,09:36:18
ORD05557,CSTMR0803,2026-05-09,15:58:37
ORD05558,CSTMR0261,2023-10-13,09:06:24
ORD05559,CSTMR0581,2022-10-30,11:14:29
ORD05560,CSTMR0040,2025-11-01,19:24:33
ORD05561,CSTMR0028,2024-06-03,08:26:08
ORD05562,CSTMR0141,2026-06-01,13:26:19
ORD05563,CSTMR0644,2024-12-02,11:02:31
ORD05564,CSTMR0308,2026-04-02,08:05:42
ORD05565,CSTMR0600,2024-07-03,13:48:49
ORD05566,CSTMR0791,2026-02-13,20:33:59
ORD05567,CSTMR0723,2024-05-14,19:17:26
ORD05568,CSTMR0499,2022-03-20,19:07:35
ORD05569,CSTMR0314,2022-06-07,13:45:15
ORD05570,CSTMR0332,2025-10-19,12:14:49
ORD05571,CSTMR0535,2024-12-13,17:42:05
ORD05572,CSTMR0717,2025-05-05,17:55:47
ORD05573,CSTMR0747,2023-12-27,08:14:39
ORD05574,CSTMR0742,2024-03-02,14:56:09
ORD05575,CSTMR0505,2023-06-26,12:19:38
ORD05576,CSTMR0798,2025-03-08,12:09:22
ORD05577,CSTMR0694,2024-07-27,15:12:52
ORD05578,CSTMR0605,2024-07-03,15:36:28
ORD05579,CSTMR0951,2021-08-07,20:05:41
ORD05580,CSTMR0665,2025-06-12,21:58:43
ORD05581,CSTMR0679,2021-11-17,17:34:38
ORD05582,CSTMR0275,2023-04-02,21:16:32
ORD05583,CSTMR0542,2022-07-20,12:10:05
ORD05584,CSTMR0688,2026-05-17,11:39:54
ORD05585,CSTMR0817,2025-09-01,22:08:34
ORD05586,CSTMR0253,2025-05-12,11:48:29
ORD05587,CSTMR0744,2026-02-24,17:11:30
ORD05588,CSTMR0267,2022-12-07,15:12:49
ORD05589,CSTMR0844,2024-09-26,16:55:35
ORD05590,CSTMR0897,2021-11-06,13:07:19
ORD05591,CSTMR0099,2023-01-13,12:22:57
ORD05592,CSTMR0222,2022-12-04,11:23:41
ORD05593,CSTMR0045,2022-12-24,12:22:16
ORD05594,CSTMR0199,2025-05-02,19:38:35
ORD05595,CSTMR0830,2024-07-11,13:25:48
ORD05596,CSTMR0477,2022-05-22,09:38:35
ORD05597,CSTMR0403,2023-05-24,20:00:15
ORD05598,CSTMR0517,2022-02-08,15:16:30
ORD05599,CSTMR0334,2024-12-09,12:27:07
ORD05600,CSTMR0368,2025-09-04,10:36:26
ORD05601,CSTMR0822,2026-05-21,21:33:16
ORD05602,CSTMR0527,2025-08-29,09:43:31
ORD05603,CSTMR0645,2025-05-19,11:47:03
ORD05604,CSTMR0876,2025-10-16,21:19:29
ORD05605,CSTMR0384,2023-02-15,20:49:33
ORD05606,CSTMR0671,2023-05-14,22:43:47
ORD05607,CSTMR0996,2023-04-04,18:02:17
ORD05608,CSTMR0727,2025-09-08,21:44:37
ORD05609,CSTMR0365,2021-09-17,17:45:14
ORD05610,CSTMR0673,2023-09-02,18:41:11
ORD05611,CSTMR0386,2023-07-06,19:59:30
ORD05612,CSTMR0783,2023-07-27,22:30:36
ORD05613,CSTMR0414,2021-07-31,19:19:37
ORD05614,CSTMR0497,2024-09-05,09:29:17
ORD05615,CSTMR0322,2025-09-23,18:08:05
ORD05616,CSTMR0415,2023-09-28,10:28:35
ORD05617,CSTMR0442,2022-03-31,20:57:26
ORD05618,CSTMR0143,2024-01-31,21:52:05
ORD05619,CSTMR0412,2025-09-22,21:25:56
ORD05620,CSTMR0089,2022-12-26,13:32:35
ORD05621,CSTMR0383,2022-01-15,13:24:16
ORD05622,CSTMR0175,2024-07-21,13:13:10
ORD05623,CSTMR0446,2026-05-31,19:45:03
ORD05624,CSTMR0037,2025-01-09,14:40:17
ORD05625,CSTMR0122,2023-12-24,21:19:51
ORD05626,CSTMR0763,2022-11-12,11:35:47
ORD05627,CSTMR0033,2023-02-17,17:15:23
ORD05628,CSTMR0520,2021-12-23,13:20:59
ORD05629,CSTMR0844,2022-12-08,12:41:59
ORD05630,CSTMR0526,2022-03-09,19:02:21
ORD05631,CSTMR0847,2024-08-21,12:33:51
ORD05632,CSTMR0566,2023-04-16,12:54:43
ORD05633,CSTMR0295,2023-10-04,17:40:39
ORD05634,CSTMR0163,2025-10-03,15:50:42
ORD05635,CSTMR0603,2022-08-11,21:49:16
ORD05636,CSTMR0506,2023-12-01,08:57:14
ORD05637,CSTMR0617,2024-02-08,18:48:42
ORD05638,CSTMR0121,2023-04-06,14:00:47
ORD05639,CSTMR0028,2025-04-09,22:14:54
ORD05640,CSTMR0181,2023-01-23,22:16:35
ORD05641,CSTMR0997,2026-01-24,20:12:27
ORD05642,CSTMR0936,2021-09-26,17:36:42
ORD05643,CSTMR0146,2023-05-11,22:36:07
ORD05644,CSTMR0195,2023-12-10,09:38:23
ORD05645,CSTMR0514,2025-07-24,21:57:55
ORD05646,CSTMR0226,2023-08-24,21:36:49
ORD05647,CSTMR0621,2025-03-11,08:17:01
ORD05648,CSTMR0944,2023-04-20,12:46:12
ORD05649,CSTMR0847,2022-09-22,22:17:42
ORD05650,CSTMR0564,2022-04-22,15:14:26
ORD05651,CSTMR0581,2025-06-21,11:32:57
ORD05652,CSTMR0883,2023-03-08,17:04:59
ORD05653,CSTMR0800,2025-05-28,18:00:49
ORD05654,CSTMR0380,2023-05-22,08:30:30
ORD05655,CSTMR0952,2026-05-16,14:10:18
ORD05656,CSTMR0460,2023-04-19,12:56:03
ORD05657,CSTMR0228,2025-10-14,19:06:03
ORD05658,CSTMR0613,2023-12-29,09:51:49
ORD05659,CSTMR0594,2024-04-24,19:30:25
ORD05660,CSTMR0673,2025-07-07,09:48:08
ORD05661,CSTMR0931,2025-11-21,17:48:45
ORD05662,CSTMR0282,2024-12-03,19:16:50
ORD05663,CSTMR0304,2023-07-08,20:14:46
ORD05664,CSTMR0455,2024-01-24,19:02:12
ORD05665,CSTMR0230,2024-10-06,21:20:30
ORD05666,CSTMR0356,2024-03-10,16:16:15
ORD05667,CSTMR0592,2021-01-20,21:22:42
ORD05668,CSTMR0795,2021-04-24,14:34:35
ORD05669,CSTMR0021,2025-03-10,11:38:45
ORD05670,CSTMR0214,2021-09-04,19:08:55
ORD05671,CSTMR0196,2021-12-02,11:23:11
ORD05672,CSTMR0659,2024-09-06,11:08:12
ORD05673,CSTMR0448,2023-06-17,10:55:27
ORD05674,CSTMR0004,2024-03-20,12:00:17
ORD05675,CSTMR0603,2026-05-23,11:16:19
ORD05676,CSTMR0406,2024-03-25,08:28:36
ORD05677,CSTMR0319,2026-02-28,17:41:01
ORD05678,CSTMR0722,2022-02-24,18:28:26
ORD05679,CSTMR0104,2025-02-14,21:19:55
ORD05680,CSTMR0239,2022-06-26,17:24:16
ORD05681,CSTMR0932,2026-03-16,11:25:59
ORD05682,CSTMR0557,2022-10-12,19:36:59
ORD05683,CSTMR0626,2022-03-22,09:15:28
ORD05684,CSTMR0251,2023-05-10,21:55:13
ORD05685,CSTMR0603,2026-01-11,19:43:19
ORD05686,CSTMR0488,2023-12-17,17:16:30
ORD05687,CSTMR0860,2023-06-30,13:19:13
ORD05688,CSTMR0296,2026-03-01,13:02:22
ORD05689,CSTMR0175,2022-07-18,14:30:24
ORD05690,CSTMR0233,2023-02-15,15:15:16
ORD05691,CSTMR0768,2024-07-14,10:03:36
ORD05692,CSTMR0138,2026-03-22,20:18:29
ORD05693,CSTMR0403,2024-06-01,09:56:51
ORD05694,CSTMR0325,2024-09-27,16:15:25
ORD05695,CSTMR0327,2025-10-06,18:14:07
ORD05696,CSTMR0388,2021-08-16,19:45:53
ORD05697,CSTMR0634,2023-12-12,22:29:40
ORD05698,CSTMR0646,2022-01-19,16:49:12
ORD05699,CSTMR0185,2022-10-21,21:35:05
ORD05700,CSTMR0947,2024-01-01,12:35:50
ORD05701,CSTMR0658,2024-11-07,09:50:35
ORD05702,CSTMR0970,2023-12-03,20:50:21
ORD05703,CSTMR0849,2024-01-26,13:29:14
ORD05704,CSTMR0956,2023-02-04,21:42:50
ORD05705,CSTMR0076,2022-11-21,17:52:49
ORD05706,CSTMR0072,2024-05-23,20:33:31
ORD05707,CSTMR0939,2022-12-17,12:53:14
ORD05708,CSTMR0285,2021-12-06,20:27:36
ORD05709,CSTMR0496,2022-01-01,19:23:34
ORD05710,CSTMR0141,2023-03-22,21:07:46
ORD05711,CSTMR0752,2021-06-09,22:20:08
ORD05712,CSTMR0069,2021-01-05,20:30:03
ORD05713,CSTMR0295,2023-08-24,12:18:43
ORD05714,CSTMR0707,2024-04-11,15:34:26
ORD05715,CSTMR0223,2023-04-09,19:21:36
ORD05716,CSTMR0141,2024-12-12,22:37:14
ORD05717,CSTMR0774,2024-12-04,12:36:23
ORD05718,CSTMR0988,2024-10-02,16:29:33
ORD05719,CSTMR0049,2021-09-23,22:20:05
ORD05720,CSTMR0460,2024-09-19,18:13:38
ORD05721,CSTMR0087,2023-07-29,20:30:49
ORD05722,CSTMR0718,2022-08-28,17:45:46
ORD05723,CSTMR0135,2025-12-18,13:04:32
ORD05724,CSTMR0802,2022-10-11,20:19:57
ORD05725,CSTMR0361,2024-06-12,21:17:27
ORD05726,CSTMR0600,2025-11-09,12:44:04
ORD05727,CSTMR0600,2022-04-28,09:07:45
ORD05728,CSTMR0323,2025-08-06,22:10:51
ORD05729,CSTMR0994,2023-12-11,21:29:22
ORD05730,CSTMR0171,2024-07-01,20:59:26
ORD05731,CSTMR0548,2023-08-30,20:45:11
ORD05732,CSTMR0941,2022-12-04,18:26:59
ORD05733,CSTMR0100,2024-08-25,19:26:23
ORD05734,CSTMR0357,2022-01-25,15:01:24
ORD05735,CSTMR0512,2022-06-23,11:12:33
ORD05736,CSTMR0104,2025-09-19,10:56:52
ORD05737,CSTMR0246,2023-04-23,19:49:39
ORD05738,CSTMR0994,2023-03-10,20:58:30
ORD05739,CSTMR0479,2023-06-09,18:09:21
ORD05740,CSTMR0904,2025-12-13,21:38:25
ORD05741,CSTMR0014,2024-09-27,17:14:10
ORD05742,CSTMR0918,2021-09-15,13:05:09
ORD05743,CSTMR0265,2023-10-08,16:41:29
ORD05744,CSTMR0718,2023-05-15,22:43:43
ORD05745,CSTMR0199,2022-02-17,13:05:13
ORD05746,CSTMR0938,2024-08-08,14:21:23
ORD05747,CSTMR0772,2026-03-25,16:47:44
ORD05748,CSTMR0010,2023-11-22,09:19:57
ORD05749,CSTMR0046,2024-08-26,17:43:10
ORD05750,CSTMR0658,2024-06-12,16:07:27
ORD05751,CSTMR0520,2023-09-29,19:48:05
ORD05752,CSTMR0152,2022-10-30,20:10:11
ORD05753,CSTMR0221,2026-05-23,13:22:19
ORD05754,CSTMR0434,2024-02-11,10:31:08
ORD05755,CSTMR0319,2026-04-11,15:38:28
ORD05756,CSTMR0359,2025-11-24,12:42:00
ORD05757,CSTMR0253,2025-10-28,21:31:58
ORD05758,CSTMR0302,2024-06-08,20:15:08
ORD05759,CSTMR0421,2024-07-04,15:37:03
ORD05760,CSTMR0318,2025-03-13,20:47:14
ORD05761,CSTMR0927,2025-12-26,09:23:57
ORD05762,CSTMR0225,2024-03-24,20:22:38
ORD05763,CSTMR0200,2023-01-08,14:58:18
ORD05764,CSTMR0991,2023-10-02,13:32:50
ORD05765,CSTMR0495,2024-11-24,20:25:11
ORD05766,CSTMR0954,2023-03-08,15:56:13
ORD05767,CSTMR0470,2025-07-02,13:27:10
ORD05768,CSTMR0545,2023-03-26,13:16:08
ORD05769,CSTMR0434,2022-02-07,13:17:36
ORD05770,CSTMR0645,2024-06-21,18:30:55
ORD05771,CSTMR0519,2021-11-07,21:34:29
ORD05772,CSTMR0829,2025-08-21,08:53:14
ORD05773,CSTMR0248,2021-07-07,21:41:35
ORD05774,CSTMR0215,2023-01-01,19:45:38
ORD05775,CSTMR0207,2025-08-16,16:12:32
ORD05776,CSTMR0969,2023-02-22,16:15:27
ORD05777,CSTMR0021,2024-07-24,09:17:56
ORD05778,CSTMR0978,2025-11-19,10:41:49
ORD05779,CSTMR0459,2025-08-22,11:16:08
ORD05780,CSTMR0404,2022-10-22,13:29:02
ORD05781,CSTMR0712,2023-03-30,21:33:38
ORD05782,CSTMR0905,2025-04-15,21:18:56
ORD05783,CSTMR0103,2024-12-29,21:48:57
ORD05784,CSTMR0270,2025-03-24,18:11:40
ORD05785,CSTMR0633,2024-08-09,09:46:28
ORD05786,CSTMR0082,2021-01-13,13:09:31
ORD05787,CSTMR0913,2021-10-16,17:00:29
ORD05788,CSTMR0649,2024-09-12,08:26:41
ORD05789,CSTMR0771,2025-03-26,12:02:16
ORD05790,CSTMR0032,2023-02-23,22:17:58
ORD05791,CSTMR0414,2021-04-25,16:52:04
ORD05792,CSTMR0876,2022-12-18,11:00:32
ORD05793,CSTMR0623,2024-08-30,14:17:17
ORD05794,CSTMR0165,2026-04-23,10:52:15
ORD05795,CSTMR0322,2023-02-07,10:08:25
ORD05796,CSTMR0153,2025-02-14,13:28:50
ORD05797,CSTMR0193,2024-01-04,08:59:18
ORD05798,CSTMR0058,2025-07-06,21:59:57
ORD05799,CSTMR0045,2025-08-22,15:09:10
ORD05800,CSTMR0967,2023-01-15,13:27:04
ORD05801,CSTMR0821,2026-04-21,21:26:56
ORD05802,CSTMR0459,2022-07-19,22:48:02
ORD05803,CSTMR0005,2024-04-14,21:27:27
ORD05804,CSTMR0586,2022-02-15,22:11:08
ORD05805,CSTMR0908,2024-08-30,08:21:12
ORD05806,CSTMR0416,2024-02-25,18:54:07
ORD05807,CSTMR0312,2021-12-31,21:53:11
ORD05808,CSTMR0669,2021-04-09,12:22:18
ORD05809,CSTMR0741,2025-01-31,20:49:03
ORD05810,CSTMR0045,2023-08-21,21:39:29
ORD05811,CSTMR0688,2025-03-05,20:56:11
ORD05812,CSTMR0360,2024-02-13,17:49:04
ORD05813,CSTMR0906,2025-09-28,14:10:18
ORD05814,CSTMR0443,2024-10-08,17:04:29
ORD05815,CSTMR0153,2024-09-13,13:00:59
ORD05816,CSTMR0930,2023-06-18,22:05:48
ORD05817,CSTMR0401,2025-10-20,20:40:12
ORD05818,CSTMR0999,2024-09-11,13:18:03
ORD05819,CSTMR0484,2025-12-30,19:09:01
ORD05820,CSTMR0006,2023-12-13,13:16:44
ORD05821,CSTMR0962,2024-10-14,19:57:51
ORD05822,CSTMR0512,2022-05-06,17:06:03
ORD05823,CSTMR0698,2025-06-20,13:12:43
ORD05824,CSTMR0012,2021-12-11,13:27:30
ORD05825,CSTMR0006,2023-10-24,10:35:54
ORD05826,CSTMR0583,2021-06-10,14:43:25
ORD05827,CSTMR0817,2024-07-30,17:10:19
ORD05828,CSTMR0354,2022-02-18,15:01:02
ORD05829,CSTMR0545,2022-11-18,16:05:42
ORD05830,CSTMR0011,2025-04-15,20:22:07
ORD05831,CSTMR0323,2024-05-29,13:35:38
ORD05832,CSTMR0774,2025-05-01,12:07:52
ORD05833,CSTMR0934,2024-10-23,19:43:31
ORD05834,CSTMR0929,2024-01-25,13:18:45
ORD05835,CSTMR0879,2023-03-28,17:24:51
ORD05836,CSTMR0374,2024-10-04,12:34:03
ORD05837,CSTMR0795,2022-10-22,08:34:26
ORD05838,CSTMR0608,2022-09-29,21:22:44
ORD05839,CSTMR0198,2023-06-25,20:47:13
ORD05840,CSTMR0691,2022-01-30,09:40:47
ORD05841,CSTMR0024,2023-02-19,15:20:01
ORD05842,CSTMR0434,2021-08-20,15:14:52
ORD05843,CSTMR0326,2024-10-06,10:40:42
ORD05844,CSTMR0249,2022-06-19,21:44:36
ORD05845,CSTMR0149,2025-03-02,15:59:20
ORD05846,CSTMR0440,2024-08-05,15:14:52
ORD05847,CSTMR0310,2026-03-05,15:32:23
ORD05848,CSTMR0315,2022-09-20,16:14:12
ORD05849,CSTMR1000,2025-09-09,20:04:42
ORD05850,CSTMR0148,2022-10-16,11:01:51
ORD05851,CSTMR0216,2021-11-26,12:19:52
ORD05852,CSTMR0556,2024-08-15,08:42:11
ORD05853,CSTMR0552,2021-10-13,20:35:03
ORD05854,CSTMR0720,2022-06-25,12:59:03
ORD05855,CSTMR0348,2025-08-04,10:58:01
ORD05856,CSTMR0316,2022-05-20,20:07:00
ORD05857,CSTMR0668,2022-08-20,10:02:35
ORD05858,CSTMR0862,2024-02-25,13:55:36
ORD05859,CSTMR0966,2024-08-07,12:36:40
ORD05860,CSTMR0891,2021-04-03,21:27:24
ORD05861,CSTMR0547,2023-10-26,21:56:26
ORD05862,CSTMR0376,2024-07-28,22:53:47
ORD05863,CSTMR0987,2024-08-19,10:10:28
ORD05864,CSTMR0833,2024-04-07,19:45:29
ORD05865,CSTMR0520,2023-02-24,10:34:16
ORD05866,CSTMR0536,2024-01-07,14:56:32
ORD05867,CSTMR0913,2022-04-09,13:36:27
ORD05868,CSTMR0375,2025-05-25,19:06:10
ORD05869,CSTMR0351,2025-12-28,21:58:56
ORD05870,CSTMR0648,2025-05-20,15:49:36
ORD05871,CSTMR0245,2025-10-25,11:52:16
ORD05872,CSTMR0411,2023-05-23,20:01:38
ORD05873,CSTMR0818,2023-06-21,11:40:40
ORD05874,CSTMR0087,2023-10-30,12:06:15
ORD05875,CSTMR0855,2024-05-15,10:53:49
ORD05876,CSTMR0376,2026-01-25,19:13:52
ORD05877,CSTMR0160,2023-11-12,10:46:07
ORD05878,CSTMR0279,2023-02-15,14:29:17
ORD05879,CSTMR0550,2023-02-13,13:55:49
ORD05880,CSTMR0010,2024-07-12,17:50:40
ORD05881,CSTMR0958,2026-05-29,12:39:06
ORD05882,CSTMR0268,2025-01-22,18:08:32
ORD05883,CSTMR0269,2024-10-20,12:48:59
ORD05884,CSTMR0483,2025-11-03,19:56:59
ORD05885,CSTMR0759,2023-07-25,20:28:10
ORD05886,CSTMR0149,2022-04-18,08:10:26
ORD05887,CSTMR0272,2025-08-09,18:48:14
ORD05888,CSTMR0176,2025-08-29,13:00:59
ORD05889,CSTMR0796,2023-12-16,08:47:44
ORD05890,CSTMR0180,2026-03-27,14:53:09
ORD05891,CSTMR0383,2024-04-28,19:19:54
ORD05892,CSTMR0377,2024-11-07,12:00:26
ORD05893,CSTMR0043,2024-08-28,19:25:36
ORD05894,CSTMR0625,2025-08-03,15:25:22
ORD05895,CSTMR0297,2024-12-05,21:46:13
ORD05896,CSTMR0363,2024-04-26,17:52:38
ORD05897,CSTMR0904,2022-09-11,22:25:24
ORD05898,CSTMR0137,2024-01-11,21:23:49
ORD05899,CSTMR0252,2023-01-03,19:48:46
ORD05900,CSTMR0653,2023-03-06,11:32:36
ORD05901,CSTMR0746,2023-07-25,16:52:52
ORD05902,CSTMR0302,2026-04-17,19:57:17
ORD05903,CSTMR0878,2026-04-25,16:03:42
ORD05904,CSTMR0080,2021-01-10,17:57:50
ORD05905,CSTMR0256,2023-10-30,13:18:29
ORD05906,CSTMR0296,2023-12-21,20:00:22
ORD05907,CSTMR0071,2026-02-20,16:36:08
ORD05908,CSTMR0496,2024-10-28,13:26:49
ORD05909,CSTMR0099,2024-12-27,19:34:11
ORD05910,CSTMR0273,2025-08-16,20:46:40
ORD05911,CSTMR0463,2025-03-28,13:52:46
ORD05912,CSTMR0523,2025-04-06,22:31:30
ORD05913,CSTMR0113,2024-07-19,19:29:02
ORD05914,CSTMR0465,2025-07-03,09:05:11
ORD05915,CSTMR0433,2026-04-11,22:30:23
ORD05916,CSTMR0950,2026-04-13,10:19:57
ORD05917,CSTMR0399,2024-11-23,13:20:32
ORD05918,CSTMR0905,2026-05-15,19:29:43
ORD05919,CSTMR0612,2023-07-07,22:04:51
ORD05920,CSTMR0783,2023-07-05,16:30:35
ORD05921,CSTMR0949,2025-05-25,20:47:22
ORD05922,CSTMR0755,2021-03-07,20:35:51
ORD05923,CSTMR0637,2023-04-06,19:05:54
ORD05924,CSTMR0811,2025-08-18,14:38:07
ORD05925,CSTMR0924,2025-05-02,20:46:31
ORD05926,CSTMR0130,2025-01-18,15:40:26
ORD05927,CSTMR0195,2025-11-08,14:58:52
ORD05928,CSTMR0466,2023-02-25,21:22:30
ORD05929,CSTMR0408,2022-08-20,14:14:24
ORD05930,CSTMR0838,2025-09-03,11:25:56
ORD05931,CSTMR0878,2022-02-07,17:20:46
ORD05932,CSTMR0811,2026-01-16,15:18:54
ORD05933,CSTMR0913,2022-04-13,08:07:49
ORD05934,CSTMR0278,2022-12-03,20:53:01
ORD05935,CSTMR0232,2024-04-25,21:34:22
ORD05936,CSTMR0842,2026-01-02,21:16:07
ORD05937,CSTMR0504,2024-06-28,22:18:57
ORD05938,CSTMR0047,2024-11-05,09:31:49
ORD05939,CSTMR0086,2026-05-20,20:48:24
ORD05940,CSTMR0896,2025-01-15,12:16:35
ORD05941,CSTMR0685,2025-04-03,12:54:48
ORD05942,CSTMR0089,2022-04-26,08:00:28
ORD05943,CSTMR0108,2025-03-03,18:42:45
ORD05944,CSTMR0168,2021-06-03,12:26:36
ORD05945,CSTMR0505,2026-05-03,18:46:44
ORD05946,CSTMR0022,2022-07-18,14:36:49
ORD05947,CSTMR0381,2022-08-21,21:58:53
ORD05948,CSTMR0600,2023-09-23,21:50:33
ORD05949,CSTMR0769,2024-06-05,19:50:28
ORD05950,CSTMR0604,2025-11-25,13:39:56
ORD05951,CSTMR0903,2026-02-27,21:58:34
ORD05952,CSTMR0061,2023-01-23,19:32:50
ORD05953,CSTMR0479,2025-06-27,21:59:02
ORD05954,CSTMR0419,2022-03-06,21:51:01
ORD05955,CSTMR0302,2023-02-18,18:57:10
ORD05956,CSTMR0313,2021-06-13,19:36:05
ORD05957,CSTMR0541,2023-12-18,22:12:25
ORD05958,CSTMR0805,2025-02-13,21:29:47
ORD05959,CSTMR0017,2024-09-03,08:35:38
ORD05960,CSTMR0696,2023-11-30,19:13:12
ORD05961,CSTMR0513,2023-02-17,09:15:56
ORD05962,CSTMR0116,2022-09-15,14:18:00
ORD05963,CSTMR0417,2024-01-12,14:58:24
ORD05964,CSTMR0079,2022-08-15,09:13:47
ORD05965,CSTMR0885,2023-11-15,21:43:02
ORD05966,CSTMR0818,2022-09-04,15:05:09
ORD05967,CSTMR0995,2026-02-06,11:14:01
ORD05968,CSTMR0474,2025-11-01,21:55:02
ORD05969,CSTMR0879,2025-08-20,10:52:23
ORD05970,CSTMR0167,2023-06-29,17:44:40
ORD05971,CSTMR0864,2023-03-21,12:54:35
ORD05972,CSTMR0856,2022-05-16,16:49:30
ORD05973,CSTMR0757,2024-08-02,12:47:05
ORD05974,CSTMR0379,2023-11-22,19:02:42
ORD05975,CSTMR0761,2023-06-16,16:18:21
ORD05976,CSTMR0833,2023-12-03,13:37:12
ORD05977,CSTMR0608,2022-06-07,20:45:37
ORD05978,CSTMR0738,2026-02-18,20:10:49
ORD05979,CSTMR0649,2025-05-27,16:35:44
ORD05980,CSTMR0757,2023-11-08,15:43:22
ORD05981,CSTMR0932,2024-06-21,21:13:22
ORD05982,CSTMR0281,2024-03-11,08:44:32
ORD05983,CSTMR0703,2023-11-29,22:31:19
ORD05984,CSTMR0231,2022-07-01,17:37:27
ORD05985,CSTMR0676,2025-09-14,10:07:47
ORD05986,CSTMR0140,2025-02-23,13:19:52
ORD05987,CSTMR0211,2025-05-03,21:30:53
ORD05988,CSTMR0315,2024-05-02,11:34:37
ORD05989,CSTMR0907,2023-04-26,21:45:52
ORD05990,CSTMR0960,2025-02-02,10:39:38
ORD05991,CSTMR0365,2026-03-27,10:31:20
ORD05992,CSTMR0127,2022-12-08,09:56:20
ORD05993,CSTMR0806,2024-05-19,15:32:11
ORD05994,CSTMR0518,2023-03-05,10:47:32
ORD05995,CSTMR0225,2023-01-19,10:53:07
ORD05996,CSTMR0211,2023-08-05,14:39:29
ORD05997,CSTMR0254,2026-01-11,13:48:27
ORD05998,CSTMR0095,2022-03-22,16:24:54
ORD05999,CSTMR0214,2022-08-21,20:31:41
ORD06000,CSTMR0959,2026-03-29,22:41:24
ORD06001,CSTMR0469,2024-05-29,17:53:02
ORD06002,CSTMR0630,2024-12-28,09:09:00
ORD06003,CSTMR0518,2022-10-29,20:22:50
ORD06004,CSTMR0646,2022-04-02,19:23:21
ORD06005,CSTMR0721,2024-03-12,18:22:05
ORD06006,CSTMR0858,2024-09-04,19:24:53
ORD06007,CSTMR0562,2023-11-07,13:52:00
ORD06008,CSTMR0167,2024-10-09,13:46:50
ORD06009,CSTMR0622,2025-02-22,09:35:51
ORD06010,CSTMR0734,2022-11-28,12:29:47
ORD06011,CSTMR0982,2025-12-02,19:51:06
ORD06012,CSTMR0550,2026-03-12,09:35:46
ORD06013,CSTMR0564,2023-04-17,14:03:50
ORD06014,CSTMR0427,2026-03-29,20:19:33
ORD06015,CSTMR0124,2023-10-08,09:03:06
ORD06016,CSTMR0478,2023-08-26,12:34:31
ORD06017,CSTMR0328,2023-01-29,17:32:52
ORD06018,CSTMR0152,2023-01-21,20:39:33
ORD06019,CSTMR0214,2024-11-15,14:33:16
ORD06020,CSTMR0366,2025-11-13,12:14:09
ORD06021,CSTMR0973,2025-06-28,13:32:51
ORD06022,CSTMR0903,2023-10-27,11:45:10
ORD06023,CSTMR0664,2025-10-17,19:13:37
ORD06024,CSTMR0933,2025-12-08,08:43:58
ORD06025,CSTMR0037,2026-02-20,18:21:46
ORD06026,CSTMR0313,2023-06-11,11:23:56
ORD06027,CSTMR0804,2026-05-31,20:44:01
ORD06028,CSTMR0570,2025-06-09,13:27:40
ORD06029,CSTMR0388,2024-03-24,09:52:54
ORD06030,CSTMR0914,2024-08-18,20:44:52
ORD06031,CSTMR0788,2022-05-07,22:48:06
ORD06032,CSTMR0293,2022-11-03,17:51:25
ORD06033,CSTMR0045,2026-05-02,13:05:37
ORD06034,CSTMR0515,2024-03-10,15:12:23
ORD06035,CSTMR0654,2022-11-16,17:29:31
ORD06036,CSTMR0843,2023-08-06,09:52:22
ORD06037,CSTMR0663,2024-12-19,17:45:15
ORD06038,CSTMR0400,2023-06-23,12:44:08
ORD06039,CSTMR0742,2021-12-12,16:42:26
ORD06040,CSTMR0583,2023-07-19,08:06:38
ORD06041,CSTMR0035,2024-04-19,13:19:22
ORD06042,CSTMR0736,2025-10-24,12:02:54
ORD06043,CSTMR0088,2024-10-15,20:07:25
ORD06044,CSTMR0860,2024-06-26,12:07:37
ORD06045,CSTMR0853,2023-05-06,18:31:57
ORD06046,CSTMR0959,2025-11-27,18:16:28
ORD06047,CSTMR0982,2024-07-09,21:08:30
ORD06048,CSTMR0637,2022-05-11,16:29:46
ORD06049,CSTMR0593,2025-08-18,20:16:22
ORD06050,CSTMR0814,2024-01-08,14:24:04
ORD06051,CSTMR0126,2024-10-29,18:33:50
ORD06052,CSTMR0978,2025-03-16,20:04:53
ORD06053,CSTMR0382,2023-08-12,12:09:19
ORD06054,CSTMR0784,2025-04-06,21:26:14
ORD06055,CSTMR0720,2025-02-28,13:24:28
ORD06056,CSTMR0592,2024-07-29,12:35:56
ORD06057,CSTMR0171,2023-11-04,14:46:53
ORD06058,CSTMR0009,2024-02-20,12:20:17
ORD06059,CSTMR0813,2023-09-16,15:28:02
ORD06060,CSTMR0645,2025-07-23,18:54:10
ORD06061,CSTMR0694,2024-02-16,14:26:27
ORD06062,CSTMR0587,2023-02-16,15:41:40
ORD06063,CSTMR0657,2023-09-06,11:23:48
ORD06064,CSTMR0452,2025-10-15,19:48:29
ORD06065,CSTMR0819,2021-02-13,19:21:45
ORD06066,CSTMR0626,2024-08-24,13:41:08
ORD06067,CSTMR0783,2022-11-23,19:22:14
ORD06068,CSTMR0570,2024-10-12,18:26:59
ORD06069,CSTMR0623,2022-07-22,08:38:11
ORD06070,CSTMR0855,2025-11-12,13:45:57
ORD06071,CSTMR0879,2023-07-11,21:20:23
ORD06072,CSTMR0237,2024-06-14,21:36:19
ORD06073,CSTMR0294,2023-09-22,08:21:16
ORD06074,CSTMR0268,2026-01-17,15:43:25
ORD06075,CSTMR0446,2024-12-10,13:26:59
ORD06076,CSTMR0790,2021-11-14,21:36:40
ORD06077,CSTMR0304,2024-11-20,10:20:59
ORD06078,CSTMR0676,2023-02-17,20:09:10
ORD06079,CSTMR0781,2026-04-24,12:58:01
ORD06080,CSTMR0982,2024-03-20,22:04:31
ORD06081,CSTMR0054,2025-05-24,21:02:52
ORD06082,CSTMR0496,2024-08-05,16:03:12
ORD06083,CSTMR0434,2022-10-16,17:05:11
ORD06084,CSTMR0252,2025-11-24,19:40:43
ORD06085,CSTMR0474,2025-06-27,21:31:47
ORD06086,CSTMR0958,2024-02-28,11:05:38
ORD06087,CSTMR0660,2026-02-16,13:33:56
ORD06088,CSTMR0386,2021-08-03,13:22:23
ORD06089,CSTMR0155,2024-04-21,19:52:23
ORD06090,CSTMR0923,2024-08-09,11:20:12
ORD06091,CSTMR0771,2024-08-02,21:05:39
ORD06092,CSTMR0558,2025-06-13,21:36:50
ORD06093,CSTMR0620,2022-10-02,17:46:04
ORD06094,CSTMR0089,2023-05-30,22:47:50
ORD06095,CSTMR0052,2026-01-29,21:34:33
ORD06096,CSTMR0450,2024-09-23,11:18:39
ORD06097,CSTMR0482,2023-09-25,21:05:31
ORD06098,CSTMR0235,2025-09-28,17:38:15
ORD06099,CSTMR0369,2024-03-19,17:11:57
ORD06100,CSTMR0476,2023-01-21,15:51:51
ORD06101,CSTMR0181,2022-12-09,20:20:43
ORD06102,CSTMR0973,2024-10-07,13:07:12
ORD06103,CSTMR0197,2025-02-14,12:11:05
ORD06104,CSTMR0986,2025-04-07,19:38:32
ORD06105,CSTMR0088,2024-10-25,22:55:52
ORD06106,CSTMR0437,2022-04-24,15:51:19
ORD06107,CSTMR0302,2024-05-30,16:35:20
ORD06108,CSTMR0725,2025-05-22,19:15:40
ORD06109,CSTMR0432,2023-01-04,11:30:01
ORD06110,CSTMR0998,2025-05-22,12:58:07
ORD06111,CSTMR0622,2023-12-10,12:08:11
ORD06112,CSTMR0019,2025-11-30,08:40:59
ORD06113,CSTMR0521,2024-08-25,12:11:02
ORD06114,CSTMR0461,2025-10-16,13:43:13
ORD06115,CSTMR0563,2022-01-12,20:29:13
ORD06116,CSTMR0156,2024-01-05,20:42:35
ORD06117,CSTMR0219,2023-07-22,09:35:53
ORD06118,CSTMR0039,2023-05-23,21:52:27
ORD06119,CSTMR0890,2023-07-13,12:12:15
ORD06120,CSTMR0039,2024-05-04,09:43:28
ORD06121,CSTMR0238,2021-10-17,09:22:52
ORD06122,CSTMR0498,2022-04-23,18:47:21
ORD06123,CSTMR0165,2026-01-04,16:58:41
ORD06124,CSTMR0407,2025-04-11,20:50:36
ORD06125,CSTMR0829,2024-12-23,19:55:17
ORD06126,CSTMR0955,2023-05-26,12:11:09
ORD06127,CSTMR0001,2025-05-10,08:27:31
ORD06128,CSTMR0979,2022-01-19,22:46:54
ORD06129,CSTMR0126,2022-03-22,20:51:14
ORD06130,CSTMR0699,2024-03-09,16:20:41
ORD06131,CSTMR0657,2023-01-11,14:15:53
ORD06132,CSTMR0002,2025-07-12,20:57:01
ORD06133,CSTMR0717,2023-04-02,11:19:07
ORD06134,CSTMR0717,2024-10-10,10:34:56
ORD06135,CSTMR0117,2024-12-12,19:58:00
ORD06136,CSTMR0704,2024-02-16,20:28:20
ORD06137,CSTMR0024,2024-04-06,17:37:24
ORD06138,CSTMR0672,2024-12-16,22:16:21
ORD06139,CSTMR0458,2025-03-10,21:42:30
ORD06140,CSTMR0314,2021-11-03,20:01:51
ORD06141,CSTMR0854,2024-04-04,22:39:38
ORD06142,CSTMR0552,2023-07-08,19:01:24
ORD06143,CSTMR0150,2025-03-19,13:46:05
ORD06144,CSTMR0632,2023-10-27,15:59:37
ORD06145,CSTMR0625,2024-07-19,20:10:35
ORD06146,CSTMR0885,2024-07-12,17:24:04
ORD06147,CSTMR0156,2023-05-27,12:53:09
ORD06148,CSTMR0458,2026-01-12,21:15:18
ORD06149,CSTMR0276,2024-01-01,17:31:46
ORD06150,CSTMR0583,2021-09-26,14:02:25
ORD06151,CSTMR0521,2023-10-12,13:29:19
ORD06152,CSTMR0104,2025-04-28,12:32:40
ORD06153,CSTMR0189,2024-06-22,15:28:35
ORD06154,CSTMR0204,2026-03-23,10:14:31
ORD06155,CSTMR0351,2024-11-22,13:07:39
ORD06156,CSTMR0843,2022-10-20,08:16:44
ORD06157,CSTMR0359,2022-08-16,08:05:49
ORD06158,CSTMR0355,2023-08-09,14:42:47
ORD06159,CSTMR0397,2025-12-20,22:15:52
ORD06160,CSTMR0934,2025-05-09,12:10:18
ORD06161,CSTMR0051,2021-04-07,19:22:10
ORD06162,CSTMR0410,2025-01-24,22:08:50
ORD06163,CSTMR0327,2023-07-28,13:51:19
ORD06164,CSTMR0735,2022-08-14,09:04:42
ORD06165,CSTMR0436,2025-07-15,12:26:54
ORD06166,CSTMR0281,2026-03-29,20:49:29
ORD06167,CSTMR0082,2023-09-17,20:17:11
ORD06168,CSTMR0139,2023-10-22,13:48:23
ORD06169,CSTMR0667,2023-11-10,12:23:17
ORD06170,CSTMR0910,2025-09-16,09:14:52
ORD06171,CSTMR0186,2024-07-16,17:37:43
ORD06172,CSTMR0304,2024-09-14,12:56:11
ORD06173,CSTMR0036,2025-01-18,09:35:42
ORD06174,CSTMR0275,2021-12-23,12:11:57
ORD06175,CSTMR0161,2021-02-25,13:54:32
ORD06176,CSTMR0232,2024-07-21,21:00:58
ORD06177,CSTMR0917,2022-10-23,15:54:58
ORD06178,CSTMR0527,2024-03-18,22:15:30
ORD06179,CSTMR0552,2021-08-23,19:31:06
ORD06180,CSTMR0551,2022-12-23,21:43:17
ORD06181,CSTMR0869,2024-03-26,16:42:45
ORD06182,CSTMR0237,2024-11-09,12:38:07
ORD06183,CSTMR0029,2024-01-18,19:47:54
ORD06184,CSTMR0756,2024-10-13,10:09:03
ORD06185,CSTMR0374,2024-12-06,10:24:42
ORD06186,CSTMR0897,2024-07-10,12:48:51
ORD06187,CSTMR0267,2025-04-06,16:59:38
ORD06188,CSTMR0716,2022-06-24,11:09:42
ORD06189,CSTMR0301,2024-10-11,20:58:42
ORD06190,CSTMR0174,2025-09-14,21:27:40
ORD06191,CSTMR0654,2022-03-09,13:33:56
ORD06192,CSTMR0024,2023-12-21,17:23:11
ORD06193,CSTMR0164,2024-06-14,18:25:19
ORD06194,CSTMR0488,2022-09-20,09:03:49
ORD06195,CSTMR0600,2025-03-14,13:55:24
ORD06196,CSTMR0861,2023-01-22,11:20:54
ORD06197,CSTMR0696,2021-08-16,19:14:06
ORD06198,CSTMR0969,2024-12-08,13:06:38
ORD06199,CSTMR0394,2024-08-29,15:57:14
ORD06200,CSTMR0079,2023-01-01,08:53:44
ORD06201,CSTMR0712,2024-08-18,08:12:37
ORD06202,CSTMR0534,2025-11-25,16:53:26
ORD06203,CSTMR0670,2023-05-22,19:16:44
ORD06204,CSTMR0134,2022-07-20,11:52:23
ORD06205,CSTMR0485,2023-03-25,13:40:22
ORD06206,CSTMR0253,2025-07-28,22:32:28
ORD06207,CSTMR0276,2023-12-02,21:19:14
ORD06208,CSTMR0231,2022-05-21,20:15:47
ORD06209,CSTMR0330,2024-03-30,19:55:07
ORD06210,CSTMR0494,2021-07-10,11:19:09
ORD06211,CSTMR0492,2024-07-07,19:38:55
ORD06212,CSTMR0176,2026-02-05,21:03:57
ORD06213,CSTMR0447,2022-09-20,19:12:36
ORD06214,CSTMR0497,2023-12-01,10:18:51
ORD06215,CSTMR0111,2026-02-14,14:28:32
ORD06216,CSTMR0033,2025-10-21,08:14:31
ORD06217,CSTMR0737,2021-09-21,22:17:45
ORD06218,CSTMR0130,2024-03-29,08:49:39
ORD06219,CSTMR0620,2023-07-06,12:44:48
ORD06220,CSTMR0156,2022-06-03,13:54:04
ORD06221,CSTMR0284,2022-12-13,11:56:31
ORD06222,CSTMR0327,2023-05-25,12:10:13
ORD06223,CSTMR0613,2023-07-26,10:26:55
ORD06224,CSTMR0433,2023-09-28,17:41:36
ORD06225,CSTMR0636,2023-02-18,16:36:57
ORD06226,CSTMR0928,2023-05-19,19:51:01
ORD06227,CSTMR0589,2024-06-29,12:09:35
ORD06228,CSTMR0370,2023-12-22,18:31:07
ORD06229,CSTMR0598,2026-04-03,19:19:20
ORD06230,CSTMR0549,2025-04-05,15:11:55
ORD06231,CSTMR0705,2024-03-03,11:34:53
ORD06232,CSTMR0043,2021-09-16,16:33:03
ORD06233,CSTMR0056,2023-06-08,11:54:06
ORD06234,CSTMR0644,2025-07-26,17:12:26
ORD06235,CSTMR0236,2025-06-11,13:49:10
ORD06236,CSTMR0017,2022-12-10,18:43:42
ORD06237,CSTMR0602,2022-09-05,21:54:00
ORD06238,CSTMR0994,2023-09-28,18:14:56
ORD06239,CSTMR0719,2022-07-17,19:04:14
ORD06240,CSTMR0512,2025-05-29,16:47:32
ORD06241,CSTMR0991,2025-05-24,19:24:49
ORD06242,CSTMR0281,2024-08-03,16:42:13
ORD06243,CSTMR0935,2026-01-05,19:48:01
ORD06244,CSTMR0407,2023-11-03,20:19:42
ORD06245,CSTMR0777,2022-11-23,09:07:40
ORD06246,CSTMR0610,2023-11-26,13:18:15
ORD06247,CSTMR0243,2026-01-04,19:42:31
ORD06248,CSTMR0484,2024-05-07,11:29:42
ORD06249,CSTMR0854,2024-04-22,22:31:34
ORD06250,CSTMR0553,2026-04-25,21:26:06
ORD06251,CSTMR0685,2023-04-13,10:17:27
ORD06252,CSTMR0859,2024-05-22,18:11:34
ORD06253,CSTMR0734,2023-01-04,12:50:14
ORD06254,CSTMR0019,2022-12-23,18:45:17
ORD06255,CSTMR0179,2024-02-28,10:57:10
ORD06256,CSTMR0113,2024-08-23,13:24:13
ORD06257,CSTMR0620,2024-03-21,19:20:28
ORD06258,CSTMR0005,2025-07-23,17:40:59
ORD06259,CSTMR0091,2025-02-01,18:54:06
ORD06260,CSTMR0344,2024-06-03,12:58:24
ORD06261,CSTMR0682,2024-09-22,10:46:40
ORD06262,CSTMR0105,2026-02-20,12:37:51
ORD06263,CSTMR0497,2023-01-26,12:50:30
ORD06264,CSTMR0039,2024-03-16,22:02:56
ORD06265,CSTMR0875,2024-06-26,13:06:24
ORD06266,CSTMR0883,2025-02-25,18:26:08
ORD06267,CSTMR0583,2023-06-16,19:16:41
ORD06268,CSTMR0344,2023-04-02,19:37:08
ORD06269,CSTMR0124,2025-10-17,09:52:34
ORD06270,CSTMR0558,2023-10-12,09:36:51
ORD06271,CSTMR0508,2022-10-05,13:12:34
ORD06272,CSTMR0108,2023-05-07,22:16:13
ORD06273,CSTMR0726,2024-12-04,18:50:21
ORD06274,CSTMR0646,2021-04-10,20:50:20
ORD06275,CSTMR0043,2025-08-20,13:57:51
ORD06276,CSTMR0444,2023-08-22,22:58:17
ORD06277,CSTMR0104,2024-07-08,13:08:35
ORD06278,CSTMR0310,2024-09-10,10:55:42
ORD06279,CSTMR0046,2024-03-06,11:31:46
ORD06280,CSTMR0703,2024-01-02,20:10:08
ORD06281,CSTMR0838,2023-03-04,21:17:25
ORD06282,CSTMR0352,2023-05-22,19:17:29
ORD06283,CSTMR0914,2026-05-03,18:40:34
ORD06284,CSTMR0823,2024-04-26,18:43:46
ORD06285,CSTMR0977,2024-04-08,22:48:27
ORD06286,CSTMR0003,2022-12-10,14:58:28
ORD06287,CSTMR0756,2025-04-10,12:40:57
ORD06288,CSTMR0698,2021-04-25,16:08:24
ORD06289,CSTMR0668,2022-07-02,20:44:32
ORD06290,CSTMR0991,2026-04-20,13:29:50
ORD06291,CSTMR0191,2022-12-09,13:01:53
ORD06292,CSTMR0864,2024-10-28,08:35:38
ORD06293,CSTMR0145,2023-06-18,09:08:11
ORD06294,CSTMR0190,2025-09-21,22:32:41
ORD06295,CSTMR0062,2024-09-22,19:11:59
ORD06296,CSTMR0536,2026-03-19,08:29:51
ORD06297,CSTMR0423,2024-07-06,13:46:13
ORD06298,CSTMR0623,2024-05-12,12:26:39
ORD06299,CSTMR0875,2023-01-06,14:21:13
ORD06300,CSTMR0090,2023-09-08,18:04:43
ORD06301,CSTMR0393,2023-05-03,19:29:33
ORD06302,CSTMR0289,2023-06-27,19:22:25
ORD06303,CSTMR0481,2026-01-25,09:34:03
ORD06304,CSTMR0007,2022-01-27,18:00:20
ORD06305,CSTMR0825,2025-12-01,12:45:54
ORD06306,CSTMR0744,2024-01-18,19:36:20
ORD06307,CSTMR0290,2024-03-09,18:40:47
ORD06308,CSTMR0075,2021-11-04,18:08:22
ORD06309,CSTMR0586,2024-01-17,12:29:16
ORD06310,CSTMR0412,2024-07-28,18:20:12
ORD06311,CSTMR0867,2022-08-13,09:08:02
ORD06312,CSTMR0428,2023-10-03,21:49:58
ORD06313,CSTMR0549,2024-11-23,14:02:20
ORD06314,CSTMR0638,2022-11-18,10:13:55
ORD06315,CSTMR0875,2024-11-01,19:09:06
ORD06316,CSTMR0790,2021-04-06,13:03:33
ORD06317,CSTMR0527,2021-11-10,15:23:08
ORD06318,CSTMR0934,2024-03-07,16:05:10
ORD06319,CSTMR0511,2021-09-13,14:20:53
ORD06320,CSTMR0868,2026-02-21,10:00:23
ORD06321,CSTMR0868,2024-07-04,12:46:22
ORD06322,CSTMR0532,2024-02-25,08:08:28
ORD06323,CSTMR0001,2024-03-01,21:01:51
ORD06324,CSTMR0873,2024-11-02,19:06:50
ORD06325,CSTMR0763,2025-01-29,08:28:28
ORD06326,CSTMR0203,2025-09-05,15:39:24
ORD06327,CSTMR0003,2024-07-14,22:32:42
ORD06328,CSTMR0932,2024-10-04,16:34:23
ORD06329,CSTMR0705,2022-10-30,20:34:08
ORD06330,CSTMR0138,2024-02-12,08:31:20
ORD06331,CSTMR0787,2021-08-01,19:44:36
ORD06332,CSTMR0219,2022-09-25,18:17:51
ORD06333,CSTMR0600,2026-05-01,17:55:55
ORD06334,CSTMR0383,2021-09-02,19:02:44
ORD06335,CSTMR0747,2024-01-20,22:22:54
ORD06336,CSTMR0605,2023-08-26,14:58:36
ORD06337,CSTMR0019,2023-10-28,14:12:39
ORD06338,CSTMR0084,2024-09-29,20:40:02
ORD06339,CSTMR0972,2021-01-15,12:55:50
ORD06340,CSTMR0019,2023-05-28,20:25:44
ORD06341,CSTMR0740,2022-06-25,20:06:05
ORD06342,CSTMR0736,2024-03-20,15:41:00
ORD06343,CSTMR0935,2025-11-17,20:46:00
ORD06344,CSTMR0380,2022-04-06,12:24:57
ORD06345,CSTMR0280,2022-10-07,22:29:22
ORD06346,CSTMR0525,2023-12-24,09:59:26
ORD06347,CSTMR0160,2026-01-17,10:01:54
ORD06348,CSTMR0660,2023-08-18,19:11:10
ORD06349,CSTMR0150,2023-06-22,19:36:28
ORD06350,CSTMR0603,2026-01-05,13:08:42
ORD06351,CSTMR0032,2025-10-16,08:23:42
ORD06352,CSTMR0009,2025-06-22,14:47:35
ORD06353,CSTMR0655,2025-01-17,13:42:45
ORD06354,CSTMR0209,2023-03-17,21:56:59
ORD06355,CSTMR0375,2025-01-04,19:27:36
ORD06356,CSTMR0869,2025-03-11,16:15:36
ORD06357,CSTMR0786,2024-06-17,09:34:21
ORD06358,CSTMR0627,2024-10-20,19:06:35
ORD06359,CSTMR0195,2025-04-24,20:01:02
ORD06360,CSTMR0196,2023-04-30,16:06:38
ORD06361,CSTMR0178,2023-12-26,21:36:51
ORD06362,CSTMR0093,2025-02-22,18:28:00
ORD06363,CSTMR0647,2024-08-21,15:29:58
ORD06364,CSTMR0144,2021-10-23,22:30:49
ORD06365,CSTMR0540,2022-12-19,19:01:17
ORD06366,CSTMR0441,2025-08-09,21:39:34
ORD06367,CSTMR0795,2024-04-19,22:04:14
ORD06368,CSTMR0251,2023-01-13,20:42:17
ORD06369,CSTMR0329,2023-02-07,19:40:17
ORD06370,CSTMR0475,2023-10-29,21:13:04
ORD06371,CSTMR0603,2024-04-24,19:42:05
ORD06372,CSTMR0492,2021-09-07,11:41:15
ORD06373,CSTMR0494,2026-01-04,16:40:31
ORD06374,CSTMR0046,2023-09-08,11:55:24
ORD06375,CSTMR0498,2022-08-12,19:59:37
ORD06376,CSTMR0482,2025-07-28,12:43:37
ORD06377,CSTMR0034,2024-06-16,11:10:41
ORD06378,CSTMR0194,2024-06-28,13:11:54
ORD06379,CSTMR0722,2023-06-29,19:39:37
ORD06380,CSTMR0620,2025-07-26,08:15:45
ORD06381,CSTMR0435,2025-06-01,16:22:19
ORD06382,CSTMR0604,2022-12-18,20:48:05
ORD06383,CSTMR0999,2025-02-05,20:40:50
ORD06384,CSTMR0425,2024-09-03,20:35:44
ORD06385,CSTMR0465,2024-10-18,18:11:53
ORD06386,CSTMR0432,2023-06-10,08:39:09
ORD06387,CSTMR0096,2024-01-28,11:41:09
ORD06388,CSTMR0546,2024-11-05,13:31:59
ORD06389,CSTMR0761,2025-09-24,19:46:07
ORD06390,CSTMR0204,2025-08-12,18:12:48
ORD06391,CSTMR0158,2024-12-14,21:32:41
ORD06392,CSTMR0325,2024-02-04,16:33:03
ORD06393,CSTMR0722,2022-03-14,19:20:20
ORD06394,CSTMR0330,2023-03-11,15:43:01
ORD06395,CSTMR0521,2023-05-20,15:46:51
ORD06396,CSTMR0625,2026-03-12,15:56:04
ORD06397,CSTMR0105,2022-02-21,17:55:25
ORD06398,CSTMR0702,2021-05-07,21:12:17
ORD06399,CSTMR0990,2023-09-13,17:31:10
ORD06400,CSTMR0911,2024-10-30,17:41:03
ORD06401,CSTMR0098,2026-05-10,21:30:43
ORD06402,CSTMR0913,2021-04-15,19:42:25
ORD06403,CSTMR0100,2025-12-05,11:11:24
ORD06404,CSTMR0377,2023-10-12,20:46:25
ORD06405,CSTMR0295,2024-03-12,17:31:57
ORD06406,CSTMR0432,2025-09-28,22:29:08
ORD06407,CSTMR0959,2026-01-20,11:38:36
ORD06408,CSTMR0605,2024-07-19,09:34:01
ORD06409,CSTMR0989,2023-08-09,08:47:30
ORD06410,CSTMR0838,2026-04-01,19:18:33
ORD06411,CSTMR0777,2025-10-31,21:30:55
ORD06412,CSTMR0296,2023-08-11,13:56:35
ORD06413,CSTMR0715,2026-03-24,09:26:41
ORD06414,CSTMR0720,2026-03-30,16:07:50
ORD06415,CSTMR0624,2022-09-28,19:36:57
ORD06416,CSTMR0516,2024-12-17,08:25:33
ORD06417,CSTMR0204,2023-10-05,22:15:33
ORD06418,CSTMR0134,2024-08-02,13:43:32
ORD06419,CSTMR0102,2024-01-13,20:30:47
ORD06420,CSTMR0341,2025-08-29,12:42:25
ORD06421,CSTMR0128,2025-06-28,16:26:46
ORD06422,CSTMR0990,2025-05-29,09:13:44
ORD06423,CSTMR0590,2021-10-17,17:30:43
ORD06424,CSTMR0331,2022-11-28,08:15:55
ORD06425,CSTMR0128,2025-01-10,12:46:08
ORD06426,CSTMR0131,2025-12-22,21:54:59
ORD06427,CSTMR0735,2025-12-03,10:59:34
ORD06428,CSTMR0758,2026-05-02,08:49:06
ORD06429,CSTMR0520,2025-10-04,08:26:21
ORD06430,CSTMR0517,2022-05-12,20:02:25
ORD06431,CSTMR0395,2024-06-24,12:50:45
ORD06432,CSTMR0964,2023-07-26,20:13:17
ORD06433,CSTMR0778,2021-05-01,12:57:09
ORD06434,CSTMR0129,2023-08-08,10:48:52
ORD06435,CSTMR0519,2025-03-07,15:31:07
ORD06436,CSTMR0662,2023-01-07,20:43:25
ORD06437,CSTMR0718,2023-11-10,15:45:27
ORD06438,CSTMR0277,2023-06-02,19:40:37
ORD06439,CSTMR0859,2023-03-12,20:04:38
ORD06440,CSTMR0755,2024-07-19,19:45:29
ORD06441,CSTMR0969,2022-12-23,19:33:18
ORD06442,CSTMR0004,2024-04-15,21:02:13
ORD06443,CSTMR0679,2024-03-01,12:01:38
ORD06444,CSTMR0653,2023-06-21,19:02:58
ORD06445,CSTMR0477,2024-10-13,08:46:26
ORD06446,CSTMR0722,2021-07-23,21:48:53
ORD06447,CSTMR0199,2025-10-05,17:20:23
ORD06448,CSTMR0584,2025-12-30,09:14:42
ORD06449,CSTMR0306,2021-12-09,16:34:00
ORD06450,CSTMR0400,2023-12-01,13:34:36
ORD06451,CSTMR0231,2021-11-21,14:00:11
ORD06452,CSTMR0577,2025-10-30,11:24:33
ORD06453,CSTMR0928,2025-12-13,22:09:46
ORD06454,CSTMR0857,2023-02-04,22:17:26
ORD06455,CSTMR0588,2023-11-04,14:54:53
ORD06456,CSTMR0830,2023-11-23,13:32:49
ORD06457,CSTMR0188,2024-04-08,13:49:42
ORD06458,CSTMR0247,2025-02-13,21:58:47
ORD06459,CSTMR0956,2024-01-08,12:14:36
ORD06460,CSTMR0648,2026-02-25,13:30:44
ORD06461,CSTMR0115,2024-09-24,20:53:54
ORD06462,CSTMR0781,2022-05-14,14:28:44
ORD06463,CSTMR0183,2023-12-23,09:07:17
ORD06464,CSTMR0387,2024-01-25,20:53:17
ORD06465,CSTMR0613,2023-07-21,13:13:06
ORD06466,CSTMR0659,2026-04-26,09:31:09
ORD06467,CSTMR0377,2024-01-15,19:06:01
ORD06468,CSTMR0540,2023-01-03,12:08:01
ORD06469,CSTMR0261,2023-12-19,16:03:05
ORD06470,CSTMR0746,2023-06-24,10:18:46
ORD06471,CSTMR0760,2023-09-24,09:22:37
ORD06472,CSTMR0254,2024-04-19,11:19:21
ORD06473,CSTMR0694,2024-10-03,18:30:15
ORD06474,CSTMR0751,2024-10-07,19:18:02
ORD06475,CSTMR0205,2024-03-17,17:12:09
ORD06476,CSTMR0025,2023-06-23,17:57:02
ORD06477,CSTMR0593,2025-03-29,13:17:34
ORD06478,CSTMR0412,2022-12-20,17:45:01
ORD06479,CSTMR0784,2022-08-08,20:33:27
ORD06480,CSTMR0640,2021-09-14,21:34:07
ORD06481,CSTMR0157,2021-08-04,15:15:16
ORD06482,CSTMR0748,2025-09-20,19:00:39
ORD06483,CSTMR0279,2025-04-24,20:46:18
ORD06484,CSTMR0925,2025-01-10,18:29:22
ORD06485,CSTMR0062,2021-03-16,22:46:57
ORD06486,CSTMR0368,2025-10-06,15:29:19
ORD06487,CSTMR0049,2024-09-13,16:43:59
ORD06488,CSTMR0369,2025-05-08,20:38:08
ORD06489,CSTMR0063,2024-10-02,13:57:58
ORD06490,CSTMR0509,2023-05-23,20:01:44
ORD06491,CSTMR0556,2025-05-22,12:26:43
ORD06492,CSTMR0548,2025-07-31,11:44:38
ORD06493,CSTMR0397,2023-04-14,21:08:20
ORD06494,CSTMR0390,2021-05-11,08:58:37
ORD06495,CSTMR0072,2025-12-01,12:43:34
ORD06496,CSTMR0451,2024-07-28,12:15:26
ORD06497,CSTMR0735,2022-07-15,20:10:40
ORD06498,CSTMR0833,2023-11-07,21:32:01
ORD06499,CSTMR0463,2025-03-22,21:44:34
ORD06500,CSTMR0226,2022-11-22,13:48:27
ORD06501,CSTMR0043,2021-07-15,13:13:14
ORD06502,CSTMR0191,2024-06-02,12:50:35
ORD06503,CSTMR0860,2023-05-03,14:23:17
ORD06504,CSTMR0041,2023-08-29,13:02:55
ORD06505,CSTMR0959,2025-06-09,18:17:11
ORD06506,CSTMR0451,2025-08-03,11:18:19
ORD06507,CSTMR0840,2021-08-26,19:36:14
ORD06508,CSTMR0162,2025-06-22,21:46:00
ORD06509,CSTMR0266,2025-05-20,22:08:15
ORD06510,CSTMR0361,2025-08-19,16:32:31
ORD06511,CSTMR0442,2024-04-15,10:24:15
ORD06512,CSTMR0330,2022-02-24,19:37:19
ORD06513,CSTMR0705,2024-06-06,13:45:47
ORD06514,CSTMR0399,2022-02-20,13:25:44
ORD06515,CSTMR0740,2025-08-23,20:23:34
ORD06516,CSTMR0908,2024-06-25,08:25:21
ORD06517,CSTMR0843,2021-12-21,22:59:30
ORD06518,CSTMR0086,2024-04-12,19:19:20
ORD06519,CSTMR0068,2025-08-17,12:23:49
ORD06520,CSTMR0289,2026-02-11,09:20:01
ORD06521,CSTMR0768,2024-02-28,15:13:22
ORD06522,CSTMR0399,2025-06-26,12:23:12
ORD06523,CSTMR0819,2023-12-16,11:37:06
ORD06524,CSTMR0728,2026-02-19,21:15:08
ORD06525,CSTMR0438,2022-03-12,11:08:31
ORD06526,CSTMR0687,2022-02-11,20:53:11
ORD06527,CSTMR0173,2026-05-10,13:16:30
ORD06528,CSTMR0444,2023-11-20,11:06:44
ORD06529,CSTMR0234,2024-11-22,12:23:16
ORD06530,CSTMR0729,2022-08-07,10:18:51
ORD06531,CSTMR0251,2022-01-19,20:47:25
ORD06532,CSTMR0922,2021-11-04,17:55:53
ORD06533,CSTMR0632,2023-04-13,18:50:43
ORD06534,CSTMR0474,2022-06-12,12:49:33
ORD06535,CSTMR0430,2024-09-25,09:11:38
ORD06536,CSTMR0507,2022-09-15,19:41:07
ORD06537,CSTMR0048,2023-11-17,22:52:44
ORD06538,CSTMR0360,2023-08-20,20:20:08
ORD06539,CSTMR0658,2024-08-08,13:43:19
ORD06540,CSTMR0205,2024-07-21,15:02:55
ORD06541,CSTMR0079,2023-04-17,20:39:32
ORD06542,CSTMR0460,2022-11-25,12:55:52
ORD06543,CSTMR0025,2024-10-11,10:47:02
ORD06544,CSTMR0242,2021-07-15,21:25:15
ORD06545,CSTMR0297,2021-06-16,13:29:11
ORD06546,CSTMR0078,2022-06-21,18:54:04
ORD06547,CSTMR0055,2025-07-11,13:30:04
ORD06548,CSTMR0387,2024-05-31,19:51:00
ORD06549,CSTMR0802,2025-12-03,12:58:57
ORD06550,CSTMR0482,2023-06-07,11:18:32
ORD06551,CSTMR0548,2025-10-28,21:07:36
ORD06552,CSTMR0978,2022-05-01,16:11:10
ORD06553,CSTMR0356,2024-04-11,10:41:27
ORD06554,CSTMR0035,2026-04-12,13:06:25
ORD06555,CSTMR0525,2022-07-03,21:28:10
ORD06556,CSTMR0207,2024-06-05,21:22:19
ORD06557,CSTMR0772,2023-06-25,13:27:15
ORD06558,CSTMR0665,2024-07-13,21:07:23
ORD06559,CSTMR0586,2025-12-16,20:52:29
ORD06560,CSTMR0236,2021-08-28,10:13:36
ORD06561,CSTMR0509,2025-11-30,09:15:26
ORD06562,CSTMR0896,2022-06-05,09:23:30
ORD06563,CSTMR0831,2023-11-10,11:04:33
ORD06564,CSTMR0811,2025-06-28,14:11:48
ORD06565,CSTMR0626,2023-06-23,10:04:43
ORD06566,CSTMR0193,2023-05-31,11:16:18
ORD06567,CSTMR0410,2021-05-27,12:14:56
ORD06568,CSTMR0535,2024-10-02,21:31:46
ORD06569,CSTMR0127,2026-03-26,12:35:44
ORD06570,CSTMR0760,2022-03-13,09:24:34
ORD06571,CSTMR0860,2021-03-25,17:02:12
ORD06572,CSTMR0096,2026-01-11,14:40:59
ORD06573,CSTMR0391,2023-06-11,21:26:50
ORD06574,CSTMR0684,2023-04-12,14:39:48
ORD06575,CSTMR0246,2023-05-29,16:33:30
ORD06576,CSTMR0267,2023-10-13,18:17:44
ORD06577,CSTMR0583,2024-08-18,20:55:52
ORD06578,CSTMR0277,2022-12-09,12:23:27
ORD06579,CSTMR0973,2022-02-21,13:25:26
ORD06580,CSTMR0609,2023-07-16,20:04:03
ORD06581,CSTMR0871,2024-11-21,17:54:31
ORD06582,CSTMR0132,2024-12-18,18:31:24
ORD06583,CSTMR0328,2024-12-15,22:39:47
ORD06584,CSTMR0571,2025-07-11,08:37:27
ORD06585,CSTMR0375,2025-12-24,11:26:26
ORD06586,CSTMR0230,2026-02-06,13:15:48
ORD06587,CSTMR0699,2024-08-21,20:00:25
ORD06588,CSTMR0826,2023-11-05,12:34:36
ORD06589,CSTMR0757,2024-05-26,09:53:33
ORD06590,CSTMR0283,2024-06-10,16:37:28
ORD06591,CSTMR0076,2023-10-02,14:38:46
ORD06592,CSTMR0845,2024-01-18,13:40:33
ORD06593,CSTMR0302,2023-03-21,11:27:13
ORD06594,CSTMR0563,2026-01-15,19:57:09
ORD06595,CSTMR0308,2025-10-10,17:25:21
ORD06596,CSTMR0240,2024-10-22,19:26:38
ORD06597,CSTMR0832,2024-10-20,09:37:42
ORD06598,CSTMR0746,2023-06-18,20:10:56
ORD06599,CSTMR0166,2024-02-22,22:03:56
ORD06600,CSTMR0770,2026-02-18,21:09:55
ORD06601,CSTMR0323,2023-07-17,15:21:31
ORD06602,CSTMR0805,2023-03-26,12:25:19
ORD06603,CSTMR0186,2024-12-06,08:44:14
ORD06604,CSTMR0180,2025-09-16,18:05:46
ORD06605,CSTMR0739,2025-08-16,19:16:43
ORD06606,CSTMR0318,2023-10-21,12:13:07
ORD06607,CSTMR0055,2021-01-06,18:11:13
ORD06608,CSTMR0234,2025-03-17,11:17:20
ORD06609,CSTMR0401,2025-01-14,20:21:53
ORD06610,CSTMR0474,2025-12-28,09:03:55
ORD06611,CSTMR0359,2024-02-10,14:34:11
ORD06612,CSTMR0051,2025-04-09,12:35:08
ORD06613,CSTMR0009,2022-11-22,12:43:21
ORD06614,CSTMR0186,2022-10-10,10:43:13
ORD06615,CSTMR0602,2024-12-22,11:51:01
ORD06616,CSTMR0067,2023-04-13,20:19:38
ORD06617,CSTMR0012,2025-08-13,21:53:25
ORD06618,CSTMR0542,2024-01-27,20:26:28
ORD06619,CSTMR0887,2024-01-14,08:38:16
ORD06620,CSTMR0633,2025-05-13,16:23:13
ORD06621,CSTMR0914,2024-10-19,17:31:19
ORD06622,CSTMR0623,2023-10-10,20:04:38
ORD06623,CSTMR0031,2024-06-04,21:19:46
ORD06624,CSTMR0926,2022-05-23,19:13:31
ORD06625,CSTMR0161,2022-01-26,12:19:18
ORD06626,CSTMR0924,2024-05-25,13:46:46
ORD06627,CSTMR0483,2024-03-17,21:32:03
ORD06628,CSTMR0411,2023-07-21,21:43:20
ORD06629,CSTMR0592,2022-03-01,12:43:46
ORD06630,CSTMR0993,2025-06-29,19:48:25
ORD06631,CSTMR0116,2022-08-01,14:09:48
ORD06632,CSTMR0739,2024-11-22,19:07:35
ORD06633,CSTMR0423,2024-05-15,08:34:55
ORD06634,CSTMR0659,2023-01-27,21:46:06
ORD06635,CSTMR0982,2025-05-16,20:14:24
ORD06636,CSTMR0097,2025-06-09,16:21:53
ORD06637,CSTMR0616,2022-01-20,09:07:41
ORD06638,CSTMR0443,2023-02-22,08:35:09
ORD06639,CSTMR0183,2022-01-11,21:26:14
ORD06640,CSTMR0128,2024-05-16,13:24:00
ORD06641,CSTMR0975,2025-01-31,21:32:19
ORD06642,CSTMR0197,2026-04-21,14:44:30
ORD06643,CSTMR0408,2023-12-31,13:59:06
ORD06644,CSTMR0271,2024-04-18,20:37:51
ORD06645,CSTMR0731,2021-08-13,19:15:39
ORD06646,CSTMR0414,2023-10-16,21:36:12
ORD06647,CSTMR0187,2023-11-11,13:05:28
ORD06648,CSTMR0278,2024-10-30,13:37:43
ORD06649,CSTMR0185,2023-12-23,14:54:37
ORD06650,CSTMR0745,2024-03-17,22:05:11
ORD06651,CSTMR0439,2024-03-01,21:50:20
ORD06652,CSTMR0774,2023-12-14,17:19:43
ORD06653,CSTMR0034,2026-03-11,10:28:41
ORD06654,CSTMR0610,2025-03-17,19:51:05
ORD06655,CSTMR0878,2023-01-01,17:37:21
ORD06656,CSTMR0367,2023-05-28,20:52:25
ORD06657,CSTMR0591,2025-06-24,13:15:00
ORD06658,CSTMR0700,2025-07-31,16:47:54
ORD06659,CSTMR0469,2024-05-03,08:21:19
ORD06660,CSTMR0288,2022-07-16,21:27:34
ORD06661,CSTMR0902,2024-10-13,13:15:43
ORD06662,CSTMR0194,2025-01-05,18:33:02
ORD06663,CSTMR0571,2025-12-02,08:05:54
ORD06664,CSTMR0432,2023-05-26,20:36:56
ORD06665,CSTMR0083,2023-02-25,09:34:35
ORD06666,CSTMR0291,2023-09-14,17:42:37
ORD06667,CSTMR0491,2022-05-08,17:52:06
ORD06668,CSTMR0230,2025-03-23,12:02:17
ORD06669,CSTMR0769,2024-09-06,13:16:35
ORD06670,CSTMR0689,2024-03-15,16:09:42
ORD06671,CSTMR0140,2023-06-04,21:20:45
ORD06672,CSTMR0141,2024-09-08,15:06:34
ORD06673,CSTMR0153,2023-10-01,21:06:08
ORD06674,CSTMR0071,2026-01-10,18:38:44
ORD06675,CSTMR0979,2022-10-13,22:27:28
ORD06676,CSTMR0192,2023-07-06,09:26:36
ORD06677,CSTMR0180,2022-11-06,22:23:17
ORD06678,CSTMR0472,2024-06-16,18:05:36
ORD06679,CSTMR0182,2023-08-19,20:39:12
ORD06680,CSTMR0486,2025-08-02,16:47:35
ORD06681,CSTMR0397,2023-10-28,22:46:05
ORD06682,CSTMR0095,2021-10-22,19:45:53
ORD06683,CSTMR0718,2022-11-12,11:33:36
ORD06684,CSTMR0727,2025-11-26,13:00:08
ORD06685,CSTMR0984,2025-04-19,13:52:07
ORD06686,CSTMR0502,2023-09-11,17:19:48
ORD06687,CSTMR0794,2022-08-02,17:04:00
ORD06688,CSTMR0034,2024-03-10,15:13:42
ORD06689,CSTMR0228,2025-04-08,09:01:46
ORD06690,CSTMR0809,2025-07-13,12:45:36
ORD06691,CSTMR0353,2024-04-28,08:14:16
ORD06692,CSTMR0253,2025-08-30,11:55:12
ORD06693,CSTMR0345,2022-02-23,22:25:54
ORD06694,CSTMR0070,2025-05-19,20:01:35
ORD06695,CSTMR0287,2021-02-07,17:53:07
ORD06696,CSTMR0482,2024-03-10,09:44:01
ORD06697,CSTMR0611,2023-06-22,13:23:14
ORD06698,CSTMR0273,2025-04-28,20:15:06
ORD06699,CSTMR0888,2024-02-02,15:13:58
ORD06700,CSTMR0678,2024-09-24,19:37:01
ORD06701,CSTMR0586,2022-09-26,10:36:43
ORD06702,CSTMR0954,2022-09-08,19:20:35
ORD06703,CSTMR0796,2024-12-17,22:10:35
ORD06704,CSTMR0815,2023-08-07,09:03:13
ORD06705,CSTMR0290,2021-11-06,15:27:18
ORD06706,CSTMR0126,2024-03-16,09:58:45
ORD06707,CSTMR0410,2025-08-21,14:21:10
ORD06708,CSTMR0447,2023-08-22,19:43:52
ORD06709,CSTMR0633,2024-12-16,10:06:51
ORD06710,CSTMR0648,2023-02-26,20:39:10
ORD06711,CSTMR1000,2024-06-16,21:38:08
ORD06712,CSTMR0301,2022-11-19,12:30:08
ORD06713,CSTMR0414,2024-10-20,13:39:50
ORD06714,CSTMR0136,2025-12-27,11:20:10
ORD06715,CSTMR0807,2024-02-27,15:28:04
ORD06716,CSTMR0537,2024-05-04,09:29:20
ORD06717,CSTMR0601,2024-05-14,18:06:35
ORD06718,CSTMR0056,2023-01-16,15:11:37
ORD06719,CSTMR0844,2023-03-23,12:43:16
ORD06720,CSTMR0494,2025-03-30,17:41:11
ORD06721,CSTMR0116,2026-01-10,11:03:08
ORD06722,CSTMR0127,2026-06-01,12:08:55
ORD06723,CSTMR0139,2023-08-31,10:29:17
ORD06724,CSTMR0161,2025-04-21,11:10:08
ORD06725,CSTMR0423,2024-09-02,09:54:54
ORD06726,CSTMR0698,2024-12-28,19:59:51
ORD06727,CSTMR0145,2026-05-23,21:27:15
ORD06728,CSTMR0523,2025-07-28,14:08:51
ORD06729,CSTMR0236,2026-01-17,18:44:17
ORD06730,CSTMR0240,2022-02-26,11:19:52
ORD06731,CSTMR0352,2024-11-30,22:08:14
ORD06732,CSTMR0596,2026-05-10,16:27:09
ORD06733,CSTMR0391,2025-08-15,19:54:48
ORD06734,CSTMR0442,2025-05-30,19:02:13
ORD06735,CSTMR0052,2026-06-01,11:17:34
ORD06736,CSTMR0814,2025-06-24,13:26:11
ORD06737,CSTMR0959,2025-02-16,10:27:42
ORD06738,CSTMR0104,2022-07-02,20:45:14
ORD06739,CSTMR0869,2023-08-16,21:54:32
ORD06740,CSTMR0120,2024-01-04,15:16:57
ORD06741,CSTMR0404,2023-07-09,20:58:54
ORD06742,CSTMR0862,2024-08-23,12:27:03
ORD06743,CSTMR0767,2025-06-28,12:25:56
ORD06744,CSTMR0850,2025-07-16,16:51:24
ORD06745,CSTMR0904,2023-07-12,12:52:21
ORD06746,CSTMR0637,2023-03-17,11:58:57
ORD06747,CSTMR0352,2026-03-08,11:11:35
ORD06748,CSTMR0421,2025-06-12,09:58:25
ORD06749,CSTMR0550,2022-09-17,19:17:26
ORD06750,CSTMR0628,2025-05-04,14:16:50
ORD06751,CSTMR0749,2022-10-14,13:08:24
ORD06752,CSTMR0003,2023-03-22,08:28:35
ORD06753,CSTMR0956,2022-05-01,20:52:01
ORD06754,CSTMR0567,2025-01-13,12:11:20
ORD06755,CSTMR0749,2026-03-11,19:23:29
ORD06756,CSTMR0151,2022-08-24,22:05:05
ORD06757,CSTMR0227,2024-02-28,21:27:13
ORD06758,CSTMR0085,2025-12-24,19:51:15
ORD06759,CSTMR0210,2023-09-16,13:54:31
ORD06760,CSTMR0244,2024-03-10,15:38:23
ORD06761,CSTMR0642,2025-09-12,12:08:12
ORD06762,CSTMR0860,2025-11-09,15:23:32
ORD06763,CSTMR0143,2024-04-10,15:27:49
ORD06764,CSTMR0923,2023-03-12,16:16:32
ORD06765,CSTMR0932,2025-10-17,14:18:15
ORD06766,CSTMR0510,2021-10-18,21:44:05
ORD06767,CSTMR0718,2023-06-22,11:03:35
ORD06768,CSTMR0769,2025-01-26,19:41:53
ORD06769,CSTMR0978,2025-11-07,21:58:51
ORD06770,CSTMR0020,2025-03-17,13:36:10
ORD06771,CSTMR0394,2026-04-29,09:20:48
ORD06772,CSTMR0934,2025-08-06,20:58:51
ORD06773,CSTMR0257,2026-04-25,12:05:15
ORD06774,CSTMR0177,2026-05-13,17:24:02
ORD06775,CSTMR0095,2025-03-01,22:34:53
ORD06776,CSTMR0565,2025-10-02,18:31:32
ORD06777,CSTMR0183,2025-09-16,14:08:12
ORD06778,CSTMR0242,2024-12-07,21:45:29
ORD06779,CSTMR0233,2024-07-26,10:55:14
ORD06780,CSTMR0963,2026-04-13,08:33:03
ORD06781,CSTMR0732,2022-10-21,11:25:45
ORD06782,CSTMR0989,2026-03-27,21:11:29
ORD06783,CSTMR0767,2023-02-25,16:48:21
ORD06784,CSTMR0195,2024-04-29,22:56:29
ORD06785,CSTMR0971,2024-01-19,14:50:39
ORD06786,CSTMR0122,2023-07-04,14:10:41
ORD06787,CSTMR0285,2023-09-21,12:23:24
ORD06788,CSTMR0208,2023-12-30,13:06:48
ORD06789,CSTMR0308,2023-10-18,21:32:56
ORD06790,CSTMR0005,2023-06-02,13:18:20
ORD06791,CSTMR0371,2024-07-28,19:35:04
ORD06792,CSTMR0974,2021-08-29,14:17:00
ORD06793,CSTMR0401,2024-09-13,13:44:23
ORD06794,CSTMR0951,2023-02-01,13:46:53
ORD06795,CSTMR0519,2024-10-04,22:06:51
ORD06796,CSTMR0935,2026-04-17,15:55:37
ORD06797,CSTMR0346,2025-10-21,11:09:19
ORD06798,CSTMR0156,2025-06-12,12:24:28
ORD06799,CSTMR0442,2026-05-06,13:32:37
ORD06800,CSTMR0752,2023-09-17,14:17:42
ORD06801,CSTMR0389,2025-09-30,12:01:00
ORD06802,CSTMR0211,2022-10-29,21:32:08
ORD06803,CSTMR0419,2026-04-14,22:58:38
ORD06804,CSTMR0236,2022-08-20,10:31:43
ORD06805,CSTMR0600,2024-01-21,19:42:02
ORD06806,CSTMR0166,2025-09-19,12:18:24
ORD06807,CSTMR0882,2026-05-05,21:30:15
ORD06808,CSTMR0245,2024-08-19,13:02:00
ORD06809,CSTMR0154,2021-06-11,13:47:19
ORD06810,CSTMR0556,2022-12-31,09:08:30
ORD06811,CSTMR0367,2026-01-20,12:01:40
ORD06812,CSTMR0926,2022-08-27,15:54:21
ORD06813,CSTMR0976,2026-03-27,12:04:19
ORD06814,CSTMR0805,2025-03-21,09:26:47
ORD06815,CSTMR0875,2026-03-06,18:22:45
ORD06816,CSTMR0035,2022-10-16,19:47:53
ORD06817,CSTMR0595,2023-04-15,08:03:43
ORD06818,CSTMR0599,2023-04-26,21:19:27
ORD06819,CSTMR0203,2023-01-25,10:03:38
ORD06820,CSTMR0037,2022-06-11,21:11:57
ORD06821,CSTMR0653,2026-04-29,10:38:32
ORD06822,CSTMR0970,2021-11-19,14:58:14
ORD06823,CSTMR0356,2026-03-18,18:25:32
ORD06824,CSTMR0816,2025-02-24,21:21:23
ORD06825,CSTMR0697,2022-08-08,10:27:21
ORD06826,CSTMR0770,2021-08-17,12:59:31
ORD06827,CSTMR0643,2025-01-29,20:54:10
ORD06828,CSTMR0666,2021-04-26,13:32:57
ORD06829,CSTMR0915,2021-11-08,19:26:18
ORD06830,CSTMR0387,2023-05-16,14:14:21
ORD06831,CSTMR0523,2024-01-20,12:18:57
ORD06832,CSTMR0864,2024-06-12,14:23:06
ORD06833,CSTMR0101,2025-12-03,12:22:06
ORD06834,CSTMR0727,2025-06-27,14:42:29
ORD06835,CSTMR0646,2021-01-13,21:05:09
ORD06836,CSTMR0031,2024-06-23,20:27:32
ORD06837,CSTMR0205,2023-06-19,14:12:02
ORD06838,CSTMR0086,2021-07-31,10:10:29
ORD06839,CSTMR0868,2025-07-06,18:13:50
ORD06840,CSTMR0744,2023-03-25,20:22:48
ORD06841,CSTMR0841,2023-10-02,19:27:06
ORD06842,CSTMR0924,2023-02-10,21:03:19
ORD06843,CSTMR0582,2024-06-16,20:20:21
ORD06844,CSTMR0080,2024-10-06,18:31:10
ORD06845,CSTMR0371,2024-03-30,08:04:39
ORD06846,CSTMR0873,2022-03-13,20:47:35
ORD06847,CSTMR0372,2025-12-14,11:11:00
ORD06848,CSTMR0334,2025-02-25,11:15:17
ORD06849,CSTMR0043,2025-06-22,18:01:59
ORD06850,CSTMR0107,2023-04-12,19:00:28
ORD06851,CSTMR0196,2023-02-26,16:11:31
ORD06852,CSTMR0451,2026-05-17,13:32:18
ORD06853,CSTMR0391,2024-11-19,20:45:36
ORD06854,CSTMR0421,2023-12-18,09:58:28
ORD06855,CSTMR0170,2023-08-18,16:30:49
ORD06856,CSTMR0055,2023-05-13,20:00:07
ORD06857,CSTMR0033,2025-02-06,08:25:40
ORD06858,CSTMR0256,2025-02-01,17:36:34
ORD06859,CSTMR0998,2026-02-28,13:56:07
ORD06860,CSTMR0729,2025-08-22,13:32:26
ORD06861,CSTMR0931,2024-01-10,16:59:20
ORD06862,CSTMR0211,2024-02-06,14:20:55
ORD06863,CSTMR0885,2025-10-15,21:43:02
ORD06864,CSTMR0685,2022-11-10,17:58:19
ORD06865,CSTMR0793,2024-11-13,15:15:26
ORD06866,CSTMR0637,2024-02-12,17:28:28
ORD06867,CSTMR0354,2024-01-15,12:33:53
ORD06868,CSTMR0396,2024-07-25,19:45:19
ORD06869,CSTMR0223,2026-05-08,08:17:01
ORD06870,CSTMR0380,2024-08-21,13:20:52
ORD06871,CSTMR0290,2023-06-23,18:44:43
ORD06872,CSTMR0397,2026-06-01,20:12:46
ORD06873,CSTMR0085,2022-12-22,20:51:15
ORD06874,CSTMR0373,2023-05-19,21:48:42
ORD06875,CSTMR0853,2023-08-21,13:41:28
ORD06876,CSTMR0504,2026-03-27,22:05:46
ORD06877,CSTMR0309,2021-06-10,12:55:47
ORD06878,CSTMR0985,2024-05-17,20:04:04
ORD06879,CSTMR0176,2023-08-01,21:13:05
ORD06880,CSTMR0755,2023-02-03,20:11:06
ORD06881,CSTMR0537,2025-06-23,09:06:06
ORD06882,CSTMR0730,2023-04-16,20:43:12
ORD06883,CSTMR0275,2025-10-27,16:21:38
ORD06884,CSTMR0535,2023-11-10,20:56:11
ORD06885,CSTMR0095,2025-04-30,12:46:59
ORD06886,CSTMR0490,2024-06-30,18:08:20
ORD06887,CSTMR0793,2026-05-14,12:34:36
ORD06888,CSTMR0932,2023-05-28,10:04:00
ORD06889,CSTMR0401,2023-09-04,12:01:30
ORD06890,CSTMR0466,2025-06-29,19:12:04
ORD06891,CSTMR0887,2026-03-10,14:02:11
ORD06892,CSTMR0282,2024-02-06,13:37:44
ORD06893,CSTMR0184,2022-09-16,16:28:11
ORD06894,CSTMR0937,2024-04-05,12:22:22
ORD06895,CSTMR0221,2025-06-19,20:26:51
ORD06896,CSTMR0114,2024-08-20,11:52:28
ORD06897,CSTMR0833,2023-03-01,20:08:05
ORD06898,CSTMR0911,2024-08-05,13:06:10
ORD06899,CSTMR0493,2023-04-25,15:31:10
ORD06900,CSTMR0649,2023-03-13,15:19:50
ORD06901,CSTMR0073,2023-07-28,15:55:20
ORD06902,CSTMR0457,2026-05-31,20:00:40
ORD06903,CSTMR0806,2025-06-28,13:33:17
ORD06904,CSTMR0741,2021-12-28,16:54:15
ORD06905,CSTMR0725,2025-11-26,19:05:29
ORD06906,CSTMR0465,2024-06-03,22:53:46
ORD06907,CSTMR0605,2023-03-07,19:56:56
ORD06908,CSTMR0322,2021-04-08,21:41:19
ORD06909,CSTMR0639,2023-01-27,21:34:47
ORD06910,CSTMR0351,2023-05-23,12:48:36
ORD06911,CSTMR0582,2024-03-14,19:59:25
ORD06912,CSTMR0325,2022-09-09,17:58:01
ORD06913,CSTMR0746,2025-09-14,19:29:40
ORD06914,CSTMR0340,2025-06-14,17:46:12
ORD06915,CSTMR0706,2024-09-14,19:32:56
ORD06916,CSTMR0660,2022-12-21,14:55:28
ORD06917,CSTMR0416,2026-04-10,11:19:36
ORD06918,CSTMR0847,2025-03-05,20:42:37
ORD06919,CSTMR0010,2025-11-15,18:56:38
ORD06920,CSTMR0040,2024-12-30,18:03:19
ORD06921,CSTMR0777,2023-04-01,21:05:19
ORD06922,CSTMR0867,2025-03-30,17:24:53
ORD06923,CSTMR0680,2023-06-12,13:41:01
ORD06924,CSTMR0451,2023-08-17,12:34:50
ORD06925,CSTMR0763,2024-06-02,18:42:01
ORD06926,CSTMR0375,2022-06-03,21:43:24
ORD06927,CSTMR0716,2022-02-12,16:23:15
ORD06928,CSTMR0215,2024-08-25,15:36:38
ORD06929,CSTMR0225,2025-10-18,14:28:30
ORD06930,CSTMR0577,2021-10-28,18:01:41
ORD06931,CSTMR0425,2023-03-18,12:34:24
ORD06932,CSTMR0928,2025-08-02,12:34:04
ORD06933,CSTMR0634,2026-04-01,18:58:17
ORD06934,CSTMR0202,2024-10-18,20:21:04
ORD06935,CSTMR0028,2026-01-30,09:35:34
ORD06936,CSTMR0742,2024-03-19,15:48:00
ORD06937,CSTMR0840,2024-08-07,21:09:22
ORD06938,CSTMR0489,2025-05-22,21:54:53
ORD06939,CSTMR0523,2025-02-26,12:35:54
ORD06940,CSTMR0658,2024-01-30,09:22:04
ORD06941,CSTMR0824,2026-01-19,20:47:45
ORD06942,CSTMR0260,2023-01-22,20:18:36
ORD06943,CSTMR0872,2026-05-31,13:08:54
ORD06944,CSTMR0299,2025-08-21,18:40:02
ORD06945,CSTMR0282,2023-04-06,13:22:57
ORD06946,CSTMR0185,2024-08-25,19:32:21
ORD06947,CSTMR0110,2024-11-07,22:26:02
ORD06948,CSTMR0480,2022-10-03,13:21:27
ORD06949,CSTMR0764,2025-11-22,15:21:53
ORD06950,CSTMR0814,2023-07-26,20:28:28
ORD06951,CSTMR0802,2023-12-14,17:37:17
ORD06952,CSTMR0198,2024-11-05,16:50:19
ORD06953,CSTMR0740,2022-08-18,19:13:54
ORD06954,CSTMR0282,2024-01-02,12:29:05
ORD06955,CSTMR0419,2026-05-21,13:55:57
ORD06956,CSTMR0857,2023-01-07,14:25:09
ORD06957,CSTMR0049,2025-01-19,13:10:03
ORD06958,CSTMR0022,2025-08-06,11:22:37
ORD06959,CSTMR0970,2024-02-02,22:20:51
ORD06960,CSTMR0175,2023-06-16,10:35:27
ORD06961,CSTMR0982,2025-11-12,22:09:54
ORD06962,CSTMR0411,2021-12-06,15:44:47
ORD06963,CSTMR0067,2024-01-16,18:14:37
ORD06964,CSTMR0270,2025-06-20,19:56:01
ORD06965,CSTMR0287,2024-12-09,21:45:42
ORD06966,CSTMR0185,2025-05-01,21:32:58
ORD06967,CSTMR0059,2024-02-05,22:21:56
ORD06968,CSTMR0279,2025-02-09,13:59:46
ORD06969,CSTMR0198,2023-11-30,20:42:06
ORD06970,CSTMR0555,2025-08-20,10:37:49
ORD06971,CSTMR0717,2021-09-14,13:17:42
ORD06972,CSTMR0921,2026-03-12,11:13:28
ORD06973,CSTMR0840,2024-02-03,12:16:36
ORD06974,CSTMR0431,2021-12-03,16:13:20
ORD06975,CSTMR0026,2023-04-10,15:18:19
ORD06976,CSTMR0041,2022-01-01,15:38:26
ORD06977,CSTMR0476,2023-03-30,22:54:39
ORD06978,CSTMR0819,2025-04-29,16:58:21
ORD06979,CSTMR0027,2023-03-17,20:10:00
ORD06980,CSTMR0716,2022-02-13,08:42:11
ORD06981,CSTMR0218,2023-04-21,10:13:11
ORD06982,CSTMR0310,2023-02-08,20:29:57
ORD06983,CSTMR0830,2023-02-28,20:15:00
ORD06984,CSTMR0850,2025-09-18,19:24:38
ORD06985,CSTMR0292,2023-05-23,22:36:21
ORD06986,CSTMR0146,2021-06-10,19:42:12
ORD06987,CSTMR0157,2022-09-04,11:35:48
ORD06988,CSTMR0865,2025-10-15,22:08:28
ORD06989,CSTMR0788,2022-05-20,10:32:18
ORD06990,CSTMR0541,2024-07-20,12:43:45
ORD06991,CSTMR0852,2021-10-15,22:40:02
ORD06992,CSTMR0744,2024-12-12,20:28:40
ORD06993,CSTMR0100,2024-12-18,20:53:08
ORD06994,CSTMR0140,2026-01-25,13:44:45
ORD06995,CSTMR0536,2022-08-07,12:31:28
ORD06996,CSTMR0155,2024-04-16,09:46:36
ORD06997,CSTMR0616,2025-06-18,13:27:13
ORD06998,CSTMR0455,2026-05-25,21:21:11
ORD06999,CSTMR0881,2025-12-02,20:26:27
ORD07000,CSTMR0430,2025-08-11,19:32:49
ORD07001,CSTMR0525,2023-02-12,19:19:14
ORD07002,CSTMR0334,2023-03-11,14:06:44
ORD07003,CSTMR0301,2024-03-08,10:56:56
ORD07004,CSTMR0847,2024-05-18,11:19:17
ORD07005,CSTMR0850,2025-12-09,12:18:08
ORD07006,CSTMR0320,2023-04-18,15:36:15
ORD07007,CSTMR0239,2023-04-21,10:36:39
ORD07008,CSTMR0448,2024-04-21,20:48:04
ORD07009,CSTMR0919,2024-07-05,18:06:47
ORD07010,CSTMR0753,2021-12-22,08:51:45
ORD07011,CSTMR0456,2024-10-05,13:05:44
ORD07012,CSTMR0924,2024-12-09,08:01:18
ORD07013,CSTMR0447,2022-11-01,21:28:50
ORD07014,CSTMR0326,2025-09-03,14:41:28
ORD07015,CSTMR0915,2025-06-18,21:12:58
ORD07016,CSTMR0141,2024-12-23,13:24:05
ORD07017,CSTMR0856,2026-01-24,16:37:49
ORD07018,CSTMR0260,2021-08-23,13:53:03
ORD07019,CSTMR0694,2023-12-29,20:37:15
ORD07020,CSTMR0487,2023-05-21,21:48:18
ORD07021,CSTMR0290,2022-03-09,20:21:02
ORD07022,CSTMR0025,2022-11-12,12:31:30
ORD07023,CSTMR0473,2021-10-09,11:48:42
ORD07024,CSTMR0855,2025-01-12,20:28:22
ORD07025,CSTMR0255,2025-03-11,19:43:05
ORD07026,CSTMR0649,2023-12-16,13:47:55
ORD07027,CSTMR0884,2025-01-01,10:04:19
ORD07028,CSTMR0518,2026-05-10,22:09:00
ORD07029,CSTMR0744,2025-04-13,12:49:56
ORD07030,CSTMR0072,2025-03-13,20:21:04
ORD07031,CSTMR0847,2023-10-13,15:20:23
ORD07032,CSTMR0485,2024-08-26,10:31:13
ORD07033,CSTMR0817,2026-05-30,19:20:21
ORD07034,CSTMR0544,2021-12-06,12:34:20
ORD07035,CSTMR0734,2022-03-30,08:25:47
ORD07036,CSTMR0303,2021-07-20,16:40:18
ORD07037,CSTMR0284,2023-06-20,21:55:59
ORD07038,CSTMR0477,2023-01-23,20:15:51
ORD07039,CSTMR0850,2026-04-19,19:29:44
ORD07040,CSTMR0236,2022-11-13,22:11:43
ORD07041,CSTMR0738,2025-04-18,16:20:29
ORD07042,CSTMR0044,2025-03-14,11:24:07
ORD07043,CSTMR0325,2022-11-30,12:49:52
ORD07044,CSTMR0225,2023-10-14,09:19:03
ORD07045,CSTMR0578,2026-03-27,18:15:28
ORD07046,CSTMR0848,2024-07-18,12:21:48
ORD07047,CSTMR0961,2025-07-13,12:21:30
ORD07048,CSTMR0471,2024-09-25,12:40:00
ORD07049,CSTMR0156,2024-08-26,12:16:03
ORD07050,CSTMR0769,2025-09-09,12:28:41
ORD07051,CSTMR0818,2022-12-13,20:36:21
ORD07052,CSTMR0603,2025-09-12,19:37:11
ORD07053,CSTMR0281,2025-10-30,12:03:28
ORD07054,CSTMR0266,2025-10-29,18:35:12
ORD07055,CSTMR0529,2023-03-15,15:22:26
ORD07056,CSTMR0635,2023-03-13,12:36:41
ORD07057,CSTMR0794,2023-06-25,13:44:43
ORD07058,CSTMR0792,2023-04-26,13:15:59
ORD07059,CSTMR0090,2023-01-17,19:16:47
ORD07060,CSTMR0649,2025-05-27,19:24:41
ORD07061,CSTMR0444,2021-04-29,12:07:30
ORD07062,CSTMR0634,2024-06-28,20:42:36
ORD07063,CSTMR0618,2025-02-21,19:50:28
ORD07064,CSTMR0732,2025-06-08,21:39:19
ORD07065,CSTMR0228,2025-04-20,19:56:05
ORD07066,CSTMR0968,2024-02-02,16:12:41
ORD07067,CSTMR0744,2024-03-26,12:18:26
ORD07068,CSTMR0534,2021-06-28,13:39:20
ORD07069,CSTMR0122,2023-11-24,16:59:28
ORD07070,CSTMR0732,2025-04-21,16:52:25
ORD07071,CSTMR0276,2024-05-13,11:26:12
ORD07072,CSTMR0216,2022-03-27,19:33:00
ORD07073,CSTMR0676,2023-04-21,18:09:59
ORD07074,CSTMR0287,2026-02-09,09:46:57
ORD07075,CSTMR0520,2024-03-16,13:12:16
ORD07076,CSTMR0088,2022-07-21,18:32:13
ORD07077,CSTMR0389,2024-02-11,13:09:41
ORD07078,CSTMR0034,2025-08-14,13:45:43
ORD07079,CSTMR0318,2024-09-13,16:37:56
ORD07080,CSTMR0073,2022-04-10,12:47:10
ORD07081,CSTMR0782,2025-04-19,20:04:06
ORD07082,CSTMR0834,2024-03-23,12:11:37
ORD07083,CSTMR0147,2023-10-22,17:20:26
ORD07084,CSTMR0075,2022-01-20,09:40:04
ORD07085,CSTMR0068,2022-11-17,14:00:26
ORD07086,CSTMR0184,2023-07-02,13:40:58
ORD07087,CSTMR0989,2026-03-13,17:56:16
ORD07088,CSTMR0831,2023-04-15,12:41:37
ORD07089,CSTMR0794,2024-11-30,19:16:35
ORD07090,CSTMR0293,2025-07-12,10:12:25
ORD07091,CSTMR0730,2022-07-07,13:11:10
ORD07092,CSTMR0786,2023-09-17,12:15:54
ORD07093,CSTMR0410,2026-04-18,20:23:07
ORD07094,CSTMR0155,2026-03-04,14:25:52
ORD07095,CSTMR0020,2024-02-15,09:45:33
ORD07096,CSTMR0486,2024-05-30,08:05:53
ORD07097,CSTMR0660,2024-05-28,15:21:42
ORD07098,CSTMR0916,2023-06-07,22:07:31
ORD07099,CSTMR0335,2024-11-09,22:28:27
ORD07100,CSTMR0908,2023-06-22,16:06:55
ORD07101,CSTMR0413,2026-01-20,12:15:51
ORD07102,CSTMR0472,2023-04-07,19:05:05
ORD07103,CSTMR0752,2021-04-05,14:38:51
ORD07104,CSTMR0964,2022-06-19,22:33:29
ORD07105,CSTMR0415,2023-11-02,21:35:55
ORD07106,CSTMR0579,2025-07-01,18:21:05
ORD07107,CSTMR0505,2022-01-16,13:35:18
ORD07108,CSTMR0461,2023-08-11,13:02:08
ORD07109,CSTMR0720,2025-10-26,16:15:53
ORD07110,CSTMR0391,2024-08-10,20:23:30
ORD07111,CSTMR0574,2021-08-21,08:20:15
ORD07112,CSTMR0249,2026-01-26,09:18:48
ORD07113,CSTMR0617,2023-10-11,12:19:21
ORD07114,CSTMR0649,2023-11-08,20:53:08
ORD07115,CSTMR0915,2024-09-19,20:07:17
ORD07116,CSTMR0130,2024-11-10,13:21:32
ORD07117,CSTMR0984,2023-10-27,15:58:03
ORD07118,CSTMR0327,2021-07-16,12:27:57
ORD07119,CSTMR0208,2022-06-10,19:14:10
ORD07120,CSTMR0929,2025-04-25,10:34:25
ORD07121,CSTMR0672,2025-02-26,14:33:09
ORD07122,CSTMR0999,2021-01-22,21:36:14
ORD07123,CSTMR0716,2023-09-06,11:15:28
ORD07124,CSTMR0926,2026-02-13,22:56:09
ORD07125,CSTMR0150,2025-01-10,10:27:15
ORD07126,CSTMR0643,2024-05-31,09:29:31
ORD07127,CSTMR0555,2025-08-13,11:55:36
ORD07128,CSTMR0150,2024-04-12,20:47:32
ORD07129,CSTMR0411,2023-07-10,10:28:03
ORD07130,CSTMR0727,2024-06-23,20:44:58
ORD07131,CSTMR0852,2022-03-12,13:31:27
ORD07132,CSTMR0500,2022-03-08,08:19:55
ORD07133,CSTMR0749,2026-05-22,13:40:49
ORD07134,CSTMR0796,2026-02-28,10:34:37
ORD07135,CSTMR0327,2024-03-27,08:37:12
ORD07136,CSTMR0071,2024-08-25,21:46:23
ORD07137,CSTMR0647,2024-07-19,17:49:28
ORD07138,CSTMR0173,2026-02-23,13:48:31
ORD07139,CSTMR0150,2023-02-10,22:19:30
ORD07140,CSTMR0328,2025-02-06,15:44:52
ORD07141,CSTMR0369,2024-06-05,22:59:32
ORD07142,CSTMR0227,2024-06-01,13:23:57
ORD07143,CSTMR0912,2024-05-15,20:55:14
ORD07144,CSTMR0791,2026-01-27,19:52:46
ORD07145,CSTMR0707,2026-01-05,22:19:49
ORD07146,CSTMR0306,2023-02-21,21:44:46
ORD07147,CSTMR0219,2022-04-22,22:47:27
ORD07148,CSTMR0361,2024-02-10,20:40:25
ORD07149,CSTMR0519,2023-02-16,14:35:38
ORD07150,CSTMR0505,2024-08-09,22:22:13
ORD07151,CSTMR0325,2021-12-30,16:46:15
ORD07152,CSTMR0319,2024-08-30,12:59:49
ORD07153,CSTMR0185,2021-04-12,15:35:58
ORD07154,CSTMR0707,2026-02-06,16:30:03
ORD07155,CSTMR0585,2023-11-29,21:01:40
ORD07156,CSTMR0045,2024-04-03,11:04:08
ORD07157,CSTMR0032,2025-05-01,13:52:22
ORD07158,CSTMR0159,2022-06-10,19:14:38
ORD07159,CSTMR0889,2021-04-28,15:41:26
ORD07160,CSTMR0126,2022-06-28,16:47:03
ORD07161,CSTMR0720,2022-11-20,21:44:37
ORD07162,CSTMR0270,2025-03-08,15:22:33
ORD07163,CSTMR0486,2025-10-01,09:18:51
ORD07164,CSTMR0121,2025-02-03,18:14:00
ORD07165,CSTMR0305,2024-08-10,13:23:21
ORD07166,CSTMR0381,2025-12-25,12:34:39
ORD07167,CSTMR0356,2022-08-24,19:17:21
ORD07168,CSTMR0498,2022-06-14,09:03:23
ORD07169,CSTMR0200,2026-02-13,19:58:20
ORD07170,CSTMR0116,2021-07-10,14:08:24
ORD07171,CSTMR0268,2025-09-16,16:34:51
ORD07172,CSTMR0931,2025-10-10,15:18:24
ORD07173,CSTMR0967,2023-11-24,15:11:24
ORD07174,CSTMR0712,2022-09-11,12:22:51
ORD07175,CSTMR0822,2024-07-26,21:59:09
ORD07176,CSTMR0571,2026-03-15,13:31:33
ORD07177,CSTMR0175,2023-01-11,11:36:27
ORD07178,CSTMR0175,2026-02-22,10:26:07
ORD07179,CSTMR0434,2025-04-19,13:17:16
ORD07180,CSTMR0150,2022-07-05,20:06:36
ORD07181,CSTMR0240,2025-12-27,10:24:02
ORD07182,CSTMR0232,2022-09-25,13:24:05
ORD07183,CSTMR0665,2024-01-27,12:17:05
ORD07184,CSTMR0987,2026-05-06,20:40:42
ORD07185,CSTMR0420,2021-05-07,21:24:25
ORD07186,CSTMR0193,2024-01-06,12:11:45
ORD07187,CSTMR0725,2026-02-12,09:23:12
ORD07188,CSTMR0276,2024-07-11,11:43:21
ORD07189,CSTMR0597,2024-02-14,20:53:34
ORD07190,CSTMR0819,2025-01-26,12:51:21
ORD07191,CSTMR0271,2025-12-02,14:27:11
ORD07192,CSTMR0589,2022-05-24,13:40:55
ORD07193,CSTMR0058,2023-12-19,21:20:11
ORD07194,CSTMR0935,2023-12-29,20:11:53
ORD07195,CSTMR0082,2023-11-26,15:02:38
ORD07196,CSTMR0097,2026-04-25,20:39:36
ORD07197,CSTMR0777,2026-01-08,19:23:06
ORD07198,CSTMR0431,2022-12-01,18:57:56
ORD07199,CSTMR0752,2022-03-20,12:59:07
ORD07200,CSTMR0257,2025-11-14,13:51:33
ORD07201,CSTMR0045,2023-09-20,18:59:47
ORD07202,CSTMR0342,2025-02-15,09:32:03
ORD07203,CSTMR0826,2025-01-09,19:35:18
ORD07204,CSTMR0801,2021-11-09,13:31:14
ORD07205,CSTMR0308,2023-09-30,12:46:54
ORD07206,CSTMR0012,2024-08-30,19:29:02
ORD07207,CSTMR0279,2025-12-10,10:59:41
ORD07208,CSTMR0410,2025-05-22,19:07:03
ORD07209,CSTMR0881,2024-10-15,14:50:19
ORD07210,CSTMR0626,2021-08-30,12:44:32
ORD07211,CSTMR0690,2025-01-04,18:47:32
ORD07212,CSTMR0491,2025-10-27,18:58:14
ORD07213,CSTMR0113,2024-02-27,16:34:47
ORD07214,CSTMR0041,2022-12-31,18:31:08
ORD07215,CSTMR0737,2022-05-22,10:33:09
ORD07216,CSTMR0073,2026-05-10,10:43:07
ORD07217,CSTMR0848,2022-07-12,17:28:22
ORD07218,CSTMR0260,2025-10-19,20:18:26
ORD07219,CSTMR0530,2023-09-14,19:39:11
ORD07220,CSTMR0454,2023-03-06,12:50:10
ORD07221,CSTMR0921,2022-10-21,10:21:21
ORD07222,CSTMR0539,2021-12-02,18:11:15
ORD07223,CSTMR0225,2024-08-08,12:24:56
ORD07224,CSTMR0663,2024-01-15,13:12:50
ORD07225,CSTMR0865,2024-10-26,21:30:43
ORD07226,CSTMR0194,2021-09-01,10:06:19
ORD07227,CSTMR0351,2023-10-14,20:06:07
ORD07228,CSTMR0675,2025-08-16,17:19:39
ORD07229,CSTMR0389,2024-12-20,18:46:02
ORD07230,CSTMR0541,2022-05-04,08:40:30
ORD07231,CSTMR0902,2026-01-08,22:57:26
ORD07232,CSTMR0187,2023-08-31,12:02:37
ORD07233,CSTMR0877,2026-05-08,09:42:08
ORD07234,CSTMR0517,2025-10-03,10:43:49
ORD07235,CSTMR0474,2021-03-08,16:21:42
ORD07236,CSTMR0393,2026-01-13,12:17:03
ORD07237,CSTMR0035,2023-06-21,13:00:54
ORD07238,CSTMR0646,2023-10-13,21:47:28
ORD07239,CSTMR0383,2026-04-24,13:41:31
ORD07240,CSTMR0427,2023-10-10,19:57:08
ORD07241,CSTMR0533,2022-03-15,17:07:54
ORD07242,CSTMR0750,2026-05-31,19:10:07
ORD07243,CSTMR0224,2026-05-03,21:49:59
ORD07244,CSTMR0731,2023-04-30,10:08:53
ORD07245,CSTMR0443,2026-01-23,18:50:38
ORD07246,CSTMR0120,2024-05-31,08:15:37
ORD07247,CSTMR0289,2022-08-07,18:32:43
ORD07248,CSTMR0029,2025-01-05,20:57:58
ORD07249,CSTMR0522,2022-10-12,20:40:34
ORD07250,CSTMR0010,2024-02-02,12:04:31
ORD07251,CSTMR0192,2023-04-04,12:01:28
ORD07252,CSTMR0768,2025-06-27,13:25:46
ORD07253,CSTMR0358,2025-07-13,19:48:57
ORD07254,CSTMR0826,2023-11-13,12:10:03
ORD07255,CSTMR0093,2025-10-01,22:18:10
ORD07256,CSTMR0088,2026-04-04,19:54:21
ORD07257,CSTMR0754,2024-01-11,15:49:39
ORD07258,CSTMR0399,2024-02-05,20:48:01
ORD07259,CSTMR0190,2024-03-31,12:40:00
ORD07260,CSTMR0737,2023-11-25,14:06:45
ORD07261,CSTMR0103,2022-01-09,20:21:08
ORD07262,CSTMR0850,2024-09-22,19:33:27
ORD07263,CSTMR0420,2022-04-23,19:24:27
ORD07264,CSTMR0109,2023-09-15,20:38:33
ORD07265,CSTMR0379,2021-12-06,12:53:27
ORD07266,CSTMR0543,2024-01-02,17:39:57
ORD07267,CSTMR0666,2023-09-14,20:12:23
ORD07268,CSTMR0811,2023-06-06,15:09:29
ORD07269,CSTMR0795,2026-02-21,19:50:10
ORD07270,CSTMR0051,2021-04-23,09:57:38
ORD07271,CSTMR0943,2022-06-08,20:26:06
ORD07272,CSTMR0025,2022-10-23,11:37:56
ORD07273,CSTMR0846,2023-11-17,17:19:29
ORD07274,CSTMR0749,2025-04-05,21:18:55
ORD07275,CSTMR0277,2023-07-14,13:28:48
ORD07276,CSTMR0547,2024-06-10,12:53:52
ORD07277,CSTMR0898,2023-04-03,19:19:56
ORD07278,CSTMR0207,2023-05-27,21:26:49
ORD07279,CSTMR0174,2025-01-21,08:00:45
ORD07280,CSTMR0438,2023-06-24,17:12:14
ORD07281,CSTMR0972,2024-04-18,22:30:28
ORD07282,CSTMR0140,2024-03-15,11:32:23
ORD07283,CSTMR0965,2023-04-12,13:14:05
ORD07284,CSTMR0402,2025-07-24,19:58:09
ORD07285,CSTMR0058,2025-05-06,14:55:30
ORD07286,CSTMR0514,2025-09-17,20:01:06
ORD07287,CSTMR0052,2023-01-27,08:45:58
ORD07288,CSTMR0223,2025-04-09,16:32:44
ORD07289,CSTMR0429,2023-09-26,20:18:37
ORD07290,CSTMR0365,2022-08-30,10:21:05
ORD07291,CSTMR0238,2026-02-28,17:26:30
ORD07292,CSTMR0255,2024-06-19,17:04:35
ORD07293,CSTMR0022,2025-06-25,09:29:20
ORD07294,CSTMR0751,2025-06-14,15:40:31
ORD07295,CSTMR0879,2025-11-07,18:46:20
ORD07296,CSTMR0932,2024-04-29,20:04:51
ORD07297,CSTMR0997,2025-10-03,08:41:24
ORD07298,CSTMR0960,2025-07-05,15:19:52
ORD07299,CSTMR0845,2025-10-28,19:32:17
ORD07300,CSTMR0741,2021-09-11,10:55:34
ORD07301,CSTMR0312,2023-07-16,13:57:53
ORD07302,CSTMR0135,2021-10-27,21:59:46
ORD07303,CSTMR0733,2021-04-02,15:40:34
ORD07304,CSTMR0233,2024-06-15,21:44:15
ORD07305,CSTMR0767,2024-12-30,13:27:50
ORD07306,CSTMR0351,2025-05-21,12:16:51
ORD07307,CSTMR0212,2024-03-28,20:43:47
ORD07308,CSTMR0415,2025-02-21,22:40:26
ORD07309,CSTMR0668,2022-02-03,10:07:34
ORD07310,CSTMR0971,2022-02-03,08:09:56
ORD07311,CSTMR0821,2023-06-15,21:16:53
ORD07312,CSTMR0260,2022-08-16,08:25:54
ORD07313,CSTMR0989,2022-12-24,19:35:30
ORD07314,CSTMR0889,2023-02-20,08:43:07
ORD07315,CSTMR0162,2021-09-07,14:14:56
ORD07316,CSTMR0271,2026-05-21,20:23:00
ORD07317,CSTMR0506,2023-07-19,12:40:24
ORD07318,CSTMR0151,2025-12-27,12:25:27
ORD07319,CSTMR0890,2023-04-20,20:52:42
ORD07320,CSTMR0621,2024-12-02,12:27:58
ORD07321,CSTMR0050,2024-12-30,19:04:16
ORD07322,CSTMR0954,2025-05-16,12:12:45
ORD07323,CSTMR0109,2025-08-30,22:36:12
ORD07324,CSTMR0237,2023-07-02,21:07:53
ORD07325,CSTMR0112,2021-04-10,19:49:28
ORD07326,CSTMR0643,2023-04-08,14:06:33
ORD07327,CSTMR0019,2023-07-13,11:11:04
ORD07328,CSTMR0529,2026-02-15,12:20:57
ORD07329,CSTMR0378,2024-07-03,20:22:51
ORD07330,CSTMR0822,2023-02-26,15:33:21
ORD07331,CSTMR0178,2025-10-23,13:50:09
ORD07332,CSTMR0330,2025-02-13,16:53:11
ORD07333,CSTMR0993,2023-10-03,19:40:56
ORD07334,CSTMR0061,2025-06-10,08:15:40
ORD07335,CSTMR0971,2022-09-08,21:18:51
ORD07336,CSTMR0754,2024-12-21,16:28:13
ORD07337,CSTMR0123,2023-12-21,20:29:33
ORD07338,CSTMR0727,2022-05-29,09:14:31
ORD07339,CSTMR0838,2021-06-24,19:21:59
ORD07340,CSTMR0604,2026-01-21,13:46:37
ORD07341,CSTMR0083,2026-03-10,21:54:16
ORD07342,CSTMR0036,2024-08-05,22:44:43
ORD07343,CSTMR0240,2024-09-02,21:42:54
ORD07344,CSTMR0678,2023-08-21,21:14:22
ORD07345,CSTMR0971,2024-03-25,20:50:17
ORD07346,CSTMR0542,2023-04-30,22:34:18
ORD07347,CSTMR0056,2022-07-10,15:32:29
ORD07348,CSTMR0497,2025-06-03,10:22:06
ORD07349,CSTMR0481,2023-01-03,08:54:25
ORD07350,CSTMR0495,2023-09-05,16:42:34
ORD07351,CSTMR0415,2023-03-24,17:59:04
ORD07352,CSTMR0617,2023-01-13,15:56:18
ORD07353,CSTMR0006,2023-12-23,13:14:51
ORD07354,CSTMR0766,2021-08-03,20:21:21
ORD07355,CSTMR0031,2026-05-27,13:21:40
ORD07356,CSTMR0409,2023-06-22,12:08:41
ORD07357,CSTMR0030,2023-01-15,14:33:18
ORD07358,CSTMR0693,2023-01-01,10:34:16
ORD07359,CSTMR0057,2024-07-19,13:32:10
ORD07360,CSTMR0757,2024-09-28,17:42:38
ORD07361,CSTMR0186,2023-07-20,08:40:12
ORD07362,CSTMR0490,2025-09-12,19:46:33
ORD07363,CSTMR0264,2023-08-22,16:12:57
ORD07364,CSTMR0765,2024-10-25,18:17:28
ORD07365,CSTMR0423,2023-01-09,19:09:19
ORD07366,CSTMR0047,2024-12-21,20:36:30
ORD07367,CSTMR0286,2022-10-17,08:11:09
ORD07368,CSTMR0883,2024-02-10,20:46:30
ORD07369,CSTMR0032,2023-12-08,12:19:37
ORD07370,CSTMR0318,2025-06-24,12:39:23
ORD07371,CSTMR0506,2024-12-08,20:04:58
ORD07372,CSTMR0097,2025-02-20,17:51:28
ORD07373,CSTMR0232,2024-05-22,19:15:08
ORD07374,CSTMR0831,2025-11-02,08:27:48
ORD07375,CSTMR0476,2022-11-14,15:29:59
ORD07376,CSTMR0197,2025-04-07,20:33:08
ORD07377,CSTMR0462,2024-02-03,11:18:40
ORD07378,CSTMR0373,2026-05-12,13:39:58
ORD07379,CSTMR0901,2024-04-30,19:14:06
ORD07380,CSTMR0625,2024-09-01,21:42:28
ORD07381,CSTMR0093,2024-07-15,15:59:03
ORD07382,CSTMR0993,2023-05-16,21:39:07
ORD07383,CSTMR0550,2024-05-06,17:18:15
ORD07384,CSTMR0082,2021-04-22,09:44:19
ORD07385,CSTMR0164,2022-06-02,10:36:29
ORD07386,CSTMR0062,2025-10-01,11:03:34
ORD07387,CSTMR0837,2021-01-05,13:25:00
ORD07388,CSTMR0509,2023-01-19,13:15:55
ORD07389,CSTMR0662,2023-06-18,18:48:03
ORD07390,CSTMR0111,2025-05-02,09:51:06
ORD07391,CSTMR0817,2024-03-05,16:30:50
ORD07392,CSTMR0685,2022-11-19,14:20:19
ORD07393,CSTMR0713,2021-10-09,19:43:26
ORD07394,CSTMR0258,2023-01-08,12:31:55
ORD07395,CSTMR0974,2021-06-10,19:07:36
ORD07396,CSTMR0310,2023-08-02,13:23:28
ORD07397,CSTMR0467,2024-07-14,13:32:21
ORD07398,CSTMR0289,2025-10-11,12:49:55
ORD07399,CSTMR0365,2024-06-17,20:47:33
ORD07400,CSTMR0969,2026-03-21,13:45:57
ORD07401,CSTMR0775,2023-02-12,21:17:24
ORD07402,CSTMR0185,2026-03-11,13:26:54
ORD07403,CSTMR0291,2024-04-24,20:25:58
ORD07404,CSTMR0501,2025-01-13,10:13:52
ORD07405,CSTMR0408,2025-01-10,11:45:03
ORD07406,CSTMR0639,2023-05-27,20:50:36
ORD07407,CSTMR0973,2025-01-30,11:13:31
ORD07408,CSTMR0177,2023-02-15,19:44:38
ORD07409,CSTMR0191,2024-12-01,21:44:27
ORD07410,CSTMR0465,2023-06-18,13:34:43
ORD07411,CSTMR0223,2026-04-01,13:31:29
ORD07412,CSTMR0852,2026-02-14,19:27:26
ORD07413,CSTMR0804,2023-04-20,15:11:18
ORD07414,CSTMR0892,2024-03-11,12:40:17
ORD07415,CSTMR0643,2024-05-23,19:28:49
ORD07416,CSTMR0560,2025-09-26,16:30:39
ORD07417,CSTMR0203,2026-01-13,08:46:44
ORD07418,CSTMR0492,2022-01-21,17:05:52
ORD07419,CSTMR0906,2025-02-11,18:32:50
ORD07420,CSTMR0222,2024-11-23,20:28:20
ORD07421,CSTMR0684,2021-09-25,18:34:14
ORD07422,CSTMR0490,2021-04-16,22:32:00
ORD07423,CSTMR0151,2025-05-08,13:54:43
ORD07424,CSTMR0184,2023-03-19,13:34:24
ORD07425,CSTMR0564,2025-07-12,13:08:39
ORD07426,CSTMR0798,2021-11-20,20:32:44
ORD07427,CSTMR0131,2023-05-27,08:41:52
ORD07428,CSTMR0693,2022-11-15,15:58:05
ORD07429,CSTMR0514,2024-03-09,19:05:32
ORD07430,CSTMR0105,2026-05-20,14:02:47
ORD07431,CSTMR0872,2023-06-07,09:57:03
ORD07432,CSTMR0778,2021-07-11,13:26:18
ORD07433,CSTMR0686,2024-07-07,19:14:56
ORD07434,CSTMR0766,2025-10-20,08:52:45
ORD07435,CSTMR0264,2025-09-05,21:44:49
ORD07436,CSTMR0276,2026-05-14,20:46:54
ORD07437,CSTMR0650,2024-08-26,12:13:25
ORD07438,CSTMR0838,2024-01-05,13:45:28
ORD07439,CSTMR0672,2024-09-25,14:35:40
ORD07440,CSTMR0826,2025-06-22,16:50:19
ORD07441,CSTMR0222,2024-05-22,21:32:45
ORD07442,CSTMR0443,2025-09-14,20:35:16
ORD07443,CSTMR0353,2021-02-14,18:04:32
ORD07444,CSTMR0121,2025-12-21,10:22:57
ORD07445,CSTMR0670,2022-06-18,13:51:49
ORD07446,CSTMR0460,2023-06-04,21:01:54
ORD07447,CSTMR0995,2024-11-06,20:43:04
ORD07448,CSTMR0797,2023-10-06,20:13:29
ORD07449,CSTMR0287,2024-04-28,16:40:24
ORD07450,CSTMR0478,2021-05-22,18:16:58
ORD07451,CSTMR0462,2024-05-06,22:54:08
ORD07452,CSTMR0151,2025-11-25,19:40:41
ORD07453,CSTMR0083,2023-08-09,21:58:37
ORD07454,CSTMR0675,2022-02-26,21:37:12
ORD07455,CSTMR0693,2024-06-04,19:20:52
ORD07456,CSTMR0112,2025-12-14,13:44:00
ORD07457,CSTMR0344,2024-07-21,14:18:44
ORD07458,CSTMR0446,2026-02-05,20:40:47
ORD07459,CSTMR0892,2022-02-22,15:09:56
ORD07460,CSTMR0246,2025-10-04,14:39:49
ORD07461,CSTMR0867,2024-01-28,18:16:52
ORD07462,CSTMR0078,2022-05-27,12:53:25
ORD07463,CSTMR0398,2025-06-11,20:07:29
ORD07464,CSTMR0155,2025-03-20,13:09:43
ORD07465,CSTMR0265,2024-03-30,20:07:17
ORD07466,CSTMR0880,2022-03-20,15:35:27
ORD07467,CSTMR0947,2022-08-22,08:44:28
ORD07468,CSTMR0394,2026-05-19,22:52:29
ORD07469,CSTMR0148,2024-08-21,12:31:49
ORD07470,CSTMR0844,2023-12-29,20:49:39
ORD07471,CSTMR0367,2024-10-03,09:20:34
ORD07472,CSTMR0658,2024-11-03,20:12:32
ORD07473,CSTMR0236,2021-08-19,20:56:26
ORD07474,CSTMR0677,2022-06-05,21:07:49
ORD07475,CSTMR0855,2023-10-01,13:17:03
ORD07476,CSTMR0913,2025-07-14,20:28:19
ORD07477,CSTMR0864,2025-06-22,13:33:29
ORD07478,CSTMR0468,2025-01-13,17:05:50
ORD07479,CSTMR0237,2023-08-05,15:26:48
ORD07480,CSTMR0236,2021-05-11,13:28:05
ORD07481,CSTMR0898,2025-12-20,14:38:00
ORD07482,CSTMR0390,2023-06-03,17:33:47
ORD07483,CSTMR0135,2022-07-27,14:06:26
ORD07484,CSTMR0533,2022-11-27,09:31:36
ORD07485,CSTMR0146,2025-06-11,20:54:30
ORD07486,CSTMR0822,2026-01-04,20:45:47
ORD07487,CSTMR0660,2023-11-08,16:14:16
ORD07488,CSTMR0075,2022-01-04,19:10:04
ORD07489,CSTMR0726,2025-02-18,15:57:53
ORD07490,CSTMR0839,2021-12-27,14:26:17
ORD07491,CSTMR0102,2024-09-29,13:02:44
ORD07492,CSTMR0978,2024-02-15,20:31:23
ORD07493,CSTMR0861,2023-01-27,19:03:01
ORD07494,CSTMR0186,2024-12-04,13:11:11
ORD07495,CSTMR0185,2024-05-30,22:38:13
ORD07496,CSTMR0418,2022-08-21,14:35:26
ORD07497,CSTMR0948,2023-05-17,18:58:58
ORD07498,CSTMR0990,2024-05-25,19:49:53
ORD07499,CSTMR0292,2025-12-01,13:00:54
ORD07500,CSTMR0476,2026-04-27,08:09:31
ORD07501,CSTMR0730,2026-05-22,15:26:18
ORD07502,CSTMR0169,2023-06-18,09:39:40
ORD07503,CSTMR0885,2025-04-17,22:08:21
ORD07504,CSTMR0521,2026-03-17,13:11:44
ORD07505,CSTMR0712,2023-05-20,12:21:00
ORD07506,CSTMR0492,2023-12-09,08:59:53
ORD07507,CSTMR0826,2025-11-28,21:02:52
ORD07508,CSTMR0398,2021-01-09,18:49:00
ORD07509,CSTMR0739,2024-04-01,21:34:47
ORD07510,CSTMR0927,2024-11-03,19:42:07
ORD07511,CSTMR0442,2026-01-05,13:38:03
ORD07512,CSTMR0435,2022-06-15,16:16:13
ORD07513,CSTMR0513,2022-05-06,12:23:46
ORD07514,CSTMR0298,2023-10-20,11:37:40
ORD07515,CSTMR0561,2022-09-27,14:22:02
ORD07516,CSTMR0878,2023-02-25,12:43:10
ORD07517,CSTMR0681,2024-06-21,08:11:59
ORD07518,CSTMR0840,2023-04-07,13:52:29
ORD07519,CSTMR0555,2026-04-07,08:26:15
ORD07520,CSTMR0845,2025-03-03,20:42:14
ORD07521,CSTMR0321,2022-03-30,21:37:27
ORD07522,CSTMR0892,2026-04-26,21:21:04
ORD07523,CSTMR0789,2023-03-13,21:59:36
ORD07524,CSTMR0944,2022-11-01,19:29:15
ORD07525,CSTMR0655,2022-08-28,20:32:53
ORD07526,CSTMR0194,2022-07-11,14:06:40
ORD07527,CSTMR0911,2024-06-23,13:38:29
ORD07528,CSTMR0782,2022-01-30,11:49:39
ORD07529,CSTMR0282,2025-01-19,19:40:10
ORD07530,CSTMR0970,2024-07-15,22:00:42
ORD07531,CSTMR0968,2025-10-20,14:21:54
ORD07532,CSTMR0258,2023-07-31,20:43:22
ORD07533,CSTMR0611,2026-05-05,09:19:41
ORD07534,CSTMR0701,2025-08-11,14:23:44
ORD07535,CSTMR0396,2026-01-25,19:05:38
ORD07536,CSTMR0407,2021-10-20,20:01:46
ORD07537,CSTMR0993,2023-09-09,21:23:32
ORD07538,CSTMR0257,2025-11-15,19:02:40
ORD07539,CSTMR0926,2023-12-17,08:34:23
ORD07540,CSTMR0147,2024-06-26,20:08:11
ORD07541,CSTMR0881,2022-04-07,20:07:51
ORD07542,CSTMR0508,2023-04-19,08:56:21
ORD07543,CSTMR0647,2025-11-20,08:38:25
ORD07544,CSTMR0674,2025-07-18,10:18:31
ORD07545,CSTMR0387,2024-07-27,11:33:49
ORD07546,CSTMR0967,2024-12-02,14:07:43
ORD07547,CSTMR0934,2024-11-18,11:49:16
ORD07548,CSTMR0649,2025-03-02,09:35:12
ORD07549,CSTMR0804,2023-07-18,13:02:14
ORD07550,CSTMR0941,2025-06-26,21:33:23
ORD07551,CSTMR0454,2023-04-10,12:09:17
ORD07552,CSTMR0554,2026-01-23,16:08:26
ORD07553,CSTMR0727,2024-04-05,21:30:22
ORD07554,CSTMR0306,2024-01-29,12:05:39
ORD07555,CSTMR0245,2024-04-21,19:24:22
ORD07556,CSTMR0728,2022-07-19,21:47:32
ORD07557,CSTMR0900,2022-01-22,12:20:07
ORD07558,CSTMR0728,2023-10-14,11:50:22
ORD07559,CSTMR0436,2024-01-11,22:22:43
ORD07560,CSTMR0229,2023-09-25,08:45:39
ORD07561,CSTMR0653,2026-04-08,09:58:48
ORD07562,CSTMR0618,2023-11-02,20:27:13
ORD07563,CSTMR0281,2024-01-27,21:54:59
ORD07564,CSTMR0543,2025-09-03,21:43:55
ORD07565,CSTMR0808,2021-08-10,12:56:08
ORD07566,CSTMR0027,2024-05-14,11:29:29
ORD07567,CSTMR0642,2023-04-07,18:00:19
ORD07568,CSTMR0373,2024-06-29,22:42:38
ORD07569,CSTMR0807,2022-09-04,16:51:50
ORD07570,CSTMR0131,2024-10-12,16:12:43
ORD07571,CSTMR0122,2024-12-13,14:54:03
ORD07572,CSTMR0573,2025-07-11,16:23:33
ORD07573,CSTMR0830,2021-10-30,17:59:55
ORD07574,CSTMR0926,2024-12-26,14:11:11
ORD07575,CSTMR0277,2025-08-30,21:56:21
ORD07576,CSTMR0809,2021-12-31,15:32:18
ORD07577,CSTMR0314,2021-07-13,09:34:51
ORD07578,CSTMR0302,2024-09-03,08:29:09
ORD07579,CSTMR0562,2023-03-17,19:11:23
ORD07580,CSTMR0753,2025-07-26,08:47:51
ORD07581,CSTMR0795,2023-08-15,20:04:06
ORD07582,CSTMR0769,2025-11-14,15:07:23
ORD07583,CSTMR0554,2024-02-23,16:37:11
ORD07584,CSTMR0941,2024-05-07,22:35:21
ORD07585,CSTMR0899,2023-05-02,10:38:50
ORD07586,CSTMR0565,2023-09-04,08:22:17
ORD07587,CSTMR0195,2025-05-08,19:01:17
ORD07588,CSTMR0396,2025-06-23,13:31:47
ORD07589,CSTMR0113,2024-09-22,21:52:12
ORD07590,CSTMR0244,2025-05-15,14:21:33
ORD07591,CSTMR0904,2024-06-07,16:24:37
ORD07592,CSTMR0644,2023-04-29,21:27:37
ORD07593,CSTMR0225,2025-11-13,15:53:45
ORD07594,CSTMR0509,2025-03-26,13:11:05
ORD07595,CSTMR0220,2025-02-04,19:44:56
ORD07596,CSTMR0761,2024-09-14,17:53:23
ORD07597,CSTMR0968,2023-08-07,21:09:48
ORD07598,CSTMR0327,2025-07-13,09:02:38
ORD07599,CSTMR0941,2025-12-21,21:43:56
ORD07600,CSTMR0487,2022-02-15,21:21:34
ORD07601,CSTMR0639,2024-03-18,16:43:06
ORD07602,CSTMR0734,2022-05-13,10:40:31
ORD07603,CSTMR0877,2024-12-18,14:36:30
ORD07604,CSTMR0470,2023-10-17,18:58:53
ORD07605,CSTMR0710,2023-05-21,09:37:11
ORD07606,CSTMR0860,2025-10-20,20:15:54
ORD07607,CSTMR0662,2024-09-15,10:18:26
ORD07608,CSTMR0393,2026-04-01,21:07:11
ORD07609,CSTMR0244,2024-11-04,22:11:39
ORD07610,CSTMR0594,2024-06-07,12:27:20
ORD07611,CSTMR0514,2023-09-05,13:37:55
ORD07612,CSTMR0279,2024-01-27,19:05:27
ORD07613,CSTMR0489,2025-12-25,11:20:28
ORD07614,CSTMR0077,2022-12-21,13:48:19
ORD07615,CSTMR0847,2024-10-30,14:19:51
ORD07616,CSTMR0830,2021-12-16,15:04:17
ORD07617,CSTMR0891,2022-11-01,11:53:31
ORD07618,CSTMR0512,2025-03-04,18:22:26
ORD07619,CSTMR0478,2023-12-25,21:51:50
ORD07620,CSTMR0801,2025-06-16,16:12:46
ORD07621,CSTMR0174,2023-03-19,20:32:41
ORD07622,CSTMR0210,2025-08-23,21:52:53
ORD07623,CSTMR0774,2024-02-15,19:26:38
ORD07624,CSTMR0954,2024-08-10,13:37:27
ORD07625,CSTMR0518,2021-06-07,12:02:09
ORD07626,CSTMR0732,2023-04-14,16:57:57
ORD07627,CSTMR0926,2022-12-12,15:35:24
ORD07628,CSTMR0500,2022-10-14,10:45:49
ORD07629,CSTMR0170,2023-02-28,15:25:06
ORD07630,CSTMR0579,2024-02-08,15:55:56
ORD07631,CSTMR0182,2022-05-08,17:41:22
ORD07632,CSTMR0927,2025-09-12,15:09:36
ORD07633,CSTMR0342,2024-09-27,19:43:43
ORD07634,CSTMR0114,2023-06-20,08:11:16
ORD07635,CSTMR0448,2024-11-11,18:02:11
ORD07636,CSTMR0709,2022-02-12,19:43:26
ORD07637,CSTMR0786,2024-11-14,10:32:02
ORD07638,CSTMR0081,2022-05-27,11:53:06
ORD07639,CSTMR0437,2023-04-21,15:10:10
ORD07640,CSTMR0188,2025-04-18,13:01:16
ORD07641,CSTMR0539,2023-07-21,09:59:05
ORD07642,CSTMR0523,2026-04-13,13:44:55
ORD07643,CSTMR0039,2025-08-11,13:39:54
ORD07644,CSTMR0788,2025-05-23,09:03:37
ORD07645,CSTMR0536,2023-09-16,20:16:34
ORD07646,CSTMR0624,2023-05-10,13:33:20
ORD07647,CSTMR0398,2025-09-03,21:59:33
ORD07648,CSTMR0641,2024-11-30,20:08:28
ORD07649,CSTMR0980,2022-10-25,22:27:19
ORD07650,CSTMR0360,2024-11-02,12:13:27
ORD07651,CSTMR0887,2026-04-30,21:09:08
ORD07652,CSTMR0728,2022-08-28,21:49:04
ORD07653,CSTMR0729,2023-10-19,20:38:11
ORD07654,CSTMR0772,2025-09-28,12:23:06
ORD07655,CSTMR0043,2023-01-24,22:12:15
ORD07656,CSTMR0982,2024-02-23,19:09:45
ORD07657,CSTMR0157,2024-02-04,12:59:39
ORD07658,CSTMR0986,2024-12-21,16:57:17
ORD07659,CSTMR0974,2023-03-19,10:45:23
ORD07660,CSTMR0563,2023-12-01,15:20:16
ORD07661,CSTMR0728,2021-12-04,08:37:41
ORD07662,CSTMR0318,2023-07-22,21:56:28
ORD07663,CSTMR0661,2024-10-05,21:22:55
ORD07664,CSTMR0579,2025-11-26,21:21:10
ORD07665,CSTMR0536,2025-09-06,08:29:13
ORD07666,CSTMR0526,2024-06-25,17:21:54
ORD07667,CSTMR0190,2021-06-13,15:28:07
ORD07668,CSTMR0319,2024-05-23,21:12:54
ORD07669,CSTMR0262,2026-04-25,18:30:41
ORD07670,CSTMR0886,2024-12-05,13:21:24
ORD07671,CSTMR0304,2021-09-29,18:55:12
ORD07672,CSTMR0923,2023-12-31,14:03:10
ORD07673,CSTMR0527,2023-11-13,11:35:38
ORD07674,CSTMR0680,2026-03-02,20:42:16
ORD07675,CSTMR0990,2023-08-02,21:48:12
ORD07676,CSTMR0560,2024-12-17,16:23:47
ORD07677,CSTMR0019,2024-11-03,18:38:45
ORD07678,CSTMR0846,2023-03-07,11:59:04
ORD07679,CSTMR0080,2024-10-04,10:29:23
ORD07680,CSTMR0493,2026-04-18,10:56:13
ORD07681,CSTMR0291,2024-05-04,15:14:11
ORD07682,CSTMR0054,2022-08-27,20:30:16
ORD07683,CSTMR0531,2023-01-04,10:03:37
ORD07684,CSTMR0369,2026-05-29,13:56:32
ORD07685,CSTMR0317,2022-10-10,18:45:10
ORD07686,CSTMR0021,2024-04-30,17:54:44
ORD07687,CSTMR0860,2024-03-12,13:50:53
ORD07688,CSTMR0623,2025-01-12,20:06:13
ORD07689,CSTMR0348,2024-07-22,19:33:38
ORD07690,CSTMR0643,2024-05-29,11:56:21
ORD07691,CSTMR0385,2024-10-29,19:42:50
ORD07692,CSTMR0366,2025-05-10,21:05:27
ORD07693,CSTMR0013,2026-04-22,22:31:39
ORD07694,CSTMR0341,2024-10-25,21:56:25
ORD07695,CSTMR0822,2025-12-11,19:35:47
ORD07696,CSTMR0606,2026-01-08,14:14:18
ORD07697,CSTMR0717,2023-01-30,13:30:24
ORD07698,CSTMR0221,2022-07-24,14:50:17
ORD07699,CSTMR0985,2024-10-01,21:51:20
ORD07700,CSTMR0035,2024-11-28,18:22:14
ORD07701,CSTMR0792,2025-03-05,14:31:23
ORD07702,CSTMR0677,2025-03-27,22:04:28
ORD07703,CSTMR0647,2025-04-14,11:03:34
ORD07704,CSTMR0404,2025-10-29,15:33:50
ORD07705,CSTMR0740,2022-09-23,11:26:18
ORD07706,CSTMR0843,2025-02-26,09:38:52
ORD07707,CSTMR0033,2021-10-10,21:03:05
ORD07708,CSTMR0396,2025-06-29,10:03:24
ORD07709,CSTMR0288,2026-03-04,12:41:03
ORD07710,CSTMR0784,2023-12-06,21:10:13
ORD07711,CSTMR0246,2024-12-24,13:05:24
ORD07712,CSTMR0169,2022-04-04,10:35:32
ORD07713,CSTMR0618,2024-02-04,19:08:15
ORD07714,CSTMR0096,2026-01-19,21:25:08
ORD07715,CSTMR0280,2021-12-08,19:38:24
ORD07716,CSTMR0718,2022-08-25,09:31:13
ORD07717,CSTMR0174,2024-01-19,12:02:14
ORD07718,CSTMR0631,2026-04-15,21:24:40
ORD07719,CSTMR0548,2024-04-27,19:07:08
ORD07720,CSTMR0138,2021-07-16,08:57:31
ORD07721,CSTMR0178,2021-12-21,11:59:11
ORD07722,CSTMR0918,2021-01-02,13:59:23
ORD07723,CSTMR0915,2026-03-08,11:02:51
ORD07724,CSTMR0464,2026-03-14,14:58:44
ORD07725,CSTMR0331,2026-03-28,09:10:53
ORD07726,CSTMR0442,2025-12-16,17:16:33
ORD07727,CSTMR0689,2025-09-01,13:33:42
ORD07728,CSTMR0504,2025-03-23,09:48:46
ORD07729,CSTMR0857,2025-03-10,16:13:55
ORD07730,CSTMR0856,2024-03-27,19:32:52
ORD07731,CSTMR0774,2025-03-02,21:03:54
ORD07732,CSTMR0937,2023-04-30,19:19:03
ORD07733,CSTMR0005,2022-01-04,16:12:53
ORD07734,CSTMR0131,2024-12-11,08:01:37
ORD07735,CSTMR0861,2023-01-24,19:07:17
ORD07736,CSTMR0116,2024-12-04,18:25:20
ORD07737,CSTMR0001,2025-05-19,21:19:18
ORD07738,CSTMR0212,2023-05-21,20:36:15
ORD07739,CSTMR0189,2026-01-30,20:26:29
ORD07740,CSTMR0547,2022-02-11,13:06:46
ORD07741,CSTMR0140,2023-04-19,13:46:21
ORD07742,CSTMR0423,2025-02-21,19:22:43
ORD07743,CSTMR0862,2024-10-24,11:34:58
ORD07744,CSTMR0316,2024-05-11,08:19:27
ORD07745,CSTMR0864,2024-04-26,12:09:31
ORD07746,CSTMR0618,2022-09-22,18:08:45
ORD07747,CSTMR0650,2025-10-13,22:46:18
ORD07748,CSTMR0422,2022-09-18,13:07:28
ORD07749,CSTMR0334,2024-05-25,11:39:11
ORD07750,CSTMR0181,2025-05-18,12:49:58
ORD07751,CSTMR0698,2021-08-01,09:59:55
ORD07752,CSTMR0448,2024-11-03,16:53:24
ORD07753,CSTMR0245,2024-10-21,15:03:03
ORD07754,CSTMR0630,2022-07-19,15:58:28
ORD07755,CSTMR0181,2024-05-24,13:31:33
ORD07756,CSTMR0588,2023-07-16,10:04:35
ORD07757,CSTMR0485,2023-08-15,22:56:28
ORD07758,CSTMR0964,2025-06-27,16:07:38
ORD07759,CSTMR0530,2026-05-28,12:49:43
ORD07760,CSTMR0967,2022-09-06,22:25:48
ORD07761,CSTMR0282,2025-08-08,21:23:07
ORD07762,CSTMR0062,2024-06-25,21:30:57
ORD07763,CSTMR0335,2026-05-30,12:56:38
ORD07764,CSTMR0043,2026-05-22,15:32:14
ORD07765,CSTMR0981,2026-02-23,22:34:17
ORD07766,CSTMR0655,2025-01-21,15:53:42
ORD07767,CSTMR0249,2022-09-30,08:25:02
ORD07768,CSTMR0549,2023-09-06,13:23:26
ORD07769,CSTMR0739,2024-03-20,21:20:20
ORD07770,CSTMR0230,2023-09-22,11:50:25
ORD07771,CSTMR0379,2026-02-23,13:20:30
ORD07772,CSTMR0700,2023-02-27,13:04:36
ORD07773,CSTMR1000,2022-02-18,11:17:20
ORD07774,CSTMR0343,2023-07-06,18:07:41
ORD07775,CSTMR0701,2026-04-19,14:09:43
ORD07776,CSTMR0761,2024-04-12,08:29:45
ORD07777,CSTMR0811,2024-02-04,12:23:58
ORD07778,CSTMR0559,2022-05-22,14:45:05
ORD07779,CSTMR0720,2025-03-01,13:50:04
ORD07780,CSTMR0953,2025-05-30,09:00:20
ORD07781,CSTMR0440,2021-06-02,16:37:39
ORD07782,CSTMR0171,2026-02-28,14:07:30
ORD07783,CSTMR0162,2022-07-17,17:35:23
ORD07784,CSTMR0980,2026-01-02,17:40:04
ORD07785,CSTMR0994,2026-03-23,19:51:48
ORD07786,CSTMR0134,2021-07-25,12:36:09
ORD07787,CSTMR0858,2026-04-03,16:00:19
ORD07788,CSTMR0588,2023-04-15,19:02:42
ORD07789,CSTMR0008,2024-01-26,13:11:19
ORD07790,CSTMR0467,2023-02-11,19:48:37
ORD07791,CSTMR0075,2023-11-10,16:46:27
ORD07792,CSTMR0572,2022-05-20,20:12:27
ORD07793,CSTMR0605,2024-10-15,16:01:47
ORD07794,CSTMR0160,2022-10-25,20:13:29
ORD07795,CSTMR0748,2022-07-13,12:50:45
ORD07796,CSTMR0426,2025-11-08,13:26:35
ORD07797,CSTMR0925,2022-06-02,19:35:36
ORD07798,CSTMR0157,2023-05-14,12:58:16
ORD07799,CSTMR0175,2022-12-07,15:25:57
ORD07800,CSTMR0698,2026-01-24,14:24:31
ORD07801,CSTMR0388,2024-08-11,16:42:20
ORD07802,CSTMR0371,2023-08-31,17:17:17
ORD07803,CSTMR0376,2024-07-16,20:50:29
ORD07804,CSTMR0801,2021-05-18,12:33:33
ORD07805,CSTMR0378,2025-10-11,11:18:14
ORD07806,CSTMR0340,2026-03-18,13:58:21
ORD07807,CSTMR0809,2024-11-15,20:55:00
ORD07808,CSTMR0801,2026-04-19,21:52:32
ORD07809,CSTMR0399,2022-07-17,13:10:06
ORD07810,CSTMR0719,2025-09-14,14:15:20
ORD07811,CSTMR0363,2023-10-28,14:38:49
ORD07812,CSTMR0219,2024-03-02,18:18:11
ORD07813,CSTMR0561,2023-09-14,09:36:19
ORD07814,CSTMR0140,2024-06-17,16:56:24
ORD07815,CSTMR0157,2025-04-03,13:03:16
ORD07816,CSTMR0373,2022-09-21,21:50:14
ORD07817,CSTMR0522,2021-02-11,11:43:42
ORD07818,CSTMR0540,2021-06-20,11:10:37
ORD07819,CSTMR0026,2026-02-16,19:59:25
ORD07820,CSTMR0584,2022-09-29,09:29:30
ORD07821,CSTMR0238,2022-04-27,20:53:16
ORD07822,CSTMR0805,2024-04-07,18:20:15
ORD07823,CSTMR0896,2021-11-12,20:47:05
ORD07824,CSTMR0726,2023-12-15,19:53:13
ORD07825,CSTMR0059,2026-05-26,10:45:54
ORD07826,CSTMR0769,2026-06-01,20:25:39
ORD07827,CSTMR0915,2023-06-29,15:45:02
ORD07828,CSTMR0188,2021-09-29,13:44:50
ORD07829,CSTMR0676,2025-09-16,08:10:25
ORD07830,CSTMR0691,2023-04-23,20:07:40
ORD07831,CSTMR0821,2025-07-11,21:30:49
ORD07832,CSTMR0886,2025-10-23,13:50:15
ORD07833,CSTMR0512,2021-10-11,13:25:03
ORD07834,CSTMR0807,2021-09-07,22:25:59
ORD07835,CSTMR1000,2023-10-31,18:11:16
ORD07836,CSTMR0591,2024-08-18,08:49:15
ORD07837,CSTMR0847,2025-11-18,13:16:20
ORD07838,CSTMR0956,2021-03-17,21:41:35
ORD07839,CSTMR0981,2026-05-28,08:47:47
ORD07840,CSTMR0819,2021-03-11,21:14:58
ORD07841,CSTMR0310,2026-05-05,21:17:51
ORD07842,CSTMR0159,2025-08-17,21:01:05
ORD07843,CSTMR0732,2023-04-28,16:17:07
ORD07844,CSTMR0819,2021-01-31,11:55:47
ORD07845,CSTMR0742,2022-02-19,12:37:18
ORD07846,CSTMR0298,2023-11-18,10:40:52
ORD07847,CSTMR0767,2022-05-07,08:30:42
ORD07848,CSTMR0565,2022-08-13,20:41:35
ORD07849,CSTMR0630,2023-02-20,22:57:10
ORD07850,CSTMR0165,2023-09-13,16:20:11
ORD07851,CSTMR0761,2026-01-04,10:50:55
ORD07852,CSTMR0687,2022-09-23,17:51:41
ORD07853,CSTMR0153,2025-10-12,21:16:58
ORD07854,CSTMR0994,2025-05-19,11:42:38
ORD07855,CSTMR0663,2026-01-05,10:59:20
ORD07856,CSTMR0737,2025-06-14,21:26:12
ORD07857,CSTMR0853,2025-05-09,15:16:22
ORD07858,CSTMR0236,2021-03-09,08:23:58
ORD07859,CSTMR0140,2024-10-12,19:27:05
ORD07860,CSTMR0769,2025-04-15,21:08:13
ORD07861,CSTMR0423,2026-02-08,12:32:58
ORD07862,CSTMR0297,2024-02-11,15:59:21
ORD07863,CSTMR0707,2024-08-09,16:36:56
ORD07864,CSTMR0922,2026-05-15,16:55:46
ORD07865,CSTMR0941,2022-10-22,22:25:07
ORD07866,CSTMR0378,2023-09-10,21:07:03
ORD07867,CSTMR0778,2022-01-15,19:19:56
ORD07868,CSTMR0579,2023-09-23,19:40:02
ORD07869,CSTMR0008,2022-07-31,17:14:11
ORD07870,CSTMR0161,2025-12-08,08:26:48
ORD07871,CSTMR0470,2021-11-12,12:30:06
ORD07872,CSTMR0866,2025-12-09,21:26:53
ORD07873,CSTMR0129,2021-09-12,18:28:16
ORD07874,CSTMR0145,2024-01-14,12:49:20
ORD07875,CSTMR0027,2025-06-04,20:29:34
ORD07876,CSTMR0005,2024-01-24,22:05:10
ORD07877,CSTMR0114,2021-06-29,22:58:17
ORD07878,CSTMR0326,2022-09-12,10:26:28
ORD07879,CSTMR0569,2025-03-01,21:40:08
ORD07880,CSTMR0481,2025-10-04,13:19:22
ORD07881,CSTMR0135,2023-10-07,20:07:18
ORD07882,CSTMR0143,2024-04-08,19:17:04
ORD07883,CSTMR0453,2025-02-23,21:41:21
ORD07884,CSTMR0568,2025-03-13,14:25:13
ORD07885,CSTMR0250,2025-03-29,13:09:21
ORD07886,CSTMR0738,2023-06-19,13:43:21
ORD07887,CSTMR0272,2021-03-14,20:11:31
ORD07888,CSTMR0285,2021-02-16,22:23:26
ORD07889,CSTMR0116,2023-12-17,11:55:53
ORD07890,CSTMR0063,2024-05-08,18:29:43
ORD07891,CSTMR0881,2024-10-13,21:00:12
ORD07892,CSTMR0995,2023-12-08,17:23:38
ORD07893,CSTMR0789,2026-01-06,20:09:02
ORD07894,CSTMR0527,2023-10-06,12:43:43
ORD07895,CSTMR0915,2025-09-21,08:17:13
ORD07896,CSTMR0430,2025-02-06,08:42:09
ORD07897,CSTMR0407,2026-04-12,21:29:37
ORD07898,CSTMR0670,2022-04-23,09:56:29
ORD07899,CSTMR0849,2025-02-14,10:37:48
ORD07900,CSTMR0698,2021-02-16,19:52:00
ORD07901,CSTMR0652,2023-03-12,13:59:31
ORD07902,CSTMR0897,2025-08-01,21:25:51
ORD07903,CSTMR0692,2023-07-18,10:45:13
ORD07904,CSTMR0373,2023-08-23,21:10:27
ORD07905,CSTMR0209,2022-05-28,20:27:43
ORD07906,CSTMR0310,2025-10-19,21:02:27
ORD07907,CSTMR0055,2021-07-17,10:55:18
ORD07908,CSTMR0795,2023-04-02,19:49:27
ORD07909,CSTMR0681,2023-04-03,10:35:18
ORD07910,CSTMR0085,2023-02-14,20:19:21
ORD07911,CSTMR0923,2026-01-11,20:08:57
ORD07912,CSTMR0625,2025-08-10,16:40:05
ORD07913,CSTMR0739,2024-04-13,13:35:52
ORD07914,CSTMR0017,2022-03-19,21:27:48
ORD07915,CSTMR0697,2023-02-04,17:19:11
ORD07916,CSTMR0012,2026-05-03,19:00:02
ORD07917,CSTMR0235,2022-02-10,18:16:05
ORD07918,CSTMR0340,2022-07-11,22:38:28
ORD07919,CSTMR0244,2024-02-11,12:07:52
ORD07920,CSTMR0765,2022-11-25,14:59:25
ORD07921,CSTMR0425,2025-03-03,17:11:37
ORD07922,CSTMR0305,2021-10-01,16:42:15
ORD07923,CSTMR0492,2024-10-09,13:30:09
ORD07924,CSTMR0448,2024-10-11,08:22:55
ORD07925,CSTMR0529,2021-08-17,11:04:20
ORD07926,CSTMR0901,2024-12-09,21:18:35
ORD07927,CSTMR0962,2024-07-27,15:16:29
ORD07928,CSTMR0387,2024-09-29,18:03:19
ORD07929,CSTMR0363,2024-05-07,20:45:26
ORD07930,CSTMR0611,2024-11-09,19:57:52
ORD07931,CSTMR0827,2024-10-09,09:06:11
ORD07932,CSTMR0363,2021-10-12,19:55:45
ORD07933,CSTMR0039,2025-02-28,13:29:22
ORD07934,CSTMR0548,2024-03-14,19:42:51
ORD07935,CSTMR0081,2025-08-10,14:54:47
ORD07936,CSTMR0640,2022-05-13,09:59:32
ORD07937,CSTMR0855,2024-10-07,22:36:15
ORD07938,CSTMR0177,2023-02-08,12:04:03
ORD07939,CSTMR0865,2024-10-15,09:45:27
ORD07940,CSTMR0283,2024-04-16,11:46:54
ORD07941,CSTMR0220,2025-03-30,22:52:53
ORD07942,CSTMR0819,2022-10-29,19:26:38
ORD07943,CSTMR0970,2025-03-14,18:51:13
ORD07944,CSTMR0311,2025-10-10,14:07:47
ORD07945,CSTMR0226,2025-08-08,15:25:53
ORD07946,CSTMR0879,2023-09-19,19:22:17
ORD07947,CSTMR0485,2022-05-29,19:33:10
ORD07948,CSTMR0173,2025-07-27,13:35:31
ORD07949,CSTMR0704,2024-06-14,11:44:31
ORD07950,CSTMR0211,2024-08-02,15:54:44
ORD07951,CSTMR0714,2024-07-16,16:45:30
ORD07952,CSTMR0223,2022-07-10,13:26:40
ORD07953,CSTMR0146,2023-12-23,22:40:05
ORD07954,CSTMR0265,2024-05-29,08:30:44
ORD07955,CSTMR0637,2021-04-05,15:17:02
ORD07956,CSTMR0498,2022-10-14,19:33:04
ORD07957,CSTMR0314,2021-08-30,09:04:32
ORD07958,CSTMR0856,2025-03-06,08:43:26
ORD07959,CSTMR0231,2024-05-17,12:58:03
ORD07960,CSTMR0647,2023-03-16,18:07:25
ORD07961,CSTMR0073,2023-12-29,10:32:15
ORD07962,CSTMR0536,2023-09-20,08:45:28
ORD07963,CSTMR0136,2023-11-10,19:17:15
ORD07964,CSTMR0678,2023-10-02,21:54:21
ORD07965,CSTMR0851,2025-07-09,18:43:58
ORD07966,CSTMR0489,2025-04-10,13:20:16
ORD07967,CSTMR0599,2022-09-18,14:53:52
ORD07968,CSTMR0014,2024-05-14,12:39:53
ORD07969,CSTMR0385,2024-09-26,20:00:30
ORD07970,CSTMR0192,2024-10-04,21:50:46
ORD07971,CSTMR0582,2024-08-23,13:45:37
ORD07972,CSTMR0464,2023-01-27,08:18:42
ORD07973,CSTMR0964,2026-01-07,13:37:04
ORD07974,CSTMR0465,2026-03-11,08:53:04
ORD07975,CSTMR0124,2025-04-24,14:53:37
ORD07976,CSTMR0914,2024-09-01,16:02:18
ORD07977,CSTMR0841,2022-07-09,10:13:14
ORD07978,CSTMR0127,2023-03-02,22:20:41
ORD07979,CSTMR0700,2023-09-10,19:08:44
ORD07980,CSTMR0154,2022-03-20,21:04:41
ORD07981,CSTMR0573,2024-04-14,16:39:20
ORD07982,CSTMR0183,2025-05-30,12:12:07
ORD07983,CSTMR0406,2024-03-15,19:35:19
ORD07984,CSTMR0103,2024-02-02,13:18:31
ORD07985,CSTMR0322,2024-06-09,10:09:19
ORD07986,CSTMR0174,2022-09-02,20:09:04
ORD07987,CSTMR0989,2024-02-24,12:37:35
ORD07988,CSTMR0326,2023-10-12,10:02:53
ORD07989,CSTMR0005,2024-09-07,20:48:42
ORD07990,CSTMR0642,2024-12-16,12:51:34
ORD07991,CSTMR0677,2022-12-31,19:41:33
ORD07992,CSTMR0419,2022-09-16,17:49:17
ORD07993,CSTMR0098,2021-07-24,09:54:36
ORD07994,CSTMR0345,2025-07-14,12:05:33
ORD07995,CSTMR0564,2026-02-15,10:47:57
ORD07996,CSTMR0168,2021-11-13,19:44:46
ORD07997,CSTMR0221,2024-10-24,09:20:28
ORD07998,CSTMR0752,2022-06-05,17:41:23
ORD07999,CSTMR0242,2023-09-02,16:51:57
ORD08000,CSTMR0101,2025-05-06,16:32:59
ORD08001,CSTMR0736,2023-04-08,17:32:17
ORD08002,CSTMR0459,2025-11-03,15:00:49
ORD08003,CSTMR0428,2026-05-19,09:02:35
ORD08004,CSTMR0317,2021-05-23,11:22:50
ORD08005,CSTMR0476,2023-06-22,10:48:21
ORD08006,CSTMR0585,2023-08-12,14:46:47
ORD08007,CSTMR0686,2024-07-12,16:50:51
ORD08008,CSTMR0766,2026-03-26,18:09:05
ORD08009,CSTMR0826,2025-02-15,15:01:41
ORD08010,CSTMR0845,2024-03-22,14:06:46
ORD08011,CSTMR0745,2022-01-11,13:49:16
ORD08012,CSTMR0439,2022-02-13,20:36:47
ORD08013,CSTMR0055,2025-08-03,10:36:01
ORD08014,CSTMR0784,2025-02-08,08:52:19
ORD08015,CSTMR0221,2025-08-10,15:35:39
ORD08016,CSTMR0584,2023-04-16,09:08:34
ORD08017,CSTMR0183,2021-06-27,16:54:01
ORD08018,CSTMR0710,2025-08-06,18:07:08
ORD08019,CSTMR0161,2025-09-16,13:20:34
ORD08020,CSTMR0678,2023-06-11,21:09:30
ORD08021,CSTMR0228,2023-04-23,17:47:44
ORD08022,CSTMR0038,2024-12-19,22:29:34
ORD08023,CSTMR0634,2023-06-04,19:37:15
ORD08024,CSTMR0203,2025-04-05,19:51:30
ORD08025,CSTMR0724,2023-09-09,18:39:18
ORD08026,CSTMR0933,2024-04-24,19:12:50
ORD08027,CSTMR0889,2021-04-10,12:55:24
ORD08028,CSTMR0597,2024-01-23,19:45:54
ORD08029,CSTMR0723,2024-08-14,13:57:35
ORD08030,CSTMR0027,2025-05-06,15:08:30
ORD08031,CSTMR0476,2024-12-02,10:32:04
ORD08032,CSTMR0280,2024-09-11,17:59:57
ORD08033,CSTMR0609,2023-09-28,12:41:51
ORD08034,CSTMR0943,2022-06-08,19:33:11
ORD08035,CSTMR0662,2023-01-14,12:12:14
ORD08036,CSTMR0709,2022-03-21,19:31:19
ORD08037,CSTMR0938,2024-05-16,09:14:12
ORD08038,CSTMR0117,2025-11-06,12:57:49
ORD08039,CSTMR0663,2022-06-24,22:27:19
ORD08040,CSTMR0844,2025-05-31,20:24:16
ORD08041,CSTMR0749,2025-01-02,13:39:10
ORD08042,CSTMR0099,2025-02-20,09:23:56
ORD08043,CSTMR0254,2024-04-29,17:57:47
ORD08044,CSTMR0168,2023-07-28,18:32:31
ORD08045,CSTMR0091,2022-06-12,19:02:35
ORD08046,CSTMR0280,2021-12-25,21:48:13
ORD08047,CSTMR0596,2024-03-20,21:39:54
ORD08048,CSTMR0584,2025-12-04,19:45:30
ORD08049,CSTMR0039,2022-11-21,12:41:01
ORD08050,CSTMR0910,2023-07-14,12:14:19
ORD08051,CSTMR0655,2022-05-10,19:00:14
ORD08052,CSTMR0306,2022-12-06,18:30:56
ORD08053,CSTMR0183,2025-11-04,10:00:24
ORD08054,CSTMR0606,2022-10-24,21:01:02
ORD08055,CSTMR0424,2024-10-06,19:01:45
ORD08056,CSTMR0188,2025-04-18,18:48:56
ORD08057,CSTMR0140,2024-08-05,10:37:48
ORD08058,CSTMR0256,2024-11-07,21:58:11
ORD08059,CSTMR0668,2025-09-02,12:49:38
ORD08060,CSTMR0544,2022-05-08,11:58:17
ORD08061,CSTMR0541,2026-02-21,09:57:03
ORD08062,CSTMR0689,2024-11-23,18:51:16
ORD08063,CSTMR0991,2021-05-21,12:33:07
ORD08064,CSTMR0147,2023-07-20,13:40:50
ORD08065,CSTMR0725,2023-05-14,22:15:29
ORD08066,CSTMR0938,2026-01-28,18:45:52
ORD08067,CSTMR0116,2022-12-30,21:07:43
ORD08068,CSTMR0080,2023-06-12,19:16:44
ORD08069,CSTMR0833,2025-05-31,22:43:34
ORD08070,CSTMR0045,2025-09-07,12:39:01
ORD08071,CSTMR0475,2022-09-03,15:51:48
ORD08072,CSTMR0606,2023-09-15,08:26:46
ORD08073,CSTMR0034,2023-10-07,18:36:36
ORD08074,CSTMR0015,2023-09-05,10:55:30
ORD08075,CSTMR0215,2025-08-24,16:54:39
ORD08076,CSTMR0675,2025-12-07,11:30:51
ORD08077,CSTMR0215,2023-11-15,13:46:54
ORD08078,CSTMR0120,2025-10-25,19:26:52
ORD08079,CSTMR0607,2023-08-30,19:26:25
ORD08080,CSTMR0912,2024-01-14,21:25:24
ORD08081,CSTMR0970,2022-02-26,09:49:33
ORD08082,CSTMR0601,2026-05-26,10:55:39
ORD08083,CSTMR0204,2022-09-11,20:45:49
ORD08084,CSTMR0761,2022-12-17,19:50:48
ORD08085,CSTMR0224,2022-06-29,14:03:55
ORD08086,CSTMR0435,2024-03-19,08:52:06
ORD08087,CSTMR0865,2024-12-22,21:10:29
ORD08088,CSTMR0199,2022-06-07,16:58:41
ORD08089,CSTMR0707,2021-09-12,16:51:10
ORD08090,CSTMR0723,2023-04-18,19:28:12
ORD08091,CSTMR0665,2025-04-25,10:24:50
ORD08092,CSTMR0876,2025-10-24,08:22:05
ORD08093,CSTMR0696,2024-06-11,18:51:04
ORD08094,CSTMR0066,2023-03-15,19:58:47
ORD08095,CSTMR0048,2024-09-08,11:33:57
ORD08096,CSTMR0836,2023-05-14,12:39:05
ORD08097,CSTMR0579,2023-04-21,13:11:24
ORD08098,CSTMR0284,2023-09-03,19:40:50
ORD08099,CSTMR0151,2025-12-14,12:38:22
ORD08100,CSTMR0314,2026-04-02,09:35:19
ORD08101,CSTMR0660,2023-02-03,21:04:53
ORD08102,CSTMR0254,2025-01-25,22:05:50
ORD08103,CSTMR0311,2026-02-23,20:20:15
ORD08104,CSTMR0559,2021-09-22,21:50:49
ORD08105,CSTMR0520,2022-03-29,14:52:11
ORD08106,CSTMR0198,2024-02-04,15:03:28
ORD08107,CSTMR0249,2023-12-07,18:46:37
ORD08108,CSTMR0974,2021-03-01,20:42:08
ORD08109,CSTMR0034,2025-04-26,10:35:18
ORD08110,CSTMR0326,2025-03-28,20:36:30
ORD08111,CSTMR0853,2025-01-12,09:32:16
ORD08112,CSTMR0506,2024-01-02,14:24:40
ORD08113,CSTMR0723,2025-12-22,20:24:51
ORD08114,CSTMR0317,2021-11-12,16:52:50
ORD08115,CSTMR0436,2025-03-24,12:52:56
ORD08116,CSTMR0036,2024-12-21,11:39:08
ORD08117,CSTMR0530,2025-01-14,22:02:19
ORD08118,CSTMR0466,2024-08-15,21:43:19
ORD08119,CSTMR0188,2022-07-03,19:33:19
ORD08120,CSTMR0396,2021-04-29,15:35:29
ORD08121,CSTMR0256,2022-11-18,13:24:05
ORD08122,CSTMR0189,2026-02-23,18:54:12
ORD08123,CSTMR0751,2026-03-15,09:48:08
ORD08124,CSTMR0687,2022-04-04,08:57:25
ORD08125,CSTMR0455,2026-05-16,19:11:06
ORD08126,CSTMR0917,2023-12-03,13:54:38
ORD08127,CSTMR0569,2024-03-03,13:38:27
ORD08128,CSTMR0990,2025-09-07,21:49:58
ORD08129,CSTMR0580,2025-06-05,16:31:00
ORD08130,CSTMR0003,2023-06-06,16:08:09
ORD08131,CSTMR0349,2021-04-05,19:45:02
ORD08132,CSTMR0655,2025-07-25,15:00:37
ORD08133,CSTMR0805,2023-09-18,19:30:20
ORD08134,CSTMR0829,2026-03-19,20:06:28
ORD08135,CSTMR0552,2024-05-12,11:37:33
ORD08136,CSTMR0894,2023-08-29,15:31:49
ORD08137,CSTMR0563,2022-11-05,20:53:22
ORD08138,CSTMR0671,2023-04-08,20:59:44
ORD08139,CSTMR0214,2026-03-06,14:16:14
ORD08140,CSTMR0161,2024-02-07,08:47:19
ORD08141,CSTMR0760,2025-09-22,11:00:15
ORD08142,CSTMR0323,2022-08-04,20:18:42
ORD08143,CSTMR0604,2024-09-06,22:38:55
ORD08144,CSTMR0017,2025-11-21,09:57:30
ORD08145,CSTMR0836,2021-06-04,22:23:39
ORD08146,CSTMR0092,2024-05-24,18:50:04
ORD08147,CSTMR0575,2022-11-26,21:08:16
ORD08148,CSTMR0725,2025-06-14,12:09:00
ORD08149,CSTMR0119,2026-05-19,20:02:25
ORD08150,CSTMR0570,2025-04-19,09:20:45
ORD08151,CSTMR0073,2022-06-21,21:25:03
ORD08152,CSTMR0447,2023-02-09,14:10:18
ORD08153,CSTMR0024,2024-03-12,14:34:23
ORD08154,CSTMR0107,2025-03-25,13:14:53
ORD08155,CSTMR0464,2024-04-05,12:56:48
ORD08156,CSTMR0275,2021-05-11,09:55:35
ORD08157,CSTMR0024,2025-03-28,17:30:26
ORD08158,CSTMR0350,2022-09-17,12:09:51
ORD08159,CSTMR0793,2021-06-07,13:02:38
ORD08160,CSTMR0849,2022-05-02,20:50:46
ORD08161,CSTMR0959,2026-02-14,11:17:36
ORD08162,CSTMR0207,2021-06-14,21:14:05
ORD08163,CSTMR0582,2021-10-06,11:53:00
ORD08164,CSTMR0966,2025-09-18,21:00:36
ORD08165,CSTMR0249,2026-04-02,14:02:52
ORD08166,CSTMR0016,2025-09-17,22:35:44
ORD08167,CSTMR0726,2026-01-23,13:56:33
ORD08168,CSTMR0877,2026-03-31,20:34:31
ORD08169,CSTMR0892,2026-03-25,13:53:55
ORD08170,CSTMR0686,2025-01-29,21:49:40
ORD08171,CSTMR0895,2023-06-17,16:11:39
ORD08172,CSTMR0661,2025-10-11,20:55:34
ORD08173,CSTMR0355,2021-12-04,19:04:19
ORD08174,CSTMR0155,2024-08-30,16:31:05
ORD08175,CSTMR0674,2023-03-26,12:35:23
ORD08176,CSTMR0468,2025-01-10,19:20:14
ORD08177,CSTMR0656,2023-12-10,21:56:48
ORD08178,CSTMR0429,2022-02-13,18:11:20
ORD08179,CSTMR0228,2023-01-24,14:54:38
ORD08180,CSTMR0640,2021-01-20,19:42:51
ORD08181,CSTMR0828,2024-04-29,11:50:47
ORD08182,CSTMR0154,2023-08-10,12:53:37
ORD08183,CSTMR0433,2023-05-16,08:26:20
ORD08184,CSTMR0212,2024-01-21,10:51:15
ORD08185,CSTMR0186,2024-05-14,15:46:52
ORD08186,CSTMR0523,2025-06-06,19:48:35
ORD08187,CSTMR0110,2023-03-23,13:23:58
ORD08188,CSTMR0176,2023-06-03,11:31:32
ORD08189,CSTMR0946,2023-04-09,09:04:09
ORD08190,CSTMR0070,2022-08-04,18:55:07
ORD08191,CSTMR0014,2023-09-08,16:27:17
ORD08192,CSTMR0001,2023-11-06,21:15:32
ORD08193,CSTMR0784,2023-05-24,22:38:03
ORD08194,CSTMR0226,2025-09-27,19:07:44
ORD08195,CSTMR0115,2021-12-03,12:32:01
ORD08196,CSTMR0721,2026-05-11,11:29:29
ORD08197,CSTMR0807,2025-04-04,10:51:06
ORD08198,CSTMR0639,2025-05-29,20:20:32
ORD08199,CSTMR0293,2022-07-26,12:02:06
ORD08200,CSTMR0499,2022-11-11,13:35:03
ORD08201,CSTMR0461,2026-04-05,12:03:36
ORD08202,CSTMR0994,2025-10-27,13:56:48
ORD08203,CSTMR0796,2022-04-22,13:46:30
ORD08204,CSTMR0411,2023-11-22,16:46:30
ORD08205,CSTMR0986,2025-09-19,09:37:47
ORD08206,CSTMR0642,2025-09-13,16:43:17
ORD08207,CSTMR0377,2026-04-26,11:49:46
ORD08208,CSTMR0395,2026-04-12,12:05:26
ORD08209,CSTMR0970,2021-08-16,09:49:08
ORD08210,CSTMR0482,2023-07-17,10:59:44
ORD08211,CSTMR0542,2023-10-24,21:32:33
ORD08212,CSTMR0328,2026-04-28,13:10:20
ORD08213,CSTMR0271,2023-12-27,08:15:37
ORD08214,CSTMR0556,2025-06-08,12:32:20
ORD08215,CSTMR0261,2025-01-12,16:28:34
ORD08216,CSTMR0936,2026-04-25,13:33:04
ORD08217,CSTMR0533,2022-02-18,12:20:31
ORD08218,CSTMR0788,2024-09-26,19:07:24
ORD08219,CSTMR0434,2024-06-06,22:48:11
ORD08220,CSTMR0514,2025-08-30,18:58:52
ORD08221,CSTMR0558,2023-08-24,13:25:12
ORD08222,CSTMR0401,2024-03-12,08:07:23
ORD08223,CSTMR0027,2025-02-09,09:47:30
ORD08224,CSTMR0717,2023-07-21,11:58:39
ORD08225,CSTMR0502,2023-05-13,21:44:22
ORD08226,CSTMR0938,2025-06-15,13:44:01
ORD08227,CSTMR0284,2024-12-25,13:31:32
ORD08228,CSTMR0643,2024-01-14,19:49:37
ORD08229,CSTMR0287,2025-04-11,12:24:43
ORD08230,CSTMR0085,2023-10-29,14:49:49
ORD08231,CSTMR0123,2024-04-07,21:33:54
ORD08232,CSTMR0408,2024-02-08,22:27:00
ORD08233,CSTMR0569,2022-11-21,19:58:04
ORD08234,CSTMR0513,2024-03-29,19:41:31
ORD08235,CSTMR0815,2023-09-28,09:16:27
ORD08236,CSTMR0574,2024-06-20,08:10:31
ORD08237,CSTMR0252,2024-08-12,20:31:56
ORD08238,CSTMR0864,2023-04-15,11:14:26
ORD08239,CSTMR0982,2025-05-25,10:06:49
ORD08240,CSTMR0577,2025-06-14,20:12:23
ORD08241,CSTMR0427,2023-07-03,15:53:14
ORD08242,CSTMR0058,2025-05-16,21:11:02
ORD08243,CSTMR0475,2025-08-09,15:40:21
ORD08244,CSTMR0162,2022-01-04,16:49:54
ORD08245,CSTMR0559,2024-07-07,20:51:28
ORD08246,CSTMR0926,2025-10-21,21:21:59
ORD08247,CSTMR0162,2022-05-12,08:08:00
ORD08248,CSTMR0135,2022-02-14,19:59:09
ORD08249,CSTMR0358,2024-09-13,16:29:47
ORD08250,CSTMR0977,2021-08-01,11:53:38
ORD08251,CSTMR0169,2023-04-22,21:55:18
ORD08252,CSTMR0539,2022-03-05,18:33:33
ORD08253,CSTMR0948,2025-04-06,12:55:33
ORD08254,CSTMR0497,2025-08-20,09:30:18
ORD08255,CSTMR0954,2023-05-15,13:29:57
ORD08256,CSTMR0655,2023-06-17,16:13:51
ORD08257,CSTMR0930,2025-02-27,18:21:24
ORD08258,CSTMR0331,2022-11-10,17:18:23
ORD08259,CSTMR0829,2022-05-05,19:28:17
ORD08260,CSTMR0064,2023-03-21,14:38:21
ORD08261,CSTMR0104,2025-08-07,10:30:08
ORD08262,CSTMR0835,2022-09-17,22:35:08
ORD08263,CSTMR0656,2023-07-18,13:58:54
ORD08264,CSTMR0747,2026-05-28,09:23:24
ORD08265,CSTMR0391,2024-12-01,22:59:38
ORD08266,CSTMR0785,2025-04-03,18:20:14
ORD08267,CSTMR0088,2021-08-31,09:19:37
ORD08268,CSTMR0292,2026-02-24,08:04:19
ORD08269,CSTMR0908,2023-09-23,13:19:59
ORD08270,CSTMR0079,2025-08-04,19:15:40
ORD08271,CSTMR0116,2022-11-27,21:59:59
ORD08272,CSTMR0454,2022-07-24,13:00:30
ORD08273,CSTMR0082,2023-03-09,14:07:20
ORD08274,CSTMR0354,2025-12-31,22:51:15
ORD08275,CSTMR0696,2024-05-11,12:40:45
ORD08276,CSTMR0274,2023-12-01,17:36:34
ORD08277,CSTMR0048,2024-03-14,08:46:14
ORD08278,CSTMR0565,2021-08-12,20:54:50
ORD08279,CSTMR0352,2024-11-22,19:20:46
ORD08280,CSTMR0053,2024-05-30,19:18:09
ORD08281,CSTMR0257,2025-06-13,22:45:59
ORD08282,CSTMR0019,2025-01-05,22:47:30
ORD08283,CSTMR0026,2025-12-19,19:21:37
ORD08284,CSTMR0402,2025-11-20,12:58:33
ORD08285,CSTMR0378,2025-02-27,15:06:21
ORD08286,CSTMR0790,2021-11-22,19:48:36
ORD08287,CSTMR0213,2025-11-17,13:23:26
ORD08288,CSTMR0517,2026-04-01,21:43:52
ORD08289,CSTMR0168,2021-12-01,20:54:35
ORD08290,CSTMR0584,2025-03-22,13:08:41
ORD08291,CSTMR0697,2026-03-20,18:44:18
ORD08292,CSTMR0284,2023-11-08,08:42:11
ORD08293,CSTMR0022,2022-06-27,21:36:18
ORD08294,CSTMR0524,2021-05-15,17:37:04
ORD08295,CSTMR0575,2025-07-11,17:57:49
ORD08296,CSTMR0612,2023-03-23,19:16:23
ORD08297,CSTMR0975,2022-08-06,14:54:01
ORD08298,CSTMR0763,2026-03-14,13:54:46
ORD08299,CSTMR0064,2023-11-17,11:20:50
ORD08300,CSTMR0686,2022-12-24,19:32:54
ORD08301,CSTMR0923,2024-07-05,16:12:09
ORD08302,CSTMR0258,2025-02-19,20:59:34
ORD08303,CSTMR0875,2024-12-08,20:29:11
ORD08304,CSTMR0094,2022-11-09,17:49:32
ORD08305,CSTMR0940,2021-03-14,21:15:38
ORD08306,CSTMR0090,2021-02-02,19:15:17
ORD08307,CSTMR0874,2025-07-29,11:53:30
ORD08308,CSTMR0304,2025-12-27,17:58:39
ORD08309,CSTMR0093,2025-10-27,18:44:17
ORD08310,CSTMR0991,2022-05-25,18:28:04
ORD08311,CSTMR0798,2024-08-22,19:20:14
ORD08312,CSTMR0041,2023-08-05,17:23:22
ORD08313,CSTMR0542,2024-01-06,20:27:28
ORD08314,CSTMR0886,2024-10-20,13:07:02
ORD08315,CSTMR0984,2024-12-20,21:18:32
ORD08316,CSTMR0988,2023-11-05,20:07:53
ORD08317,CSTMR0893,2025-02-25,12:46:05
ORD08318,CSTMR0298,2022-05-08,12:32:15
ORD08319,CSTMR0963,2021-06-26,10:09:25
ORD08320,CSTMR0726,2025-05-09,20:06:52
ORD08321,CSTMR0959,2024-05-19,17:52:06
ORD08322,CSTMR0962,2023-08-05,13:28:29
ORD08323,CSTMR0145,2025-11-04,20:53:22
ORD08324,CSTMR0507,2025-04-23,12:06:11
ORD08325,CSTMR0407,2024-12-15,16:44:21
ORD08326,CSTMR0952,2023-12-06,20:33:08
ORD08327,CSTMR0163,2025-02-06,21:52:30
ORD08328,CSTMR0460,2023-02-28,18:28:33
ORD08329,CSTMR0731,2025-09-19,20:47:16
ORD08330,CSTMR0257,2025-08-09,13:42:54
ORD08331,CSTMR0155,2025-01-25,22:02:33
ORD08332,CSTMR0266,2023-01-06,14:28:26
ORD08333,CSTMR0463,2025-11-09,19:56:07
ORD08334,CSTMR0252,2025-10-04,18:18:42
ORD08335,CSTMR0015,2025-09-20,15:47:19
ORD08336,CSTMR0911,2025-08-24,16:03:16
ORD08337,CSTMR0667,2024-08-10,08:55:18
ORD08338,CSTMR0959,2024-05-02,13:49:24
ORD08339,CSTMR0600,2026-01-28,13:51:11
ORD08340,CSTMR0703,2025-10-18,10:00:44
ORD08341,CSTMR0819,2023-01-03,20:50:19
ORD08342,CSTMR0638,2022-06-12,15:56:28
ORD08343,CSTMR0466,2023-08-13,10:56:18
ORD08344,CSTMR0186,2022-05-14,08:32:03
ORD08345,CSTMR0097,2026-04-09,20:32:01
ORD08346,CSTMR0561,2021-01-31,11:33:55
ORD08347,CSTMR0340,2023-03-09,14:17:21
ORD08348,CSTMR0954,2024-03-08,16:19:09
ORD08349,CSTMR0243,2024-12-11,17:04:03
ORD08350,CSTMR0315,2024-02-18,15:29:40
ORD08351,CSTMR0770,2026-02-14,09:11:59
ORD08352,CSTMR0456,2022-08-07,16:05:44
ORD08353,CSTMR0600,2024-02-07,19:58:22
ORD08354,CSTMR0679,2022-04-17,10:45:19
ORD08355,CSTMR0510,2025-01-11,19:07:47
ORD08356,CSTMR0499,2025-02-15,15:32:29
ORD08357,CSTMR0060,2023-05-18,13:48:06
ORD08358,CSTMR0407,2025-11-21,18:02:58
ORD08359,CSTMR0791,2026-03-08,19:56:35
ORD08360,CSTMR0434,2022-04-06,13:05:45
ORD08361,CSTMR0053,2024-08-31,12:14:48
ORD08362,CSTMR0882,2021-10-12,19:47:32
ORD08363,CSTMR0549,2024-04-23,09:52:25
ORD08364,CSTMR0720,2024-03-04,12:33:36
ORD08365,CSTMR0266,2021-02-12,08:43:10
ORD08366,CSTMR0560,2025-08-30,15:10:53
ORD08367,CSTMR0156,2024-03-09,14:27:30
ORD08368,CSTMR0844,2021-01-31,12:11:10
ORD08369,CSTMR0815,2024-03-19,17:46:40
ORD08370,CSTMR0739,2023-07-19,14:31:08
ORD08371,CSTMR0862,2025-07-25,22:58:37
ORD08372,CSTMR0912,2024-07-14,21:12:30
ORD08373,CSTMR0972,2021-03-04,14:55:16
ORD08374,CSTMR0666,2023-09-25,19:28:28
ORD08375,CSTMR0672,2025-03-27,14:25:57
ORD08376,CSTMR0040,2025-01-17,12:46:20
ORD08377,CSTMR0341,2022-12-23,20:45:19
ORD08378,CSTMR0955,2024-04-27,21:10:33
ORD08379,CSTMR0233,2025-06-14,22:54:43
ORD08380,CSTMR0960,2024-10-25,14:57:01
ORD08381,CSTMR0798,2026-04-30,16:24:05
ORD08382,CSTMR0480,2021-06-21,18:10:20
ORD08383,CSTMR0689,2025-03-10,13:16:56
ORD08384,CSTMR0674,2023-02-24,13:17:56
ORD08385,CSTMR0846,2022-10-02,17:51:02
ORD08386,CSTMR0698,2022-07-24,17:40:57
ORD08387,CSTMR0697,2022-02-17,09:14:58
ORD08388,CSTMR0391,2022-05-06,12:37:50
ORD08389,CSTMR0777,2023-08-19,14:53:33
ORD08390,CSTMR0098,2026-03-26,22:56:26
ORD08391,CSTMR0938,2025-04-27,13:22:17
ORD08392,CSTMR0434,2024-07-02,21:46:05
ORD08393,CSTMR0106,2023-03-13,20:41:54
ORD08394,CSTMR0016,2023-01-14,08:14:26
ORD08395,CSTMR0943,2021-12-30,20:45:11
ORD08396,CSTMR0447,2023-10-17,20:40:50
ORD08397,CSTMR0884,2025-05-04,14:44:33
ORD08398,CSTMR0671,2021-03-17,15:50:51
ORD08399,CSTMR0058,2023-07-11,19:01:38
ORD08400,CSTMR0576,2022-08-09,19:13:32
ORD08401,CSTMR0996,2025-03-17,11:20:36
ORD08402,CSTMR0837,2024-03-24,09:42:43
ORD08403,CSTMR0455,2025-05-18,19:30:14
ORD08404,CSTMR0626,2025-09-11,21:38:39
ORD08405,CSTMR0850,2025-02-14,19:23:02
ORD08406,CSTMR0644,2021-10-15,11:56:44
ORD08407,CSTMR0359,2022-06-09,19:52:14
ORD08408,CSTMR0849,2021-09-29,19:35:37
ORD08409,CSTMR0892,2021-05-29,08:13:09
ORD08410,CSTMR0591,2024-05-06,21:10:38
ORD08411,CSTMR0085,2022-10-05,19:17:15
ORD08412,CSTMR0298,2023-07-07,15:23:59
ORD08413,CSTMR0635,2025-02-01,13:55:46
ORD08414,CSTMR0478,2023-04-06,17:09:10
ORD08415,CSTMR0561,2023-12-02,21:01:02
ORD08416,CSTMR0963,2025-01-30,13:50:19
ORD08417,CSTMR0366,2025-11-09,11:10:00
ORD08418,CSTMR0196,2024-07-04,17:02:46
ORD08419,CSTMR0559,2021-05-18,16:34:56
ORD08420,CSTMR0390,2022-02-24,20:14:14
ORD08421,CSTMR0433,2023-07-09,22:16:26
ORD08422,CSTMR0739,2023-08-09,13:32:43
ORD08423,CSTMR0773,2026-02-22,20:01:34
ORD08424,CSTMR0210,2025-01-10,21:33:52
ORD08425,CSTMR0311,2023-08-20,19:01:23
ORD08426,CSTMR0731,2026-03-09,16:11:42
ORD08427,CSTMR0237,2024-12-13,14:55:23
ORD08428,CSTMR0538,2024-11-28,19:41:15
ORD08429,CSTMR0532,2026-04-30,20:46:07
ORD08430,CSTMR0608,2023-09-17,15:41:00
ORD08431,CSTMR0811,2025-01-10,15:32:55
ORD08432,CSTMR0625,2023-03-09,14:15:05
ORD08433,CSTMR0573,2025-08-26,21:36:44
ORD08434,CSTMR0154,2021-06-14,11:18:46
ORD08435,CSTMR0867,2025-02-24,20:35:52
ORD08436,CSTMR0385,2024-08-04,08:27:10
ORD08437,CSTMR0892,2021-12-15,14:40:54
ORD08438,CSTMR0625,2022-04-02,21:16:54
ORD08439,CSTMR0470,2021-01-16,18:23:30
ORD08440,CSTMR0901,2022-06-08,19:10:39
ORD08441,CSTMR0755,2023-06-29,17:43:04
ORD08442,CSTMR0846,2024-10-03,17:24:13
ORD08443,CSTMR0035,2025-01-05,13:02:54
ORD08444,CSTMR0577,2021-07-01,21:35:27
ORD08445,CSTMR0605,2023-06-29,19:02:17
ORD08446,CSTMR0936,2025-03-29,12:49:25
ORD08447,CSTMR0507,2022-07-25,13:49:13
ORD08448,CSTMR0984,2022-09-25,21:42:32
ORD08449,CSTMR0463,2022-12-18,21:32:44
ORD08450,CSTMR0605,2023-02-09,14:22:56
ORD08451,CSTMR0340,2024-05-22,20:03:56
ORD08452,CSTMR0445,2025-12-30,19:14:59
ORD08453,CSTMR0427,2023-01-01,18:16:55
ORD08454,CSTMR0433,2024-09-29,20:44:16
ORD08455,CSTMR0240,2022-12-10,12:30:33
ORD08456,CSTMR0833,2025-04-09,16:48:35
ORD08457,CSTMR0858,2025-11-05,21:06:04
ORD08458,CSTMR0829,2022-04-23,19:56:40
ORD08459,CSTMR0554,2023-11-20,10:23:55
ORD08460,CSTMR0254,2025-06-18,20:31:47
ORD08461,CSTMR0270,2023-11-20,22:46:49
ORD08462,CSTMR0398,2022-06-29,16:28:30
ORD08463,CSTMR0899,2024-10-21,18:19:45
ORD08464,CSTMR0294,2025-05-16,22:54:24
ORD08465,CSTMR0973,2024-09-06,20:47:31
ORD08466,CSTMR0089,2021-02-25,08:32:45
ORD08467,CSTMR0168,2021-04-10,13:33:23
ORD08468,CSTMR0962,2023-02-26,20:24:19
ORD08469,CSTMR0504,2023-06-17,20:22:45
ORD08470,CSTMR0586,2024-02-10,10:40:31
ORD08471,CSTMR0897,2025-03-26,10:47:04
ORD08472,CSTMR0151,2023-07-07,22:13:21
ORD08473,CSTMR0298,2024-03-14,18:03:17
ORD08474,CSTMR0313,2021-07-08,20:19:20
ORD08475,CSTMR0823,2025-07-15,15:05:40
ORD08476,CSTMR0436,2022-08-07,13:57:44
ORD08477,CSTMR0721,2022-04-26,14:55:01
ORD08478,CSTMR0298,2024-07-28,20:12:48
ORD08479,CSTMR0113,2024-06-05,17:28:37
ORD08480,CSTMR0392,2024-02-28,10:53:56
ORD08481,CSTMR0745,2023-07-11,14:52:32
ORD08482,CSTMR0360,2023-05-30,16:30:10
ORD08483,CSTMR0589,2023-07-29,14:38:21
ORD08484,CSTMR0180,2025-03-03,17:05:09
ORD08485,CSTMR0040,2023-12-23,15:16:47
ORD08486,CSTMR0927,2024-10-06,10:46:52
ORD08487,CSTMR0798,2024-03-27,20:30:10
ORD08488,CSTMR0804,2025-06-14,12:02:47
ORD08489,CSTMR0997,2025-09-15,20:07:26
ORD08490,CSTMR0044,2025-09-17,20:08:45
ORD08491,CSTMR0710,2023-07-07,15:05:40
ORD08492,CSTMR0608,2024-08-31,20:07:24
ORD08493,CSTMR0596,2026-02-18,10:12:21
ORD08494,CSTMR0889,2021-07-03,13:21:16
ORD08495,CSTMR0536,2022-11-09,13:39:19
ORD08496,CSTMR0943,2021-12-15,10:24:17
ORD08497,CSTMR0609,2025-10-16,19:09:37
ORD08498,CSTMR0197,2021-12-05,20:22:18
ORD08499,CSTMR0146,2021-08-07,20:02:22
ORD08500,CSTMR0595,2025-12-12,13:37:19
ORD08501,CSTMR0133,2023-03-16,09:56:47
ORD08502,CSTMR0485,2025-12-25,18:49:40
ORD08503,CSTMR0206,2022-08-14,19:40:25
ORD08504,CSTMR0467,2023-04-14,13:51:07
ORD08505,CSTMR0603,2026-01-28,10:03:52
ORD08506,CSTMR0100,2022-02-03,21:19:42
ORD08507,CSTMR0405,2024-10-14,19:05:54
ORD08508,CSTMR0378,2025-04-29,19:15:01
ORD08509,CSTMR0866,2024-11-19,13:16:44
ORD08510,CSTMR0633,2024-01-18,19:14:50
ORD08511,CSTMR0519,2024-09-21,09:09:10
ORD08512,CSTMR0952,2025-02-18,08:42:09
ORD08513,CSTMR0474,2022-12-05,09:15:15
ORD08514,CSTMR0284,2025-10-31,09:28:13
ORD08515,CSTMR0652,2024-06-13,09:17:37
ORD08516,CSTMR0588,2024-04-08,19:38:12
ORD08517,CSTMR0072,2024-04-30,13:34:06
ORD08518,CSTMR0982,2026-03-28,12:42:17
ORD08519,CSTMR0360,2025-06-14,18:05:11
ORD08520,CSTMR0730,2023-06-14,19:21:05
ORD08521,CSTMR0067,2024-04-18,12:32:36
ORD08522,CSTMR0561,2026-02-24,18:48:53
ORD08523,CSTMR0050,2025-10-18,19:40:15
ORD08524,CSTMR0733,2023-04-15,13:47:11
ORD08525,CSTMR0194,2021-12-15,09:40:32
ORD08526,CSTMR0089,2023-03-06,08:59:38
ORD08527,CSTMR0995,2025-09-18,10:20:07
ORD08528,CSTMR0906,2022-01-21,19:04:12
ORD08529,CSTMR0443,2023-11-07,20:09:17
ORD08530,CSTMR0603,2026-01-10,19:58:56
ORD08531,CSTMR0471,2024-03-20,12:53:33
ORD08532,CSTMR0455,2021-04-17,12:25:58
ORD08533,CSTMR0566,2022-02-08,12:41:20
ORD08534,CSTMR0106,2025-07-16,20:11:34
ORD08535,CSTMR0697,2023-03-01,08:24:32
ORD08536,CSTMR0554,2024-09-03,18:33:17
ORD08537,CSTMR0637,2024-07-07,10:50:01
ORD08538,CSTMR0436,2026-03-16,14:32:45
ORD08539,CSTMR0798,2026-04-02,20:18:28
ORD08540,CSTMR0149,2025-07-08,10:08:54
ORD08541,CSTMR0339,2023-07-20,21:13:33
ORD08542,CSTMR0168,2024-08-02,16:40:00
ORD08543,CSTMR0632,2026-01-03,22:09:26
ORD08544,CSTMR0477,2023-08-30,11:19:51
ORD08545,CSTMR0162,2023-03-31,18:08:49
ORD08546,CSTMR0683,2025-01-28,08:36:35
ORD08547,CSTMR0909,2026-01-23,11:04:38
ORD08548,CSTMR0288,2022-05-12,19:00:52
ORD08549,CSTMR0061,2021-09-11,21:21:31
ORD08550,CSTMR0835,2023-10-25,13:23:38
ORD08551,CSTMR0134,2025-09-06,10:33:39
ORD08552,CSTMR0481,2022-07-03,20:22:01
ORD08553,CSTMR0129,2025-01-29,08:13:37
ORD08554,CSTMR0107,2025-06-19,13:54:00
ORD08555,CSTMR0105,2023-10-05,16:00:04
ORD08556,CSTMR0751,2025-12-05,20:47:19
ORD08557,CSTMR0873,2021-05-13,09:19:26
ORD08558,CSTMR0095,2026-03-24,20:05:35
ORD08559,CSTMR0660,2024-11-24,20:07:14
ORD08560,CSTMR0761,2025-04-13,13:22:35
ORD08561,CSTMR0486,2023-11-12,15:36:19
ORD08562,CSTMR0847,2024-11-07,20:11:20
ORD08563,CSTMR0563,2024-11-19,20:40:07
ORD08564,CSTMR0234,2026-03-09,10:38:51
ORD08565,CSTMR0384,2023-11-23,19:24:01
ORD08566,CSTMR0034,2025-01-03,19:30:35
ORD08567,CSTMR0769,2023-11-24,14:55:44
ORD08568,CSTMR0479,2024-08-23,13:17:35
ORD08569,CSTMR0755,2026-05-01,19:32:41
ORD08570,CSTMR0861,2025-03-01,19:53:19
ORD08571,CSTMR0210,2026-03-11,12:07:55
ORD08572,CSTMR0729,2022-06-30,13:19:34
ORD08573,CSTMR0079,2023-01-09,18:16:59
ORD08574,CSTMR0804,2022-06-15,11:31:05
ORD08575,CSTMR0565,2025-09-03,12:11:28
ORD08576,CSTMR0256,2021-12-05,20:14:59
ORD08577,CSTMR0190,2023-01-11,21:56:24
ORD08578,CSTMR0631,2023-02-07,22:26:54
ORD08579,CSTMR0269,2022-01-28,20:53:46
ORD08580,CSTMR0406,2023-06-14,20:41:46
ORD08581,CSTMR0774,2023-02-20,21:24:46
ORD08582,CSTMR0938,2023-01-29,17:00:58
ORD08583,CSTMR0877,2024-06-10,12:00:59
ORD08584,CSTMR0333,2022-03-03,17:41:39
ORD08585,CSTMR0023,2024-10-13,15:22:05
ORD08586,CSTMR0712,2021-11-10,09:12:07
ORD08587,CSTMR0594,2026-02-02,21:23:55
ORD08588,CSTMR0843,2026-01-27,15:03:05
ORD08589,CSTMR0035,2023-02-12,19:04:00
ORD08590,CSTMR0889,2025-08-07,13:34:31
ORD08591,CSTMR0575,2024-03-09,13:40:06
ORD08592,CSTMR0308,2025-03-23,21:51:24
ORD08593,CSTMR0121,2025-02-25,13:36:57
ORD08594,CSTMR0373,2025-06-27,10:33:36
ORD08595,CSTMR0232,2023-05-28,21:50:28
ORD08596,CSTMR0053,2022-10-17,16:16:13
ORD08597,CSTMR0812,2021-04-03,13:10:32
ORD08598,CSTMR0712,2025-03-13,22:09:44
ORD08599,CSTMR0515,2022-03-31,12:48:32
ORD08600,CSTMR0818,2022-12-05,13:34:35
ORD08601,CSTMR0996,2023-02-09,10:08:27
ORD08602,CSTMR0677,2021-11-06,21:49:26
ORD08603,CSTMR0667,2022-12-06,12:40:53
ORD08604,CSTMR0862,2023-07-05,20:18:46
ORD08605,CSTMR0096,2023-10-08,12:43:40
ORD08606,CSTMR0667,2023-10-06,13:33:53
ORD08607,CSTMR0813,2025-05-17,21:02:16
ORD08608,CSTMR0836,2025-08-29,21:54:39
ORD08609,CSTMR0380,2022-07-19,14:44:52
ORD08610,CSTMR0635,2024-07-28,18:40:49
ORD08611,CSTMR0763,2022-12-31,21:49:35
ORD08612,CSTMR0407,2026-02-15,21:16:02
ORD08613,CSTMR0938,2026-05-09,21:38:24
ORD08614,CSTMR0624,2025-11-04,12:50:34
ORD08615,CSTMR0620,2024-12-26,08:21:09
ORD08616,CSTMR0263,2025-03-22,14:45:28
ORD08617,CSTMR0812,2024-04-18,17:08:06
ORD08618,CSTMR0590,2022-02-22,09:28:09
ORD08619,CSTMR0170,2023-03-31,13:31:07
ORD08620,CSTMR0982,2025-10-25,22:46:09
ORD08621,CSTMR0358,2025-11-21,10:08:07
ORD08622,CSTMR0579,2024-10-10,14:16:22
ORD08623,CSTMR0525,2021-01-08,19:54:14
ORD08624,CSTMR0927,2023-02-09,11:49:24
ORD08625,CSTMR0461,2023-08-19,12:00:12
ORD08626,CSTMR0229,2024-03-25,21:05:29
ORD08627,CSTMR0785,2026-05-27,20:24:44
ORD08628,CSTMR0896,2025-08-03,11:54:30
ORD08629,CSTMR0422,2024-04-18,14:12:56
ORD08630,CSTMR0152,2022-11-09,13:19:54
ORD08631,CSTMR0265,2025-03-21,19:42:36
ORD08632,CSTMR0841,2023-12-03,18:49:37
ORD08633,CSTMR0342,2024-08-12,20:15:26
ORD08634,CSTMR0888,2023-12-15,20:50:45
ORD08635,CSTMR0797,2023-03-22,15:18:05
ORD08636,CSTMR0350,2024-07-04,08:59:12
ORD08637,CSTMR0839,2022-07-12,17:13:25
ORD08638,CSTMR0554,2024-09-29,14:52:51
ORD08639,CSTMR0042,2021-01-09,13:05:25
ORD08640,CSTMR0465,2025-07-11,17:39:29
ORD08641,CSTMR0367,2022-12-11,10:36:41
ORD08642,CSTMR0697,2023-10-09,19:02:48
ORD08643,CSTMR0356,2025-12-19,12:02:33
ORD08644,CSTMR0063,2024-12-04,09:21:11
ORD08645,CSTMR0808,2024-04-10,09:39:55
ORD08646,CSTMR0530,2025-03-31,21:08:34
ORD08647,CSTMR0864,2023-06-10,19:59:55
ORD08648,CSTMR0045,2024-04-25,09:49:15
ORD08649,CSTMR0350,2021-11-07,22:49:48
ORD08650,CSTMR0838,2023-03-16,16:43:03
ORD08651,CSTMR0595,2022-06-24,12:03:36
ORD08652,CSTMR0729,2022-06-02,17:30:07
ORD08653,CSTMR0625,2021-09-18,13:15:50
ORD08654,CSTMR0844,2022-05-10,20:07:52
ORD08655,CSTMR0801,2023-05-14,20:11:16
ORD08656,CSTMR0428,2024-04-08,08:33:35
ORD08657,CSTMR0331,2025-04-13,15:32:30
ORD08658,CSTMR0704,2023-04-22,21:16:08
ORD08659,CSTMR0622,2021-07-21,21:23:20
ORD08660,CSTMR0748,2024-02-20,20:21:55
ORD08661,CSTMR0289,2023-03-26,18:49:51
ORD08662,CSTMR0112,2023-10-04,11:11:36
ORD08663,CSTMR0621,2026-04-11,09:09:16
ORD08664,CSTMR0716,2023-11-08,15:08:33
ORD08665,CSTMR0153,2024-07-03,08:29:46
ORD08666,CSTMR0663,2025-01-16,17:22:20
ORD08667,CSTMR0940,2025-08-17,13:40:24
ORD08668,CSTMR0721,2024-07-30,12:35:27
ORD08669,CSTMR0133,2024-05-11,20:59:09
ORD08670,CSTMR0520,2024-02-09,17:13:44
ORD08671,CSTMR0241,2021-01-05,19:09:27
ORD08672,CSTMR0052,2025-04-18,17:14:40
ORD08673,CSTMR0886,2024-10-15,20:06:05
ORD08674,CSTMR0029,2023-01-06,21:37:29
ORD08675,CSTMR0351,2022-03-03,11:00:19
ORD08676,CSTMR0318,2022-05-30,21:52:07
ORD08677,CSTMR0231,2024-02-11,21:39:16
ORD08678,CSTMR0282,2025-12-27,10:04:42
ORD08679,CSTMR0117,2023-06-21,18:41:58
ORD08680,CSTMR0862,2023-12-23,20:56:59
ORD08681,CSTMR0942,2023-01-12,20:55:24
ORD08682,CSTMR0034,2025-01-29,08:22:23
ORD08683,CSTMR0501,2025-09-11,11:38:10
ORD08684,CSTMR0922,2023-05-01,21:16:32
ORD08685,CSTMR0199,2025-12-03,20:32:02
ORD08686,CSTMR0177,2026-04-09,19:01:59
ORD08687,CSTMR0475,2025-12-08,15:54:41
ORD08688,CSTMR0381,2025-07-07,19:58:27
ORD08689,CSTMR0238,2023-12-02,13:33:33
ORD08690,CSTMR0635,2025-08-08,13:41:51
ORD08691,CSTMR0348,2023-08-08,16:45:37
ORD08692,CSTMR0161,2025-01-05,16:52:46
ORD08693,CSTMR0021,2024-12-17,13:42:15
ORD08694,CSTMR0779,2024-10-18,10:57:22
ORD08695,CSTMR0658,2024-09-17,20:12:43
ORD08696,CSTMR0194,2025-03-16,09:26:21
ORD08697,CSTMR0651,2021-04-13,12:31:02
ORD08698,CSTMR0253,2025-01-10,12:35:21
ORD08699,CSTMR0826,2023-12-12,21:55:54
ORD08700,CSTMR0244,2023-09-09,19:49:36
ORD08701,CSTMR0484,2021-11-26,18:47:14
ORD08702,CSTMR0750,2022-08-29,19:48:48
ORD08703,CSTMR0229,2025-06-10,12:35:30
ORD08704,CSTMR0457,2026-01-25,14:24:57
ORD08705,CSTMR0929,2023-11-10,08:14:43
ORD08706,CSTMR0937,2024-06-23,21:57:23
ORD08707,CSTMR0684,2023-04-21,19:34:12
ORD08708,CSTMR0752,2021-07-11,19:20:43
ORD08709,CSTMR0754,2024-05-17,13:48:33
ORD08710,CSTMR0026,2023-03-03,19:12:18
ORD08711,CSTMR0772,2024-11-14,12:10:47
ORD08712,CSTMR0834,2025-09-15,20:36:21
ORD08713,CSTMR0933,2023-04-23,21:28:17
ORD08714,CSTMR0521,2023-12-23,19:25:25
ORD08715,CSTMR0275,2024-04-22,17:38:31
ORD08716,CSTMR0914,2025-09-10,08:09:41
ORD08717,CSTMR0610,2024-01-26,20:09:04
ORD08718,CSTMR0482,2024-05-10,11:04:59
ORD08719,CSTMR0178,2024-06-24,14:18:16
ORD08720,CSTMR0551,2023-03-27,21:32:37
ORD08721,CSTMR0522,2025-02-26,15:36:24
ORD08722,CSTMR0512,2024-06-22,17:14:02
ORD08723,CSTMR0515,2023-12-19,12:59:41
ORD08724,CSTMR0128,2023-03-26,08:50:14
ORD08725,CSTMR0999,2022-07-15,16:24:05
ORD08726,CSTMR0655,2021-06-16,19:41:47
ORD08727,CSTMR0438,2022-07-23,14:14:53
ORD08728,CSTMR0534,2022-07-12,19:15:09
ORD08729,CSTMR0844,2022-11-28,12:48:50
ORD08730,CSTMR0373,2023-05-06,20:22:47
ORD08731,CSTMR0217,2025-04-13,12:43:57
ORD08732,CSTMR0120,2025-07-16,19:05:39
ORD08733,CSTMR0080,2025-08-14,10:09:47
ORD08734,CSTMR0074,2023-04-01,13:24:28
ORD08735,CSTMR0559,2025-10-25,16:55:39
ORD08736,CSTMR0975,2025-07-14,21:36:57
ORD08737,CSTMR0779,2023-04-01,22:45:57
ORD08738,CSTMR0678,2023-02-18,08:06:44
ORD08739,CSTMR0859,2025-12-19,13:36:00
ORD08740,CSTMR0097,2024-05-20,13:33:32
ORD08741,CSTMR0301,2024-06-05,13:17:29
ORD08742,CSTMR0228,2024-12-16,20:33:22
ORD08743,CSTMR0696,2021-05-02,08:02:44
ORD08744,CSTMR0821,2023-12-09,12:54:12
ORD08745,CSTMR0343,2024-12-28,14:56:10
ORD08746,CSTMR0491,2023-09-18,13:38:02
ORD08747,CSTMR0314,2023-03-18,12:36:09
ORD08748,CSTMR0752,2024-08-28,21:43:30
ORD08749,CSTMR0562,2023-01-05,22:24:36
ORD08750,CSTMR0353,2025-04-15,22:48:58
ORD08751,CSTMR0445,2023-12-16,11:02:47
ORD08752,CSTMR0804,2023-01-02,20:06:04
ORD08753,CSTMR0226,2025-02-25,15:03:25
ORD08754,CSTMR0421,2026-02-22,09:36:47
ORD08755,CSTMR0169,2022-08-11,08:12:54
ORD08756,CSTMR0140,2022-05-07,19:36:57
ORD08757,CSTMR0792,2024-04-19,19:54:11
ORD08758,CSTMR0565,2025-09-08,08:44:14
ORD08759,CSTMR0276,2025-09-03,21:09:29
ORD08760,CSTMR0319,2025-08-08,16:43:12
ORD08761,CSTMR0877,2024-01-06,19:36:01
ORD08762,CSTMR0105,2023-12-21,09:47:29
ORD08763,CSTMR0274,2025-03-23,11:47:53
ORD08764,CSTMR0892,2024-01-06,14:06:55
ORD08765,CSTMR0434,2021-04-26,22:31:44
ORD08766,CSTMR0181,2023-08-09,18:36:24
ORD08767,CSTMR0634,2025-09-13,12:19:00
ORD08768,CSTMR0138,2024-08-29,13:01:10
ORD08769,CSTMR0052,2024-11-05,12:18:53
ORD08770,CSTMR0047,2025-06-05,10:35:41
ORD08771,CSTMR0668,2021-09-18,09:58:01
ORD08772,CSTMR0659,2024-12-04,14:56:55
ORD08773,CSTMR0071,2023-02-21,09:27:06
ORD08774,CSTMR0678,2024-03-10,13:46:27
ORD08775,CSTMR0680,2025-11-10,15:25:16
ORD08776,CSTMR0425,2023-12-11,20:23:37
ORD08777,CSTMR0984,2024-10-02,21:14:40
ORD08778,CSTMR0111,2023-05-03,20:29:02
ORD08779,CSTMR0331,2024-10-22,16:49:05
ORD08780,CSTMR0995,2023-03-31,13:09:12
ORD08781,CSTMR0401,2026-05-27,09:40:33
ORD08782,CSTMR0546,2023-07-17,21:27:43
ORD08783,CSTMR0071,2025-06-19,21:16:59
ORD08784,CSTMR0101,2021-06-20,20:54:01
ORD08785,CSTMR0522,2026-03-08,18:10:06
ORD08786,CSTMR0049,2022-12-29,12:22:01
ORD08787,CSTMR0725,2022-04-11,17:11:25
ORD08788,CSTMR0061,2024-01-18,13:10:50
ORD08789,CSTMR0960,2024-05-04,21:18:33
ORD08790,CSTMR0794,2024-07-06,19:13:23
ORD08791,CSTMR0557,2025-01-22,09:53:59
ORD08792,CSTMR0534,2024-04-14,16:24:19
ORD08793,CSTMR0209,2021-03-13,20:10:17
ORD08794,CSTMR0412,2024-01-29,21:49:15
ORD08795,CSTMR0960,2024-04-20,10:22:30
ORD08796,CSTMR0052,2024-02-05,16:11:59
ORD08797,CSTMR0442,2022-09-06,16:19:34
ORD08798,CSTMR0954,2025-11-14,21:45:56
ORD08799,CSTMR0806,2026-04-16,12:11:08
ORD08800,CSTMR0490,2021-12-12,21:57:48
ORD08801,CSTMR0629,2024-10-20,13:18:29
ORD08802,CSTMR0251,2024-01-22,12:05:39
ORD08803,CSTMR0222,2022-12-26,20:11:41
ORD08804,CSTMR0840,2021-12-18,09:01:11
ORD08805,CSTMR0839,2024-09-10,19:35:16
ORD08806,CSTMR0512,2023-08-14,09:13:53
ORD08807,CSTMR0020,2024-06-21,19:05:51
ORD08808,CSTMR0178,2024-10-31,11:37:32
ORD08809,CSTMR0582,2021-03-25,22:09:18
ORD08810,CSTMR0268,2025-05-17,11:08:01
ORD08811,CSTMR0071,2024-08-16,12:06:20
ORD08812,CSTMR0992,2022-08-06,20:22:40
ORD08813,CSTMR0676,2023-10-18,21:03:54
ORD08814,CSTMR0179,2024-07-11,17:13:55
ORD08815,CSTMR0400,2022-08-18,18:40:38
ORD08816,CSTMR0245,2024-04-30,14:23:47
ORD08817,CSTMR0692,2026-02-16,13:14:36
ORD08818,CSTMR0294,2024-02-01,13:53:17
ORD08819,CSTMR0250,2025-09-22,18:59:39
ORD08820,CSTMR0067,2023-09-13,14:30:31
ORD08821,CSTMR0182,2024-06-07,13:32:06
ORD08822,CSTMR0122,2026-02-12,13:49:25
ORD08823,CSTMR0643,2023-10-22,11:13:44
ORD08824,CSTMR0196,2026-04-19,17:37:10
ORD08825,CSTMR0502,2024-01-25,21:01:16
ORD08826,CSTMR0254,2024-09-14,14:13:58
ORD08827,CSTMR0780,2024-09-10,12:18:07
ORD08828,CSTMR0589,2024-03-08,22:29:45
ORD08829,CSTMR0800,2024-10-01,21:29:20
ORD08830,CSTMR0747,2025-05-26,12:22:09
ORD08831,CSTMR0675,2022-03-25,13:08:41
ORD08832,CSTMR0806,2025-08-29,13:18:48
ORD08833,CSTMR0330,2024-05-06,20:42:19
ORD08834,CSTMR0025,2026-04-04,18:29:11
ORD08835,CSTMR0057,2025-02-21,22:58:54
ORD08836,CSTMR0173,2023-06-07,14:00:40
ORD08837,CSTMR0478,2025-04-02,17:08:11
ORD08838,CSTMR0864,2025-02-01,21:19:45
ORD08839,CSTMR0285,2026-02-27,21:51:30
ORD08840,CSTMR0346,2022-04-24,12:37:03
ORD08841,CSTMR0915,2025-01-06,18:37:23
ORD08842,CSTMR0903,2024-11-15,12:23:51
ORD08843,CSTMR0448,2025-01-27,21:06:46
ORD08844,CSTMR0927,2023-08-30,20:27:57
ORD08845,CSTMR0779,2025-03-21,10:03:27
ORD08846,CSTMR0879,2023-03-19,14:50:32
ORD08847,CSTMR0823,2024-10-24,20:54:05
ORD08848,CSTMR0212,2026-02-17,20:14:03
ORD08849,CSTMR0092,2022-01-03,11:18:19
ORD08850,CSTMR0624,2021-12-22,20:12:10
ORD08851,CSTMR0143,2023-04-18,19:00:44
ORD08852,CSTMR0195,2023-09-14,21:08:26
ORD08853,CSTMR0811,2023-10-07,20:22:44
ORD08854,CSTMR0362,2026-01-31,17:06:21
ORD08855,CSTMR0540,2025-04-03,22:13:18
ORD08856,CSTMR0760,2024-07-27,20:42:48
ORD08857,CSTMR0524,2024-02-23,22:32:16
ORD08858,CSTMR0991,2023-07-17,11:13:37
ORD08859,CSTMR0049,2025-06-06,15:12:18
ORD08860,CSTMR0844,2021-01-08,19:22:08
ORD08861,CSTMR0734,2023-04-03,08:44:47
ORD08862,CSTMR0506,2026-05-16,09:04:12
ORD08863,CSTMR0836,2023-11-04,16:23:44
ORD08864,CSTMR0630,2025-10-30,20:39:52
ORD08865,CSTMR0212,2022-08-07,21:32:30
ORD08866,CSTMR0857,2023-01-24,15:46:47
ORD08867,CSTMR0418,2023-08-15,15:11:56
ORD08868,CSTMR0637,2026-02-21,18:40:45
ORD08869,CSTMR0848,2022-07-05,10:39:49
ORD08870,CSTMR0003,2023-05-24,12:12:44
ORD08871,CSTMR0121,2023-12-04,13:49:21
ORD08872,CSTMR0602,2026-02-21,16:49:26
ORD08873,CSTMR0231,2021-10-22,21:10:49
ORD08874,CSTMR0410,2024-02-24,09:45:07
ORD08875,CSTMR0917,2024-04-18,20:02:38
ORD08876,CSTMR0788,2022-03-01,11:35:36
ORD08877,CSTMR0987,2026-04-26,14:59:23
ORD08878,CSTMR0884,2022-09-16,21:41:14
ORD08879,CSTMR0405,2023-10-13,12:41:58
ORD08880,CSTMR0498,2023-05-12,13:23:07
ORD08881,CSTMR0468,2024-04-24,13:58:31
ORD08882,CSTMR0182,2021-11-08,22:19:49
ORD08883,CSTMR0893,2025-12-05,12:34:21
ORD08884,CSTMR0737,2024-10-25,21:04:26
ORD08885,CSTMR0950,2022-10-23,20:22:39
ORD08886,CSTMR0479,2022-08-23,11:14:32
ORD08887,CSTMR0552,2023-12-23,12:13:06
ORD08888,CSTMR0144,2024-09-24,17:10:55
ORD08889,CSTMR0955,2024-04-27,13:15:43
ORD08890,CSTMR0318,2021-09-16,14:20:44
ORD08891,CSTMR0292,2024-07-19,20:44:44
ORD08892,CSTMR0833,2025-10-18,19:37:14
ORD08893,CSTMR0595,2023-10-30,13:23:55
ORD08894,CSTMR0780,2022-09-25,19:18:51
ORD08895,CSTMR0636,2025-10-11,19:04:39
ORD08896,CSTMR0596,2022-07-30,22:31:33
ORD08897,CSTMR0152,2023-08-12,18:23:41
ORD08898,CSTMR0896,2026-05-18,21:23:58
ORD08899,CSTMR0238,2021-09-21,08:23:11
ORD08900,CSTMR0721,2023-04-22,19:29:36
ORD08901,CSTMR0270,2024-05-07,21:43:58
ORD08902,CSTMR0513,2023-07-04,15:10:44
ORD08903,CSTMR0099,2025-11-24,10:24:42
ORD08904,CSTMR0759,2024-11-15,09:51:04
ORD08905,CSTMR0272,2023-04-15,16:23:46
ORD08906,CSTMR0010,2024-06-30,13:23:05
ORD08907,CSTMR0733,2022-08-27,20:41:06
ORD08908,CSTMR0539,2025-07-09,20:57:59
ORD08909,CSTMR0374,2023-07-29,10:58:22
ORD08910,CSTMR0023,2024-05-25,11:27:53
ORD08911,CSTMR0670,2023-04-17,20:04:30
ORD08912,CSTMR0665,2022-07-15,20:46:44
ORD08913,CSTMR0426,2026-01-08,22:38:37
ORD08914,CSTMR0843,2026-04-09,21:51:40
ORD08915,CSTMR0855,2025-03-04,20:36:17
ORD08916,CSTMR0649,2024-04-08,18:39:28
ORD08917,CSTMR0831,2025-10-05,12:43:55
ORD08918,CSTMR0696,2021-04-27,18:01:05
ORD08919,CSTMR0001,2022-04-25,13:54:02
ORD08920,CSTMR0939,2025-04-02,12:54:39
ORD08921,CSTMR0624,2025-03-22,19:03:07
ORD08922,CSTMR0323,2023-02-12,20:12:50
ORD08923,CSTMR0307,2026-01-24,10:29:38
ORD08924,CSTMR0413,2024-01-12,18:04:31
ORD08925,CSTMR0432,2025-06-26,18:18:37
ORD08926,CSTMR0691,2023-09-14,17:11:27
ORD08927,CSTMR0655,2025-02-21,19:47:54
ORD08928,CSTMR0453,2026-05-12,12:32:09
ORD08929,CSTMR0898,2024-05-04,17:36:51
ORD08930,CSTMR0224,2021-05-14,09:51:04
ORD08931,CSTMR0495,2022-12-25,19:51:51
ORD08932,CSTMR0307,2022-08-17,20:44:22
ORD08933,CSTMR0694,2023-05-13,09:43:59
ORD08934,CSTMR0208,2022-08-03,19:41:27
ORD08935,CSTMR0073,2023-05-06,08:32:28
ORD08936,CSTMR0687,2025-05-19,08:17:46
ORD08937,CSTMR0054,2023-11-13,18:13:11
ORD08938,CSTMR0227,2023-06-08,15:48:05
ORD08939,CSTMR0513,2023-02-08,19:31:58
ORD08940,CSTMR0631,2023-10-12,19:00:40
ORD08941,CSTMR0935,2024-03-12,09:55:56
ORD08942,CSTMR0721,2024-02-01,12:47:31
ORD08943,CSTMR0641,2025-12-18,18:15:44
ORD08944,CSTMR0008,2026-05-09,18:37:41
ORD08945,CSTMR0362,2025-04-16,21:01:35
ORD08946,CSTMR0617,2025-07-18,21:32:46
ORD08947,CSTMR0856,2024-02-09,20:48:50
ORD08948,CSTMR0095,2021-10-22,10:38:31
ORD08949,CSTMR0156,2021-06-27,19:31:24
ORD08950,CSTMR0464,2025-04-20,10:34:25
ORD08951,CSTMR0803,2025-09-30,17:54:47
ORD08952,CSTMR0916,2025-03-15,17:22:17
ORD08953,CSTMR0611,2023-06-02,19:19:15
ORD08954,CSTMR0908,2022-11-14,10:22:18
ORD08955,CSTMR0697,2022-05-25,20:51:41
ORD08956,CSTMR0435,2021-08-13,09:37:11
ORD08957,CSTMR0650,2023-01-03,11:35:56
ORD08958,CSTMR0130,2024-05-14,20:59:36
ORD08959,CSTMR0078,2024-01-05,10:46:29
ORD08960,CSTMR0585,2026-01-23,11:30:14
ORD08961,CSTMR0304,2023-07-11,12:04:49
ORD08962,CSTMR0357,2021-10-24,13:32:49
ORD08963,CSTMR0524,2026-03-24,19:40:30
ORD08964,CSTMR0377,2026-01-30,13:44:09
ORD08965,CSTMR0071,2025-03-27,19:36:12
ORD08966,CSTMR0013,2023-09-08,18:14:43
ORD08967,CSTMR0276,2023-01-22,17:58:39
ORD08968,CSTMR0103,2025-07-29,11:05:22
ORD08969,CSTMR0766,2022-11-09,17:20:50
ORD08970,CSTMR0712,2024-10-05,22:51:38
ORD08971,CSTMR0244,2024-11-23,12:00:42
ORD08972,CSTMR0267,2022-09-29,12:00:26
ORD08973,CSTMR0743,2025-02-20,14:17:33
ORD08974,CSTMR0740,2024-09-24,13:10:42
ORD08975,CSTMR0316,2022-01-08,17:43:07
ORD08976,CSTMR0914,2024-06-04,11:26:18
ORD08977,CSTMR0410,2021-05-16,22:44:09
ORD08978,CSTMR0450,2025-12-23,18:23:51
ORD08979,CSTMR0384,2024-05-21,17:43:49
ORD08980,CSTMR0328,2025-02-08,20:30:24
ORD08981,CSTMR0755,2024-08-26,18:41:38
ORD08982,CSTMR0621,2023-10-21,11:52:51
ORD08983,CSTMR0480,2024-02-12,13:43:54
ORD08984,CSTMR0075,2024-07-31,17:18:17
ORD08985,CSTMR0164,2022-06-04,12:51:19
ORD08986,CSTMR0121,2025-06-08,09:53:16
ORD08987,CSTMR0149,2024-01-10,13:52:30
ORD08988,CSTMR0140,2023-02-07,21:33:59
ORD08989,CSTMR0600,2022-05-26,17:24:59
ORD08990,CSTMR0531,2026-05-05,20:41:49
ORD08991,CSTMR0542,2022-12-27,14:45:46
ORD08992,CSTMR0029,2026-04-16,13:05:23
ORD08993,CSTMR0022,2024-09-08,18:33:56
ORD08994,CSTMR0124,2024-05-07,10:35:06
ORD08995,CSTMR0540,2023-04-08,21:00:24
ORD08996,CSTMR0401,2023-06-24,20:25:42
ORD08997,CSTMR0127,2024-11-22,18:24:52
ORD08998,CSTMR0329,2025-11-25,11:43:06
ORD08999,CSTMR0917,2026-01-25,17:06:58
ORD09000,CSTMR0315,2025-10-26,19:20:52
ORD09001,CSTMR0583,2023-04-23,10:14:16
ORD09002,CSTMR0921,2022-04-01,12:18:19
ORD09003,CSTMR0860,2021-11-28,17:30:01
ORD09004,CSTMR0983,2021-09-02,20:36:11
ORD09005,CSTMR0104,2023-03-01,21:27:13
ORD09006,CSTMR0445,2024-01-14,21:34:35
ORD09007,CSTMR0816,2025-07-21,22:10:04
ORD09008,CSTMR0609,2026-02-10,13:15:14
ORD09009,CSTMR0042,2023-10-21,16:17:30
ORD09010,CSTMR0028,2023-09-09,21:45:25
ORD09011,CSTMR0723,2025-07-28,20:34:17
ORD09012,CSTMR0378,2026-04-07,18:37:41
ORD09013,CSTMR0555,2023-10-06,10:43:19
ORD09014,CSTMR0381,2023-09-17,20:50:25
ORD09015,CSTMR0384,2025-04-07,20:20:09
ORD09016,CSTMR0631,2022-08-11,21:53:10
ORD09017,CSTMR0809,2025-01-07,22:06:06
ORD09018,CSTMR0756,2023-08-16,21:11:15
ORD09019,CSTMR0948,2021-12-17,17:29:57
ORD09020,CSTMR0789,2023-11-12,08:34:51
ORD09021,CSTMR0730,2026-01-25,12:28:03
ORD09022,CSTMR0369,2025-07-03,11:08:31
ORD09023,CSTMR0548,2023-08-21,10:43:57
ORD09024,CSTMR0040,2024-02-08,10:25:06
ORD09025,CSTMR0765,2023-02-09,19:06:53
ORD09026,CSTMR0894,2022-09-20,13:12:06
ORD09027,CSTMR0834,2021-07-04,16:50:25
ORD09028,CSTMR0338,2026-04-11,19:32:09
ORD09029,CSTMR0626,2025-05-06,20:46:14
ORD09030,CSTMR0786,2025-01-24,16:20:19
ORD09031,CSTMR0180,2024-05-28,13:48:33
ORD09032,CSTMR0677,2023-03-03,21:47:21
ORD09033,CSTMR0682,2025-03-23,15:39:13
ORD09034,CSTMR0359,2023-03-10,20:40:45
ORD09035,CSTMR0680,2023-01-22,19:02:36
ORD09036,CSTMR0911,2025-06-06,19:40:24
ORD09037,CSTMR0528,2021-11-12,19:13:06
ORD09038,CSTMR0985,2026-03-08,11:36:55
ORD09039,CSTMR0127,2023-12-07,19:16:39
ORD09040,CSTMR0369,2023-05-19,13:10:09
ORD09041,CSTMR0238,2024-11-22,13:49:15
ORD09042,CSTMR0509,2023-07-04,21:52:11
ORD09043,CSTMR0623,2022-03-11,11:54:32
ORD09044,CSTMR0582,2024-03-27,12:30:56
ORD09045,CSTMR0072,2025-01-05,16:41:01
ORD09046,CSTMR0173,2022-01-30,12:22:51
ORD09047,CSTMR0190,2023-09-19,16:57:09
ORD09048,CSTMR0323,2024-06-23,14:36:28
ORD09049,CSTMR0922,2023-12-04,18:21:25
ORD09050,CSTMR0096,2023-12-20,19:19:26
ORD09051,CSTMR0670,2022-08-19,16:52:55
ORD09052,CSTMR0549,2024-04-11,13:55:14
ORD09053,CSTMR0853,2024-08-23,09:34:35
ORD09054,CSTMR0407,2022-06-10,09:51:59
ORD09055,CSTMR0545,2023-11-29,11:33:10
ORD09056,CSTMR0362,2025-09-13,22:58:26
ORD09057,CSTMR0232,2024-05-31,13:50:50
ORD09058,CSTMR0488,2024-02-01,12:52:54
ORD09059,CSTMR0064,2024-05-08,21:10:59
ORD09060,CSTMR0575,2022-08-21,18:37:26
ORD09061,CSTMR0422,2022-03-06,13:28:21
ORD09062,CSTMR0728,2023-08-02,17:02:59
ORD09063,CSTMR0871,2024-06-15,08:25:59
ORD09064,CSTMR0033,2023-01-12,20:44:11
ORD09065,CSTMR0255,2022-03-26,14:17:51
ORD09066,CSTMR0057,2025-02-03,15:41:47
ORD09067,CSTMR0861,2024-09-12,20:04:50
ORD09068,CSTMR0241,2023-08-31,21:17:38
ORD09069,CSTMR0419,2024-04-16,11:10:44
ORD09070,CSTMR0445,2025-06-13,22:05:30
ORD09071,CSTMR0100,2021-12-21,15:32:53
ORD09072,CSTMR0497,2023-06-01,12:13:01
ORD09073,CSTMR0524,2023-11-18,12:18:53
ORD09074,CSTMR0921,2021-01-04,20:56:16
ORD09075,CSTMR0746,2025-06-29,12:39:19
ORD09076,CSTMR0863,2024-06-27,21:09:32
ORD09077,CSTMR0497,2025-10-06,20:00:07
ORD09078,CSTMR0938,2024-05-18,08:55:38
ORD09079,CSTMR0748,2024-07-29,08:59:29
ORD09080,CSTMR0139,2025-12-06,16:53:51
ORD09081,CSTMR0617,2023-02-03,16:46:24
ORD09082,CSTMR0197,2022-07-14,18:17:09
ORD09083,CSTMR0808,2025-05-25,13:17:52
ORD09084,CSTMR0002,2021-02-23,19:37:33
ORD09085,CSTMR0408,2023-05-27,08:59:59
ORD09086,CSTMR0135,2021-10-24,19:26:19
ORD09087,CSTMR0827,2025-08-01,08:23:12
ORD09088,CSTMR0449,2025-05-10,14:41:37
ORD09089,CSTMR0494,2023-05-27,14:14:12
ORD09090,CSTMR0415,2023-05-14,10:19:29
ORD09091,CSTMR0798,2025-06-28,13:17:58
ORD09092,CSTMR0475,2022-11-01,12:45:38
ORD09093,CSTMR0142,2024-02-18,09:19:04
ORD09094,CSTMR0352,2024-11-16,21:14:00
ORD09095,CSTMR0181,2024-09-11,20:01:44
ORD09096,CSTMR0929,2025-11-05,13:08:21
ORD09097,CSTMR0280,2021-05-20,20:17:18
ORD09098,CSTMR0900,2022-03-16,19:41:33
ORD09099,CSTMR0371,2021-10-16,21:06:02
ORD09100,CSTMR0655,2023-03-25,21:08:19
ORD09101,CSTMR0233,2022-11-17,15:15:25
ORD09102,CSTMR0983,2024-04-19,20:50:42
ORD09103,CSTMR0944,2024-09-07,10:45:19
ORD09104,CSTMR0718,2026-02-12,21:08:36
ORD09105,CSTMR0499,2022-07-22,13:52:46
ORD09106,CSTMR0828,2023-04-03,12:03:47
ORD09107,CSTMR0176,2026-05-27,15:37:29
ORD09108,CSTMR0453,2024-10-10,18:00:11
ORD09109,CSTMR0784,2023-05-23,13:26:52
ORD09110,CSTMR0695,2024-07-01,14:09:09
ORD09111,CSTMR0064,2024-07-06,18:48:55
ORD09112,CSTMR0013,2026-03-17,22:33:05
ORD09113,CSTMR0750,2025-10-21,16:42:26
ORD09114,CSTMR0915,2022-03-09,21:30:08
ORD09115,CSTMR0673,2024-05-10,11:53:09
ORD09116,CSTMR0751,2024-08-24,08:55:11
ORD09117,CSTMR0772,2025-03-01,18:00:43
ORD09118,CSTMR0668,2026-06-01,12:03:07
ORD09119,CSTMR0064,2025-07-18,13:11:39
ORD09120,CSTMR0471,2023-12-09,19:01:32
ORD09121,CSTMR0743,2025-11-20,12:01:42
ORD09122,CSTMR0897,2022-08-15,08:39:43
ORD09123,CSTMR0362,2026-03-30,21:48:01
ORD09124,CSTMR0576,2024-12-15,08:25:10
ORD09125,CSTMR0925,2025-06-21,22:52:37
ORD09126,CSTMR0126,2025-11-02,18:57:04
ORD09127,CSTMR0578,2023-03-25,09:11:48
ORD09128,CSTMR0990,2023-12-14,18:47:08
ORD09129,CSTMR0691,2026-05-08,21:38:17
ORD09130,CSTMR0364,2025-05-22,15:33:21
ORD09131,CSTMR0327,2021-08-18,14:41:41
ORD09132,CSTMR0514,2026-05-17,12:39:14
ORD09133,CSTMR0426,2025-08-17,11:01:24
ORD09134,CSTMR0407,2025-10-12,21:10:30
ORD09135,CSTMR0803,2025-04-18,08:00:21
ORD09136,CSTMR0432,2024-03-08,13:44:49
ORD09137,CSTMR0483,2023-06-16,11:45:45
ORD09138,CSTMR0727,2025-12-16,16:02:50
ORD09139,CSTMR0956,2022-03-07,16:15:12
ORD09140,CSTMR0546,2024-09-02,22:25:02
ORD09141,CSTMR0584,2022-10-04,20:26:49
ORD09142,CSTMR0082,2022-09-21,16:57:04
ORD09143,CSTMR0571,2026-05-19,12:01:12
ORD09144,CSTMR0555,2025-10-05,20:39:41
ORD09145,CSTMR0466,2023-03-29,16:48:49
ORD09146,CSTMR0221,2025-01-17,15:27:48
ORD09147,CSTMR0576,2025-07-01,17:13:45
ORD09148,CSTMR0555,2024-12-04,18:55:01
ORD09149,CSTMR0570,2022-12-17,16:42:13
ORD09150,CSTMR0127,2026-03-05,12:52:37
ORD09151,CSTMR0602,2025-12-09,21:27:42
ORD09152,CSTMR0013,2025-12-20,18:22:18
ORD09153,CSTMR0100,2021-01-30,15:24:24
ORD09154,CSTMR0052,2025-07-06,19:05:39
ORD09155,CSTMR0084,2021-09-19,17:36:46
ORD09156,CSTMR0249,2023-07-13,10:32:40
ORD09157,CSTMR0213,2025-05-27,12:15:54
ORD09158,CSTMR0200,2022-07-27,21:27:35
ORD09159,CSTMR0592,2025-09-26,12:03:49
ORD09160,CSTMR0412,2024-05-17,12:04:35
ORD09161,CSTMR0423,2023-03-01,12:11:34
ORD09162,CSTMR0306,2022-01-15,18:45:34
ORD09163,CSTMR0604,2022-07-11,12:11:22
ORD09164,CSTMR0571,2023-05-24,09:05:49
ORD09165,CSTMR0542,2024-05-26,13:51:38
ORD09166,CSTMR0623,2022-08-08,09:34:28
ORD09167,CSTMR0656,2023-09-05,20:16:51
ORD09168,CSTMR0597,2025-02-23,21:05:50
ORD09169,CSTMR0881,2024-09-07,19:02:23
ORD09170,CSTMR0547,2023-04-19,19:34:55
ORD09171,CSTMR0277,2021-04-15,21:06:38
ORD09172,CSTMR0918,2024-08-10,13:05:17
ORD09173,CSTMR0284,2023-06-25,16:59:44
ORD09174,CSTMR0175,2025-03-22,12:23:40
ORD09175,CSTMR0516,2024-06-29,08:33:44
ORD09176,CSTMR0032,2026-03-07,12:59:55
ORD09177,CSTMR0587,2022-12-02,10:10:26
ORD09178,CSTMR0867,2025-04-30,17:35:21
ORD09179,CSTMR0544,2024-05-11,20:15:27
ORD09180,CSTMR0978,2023-09-28,16:42:23
ORD09181,CSTMR0713,2024-04-06,18:06:06
ORD09182,CSTMR0638,2025-03-27,15:10:19
ORD09183,CSTMR0607,2023-09-25,19:57:31
ORD09184,CSTMR0263,2024-07-25,10:43:15
ORD09185,CSTMR0905,2026-05-17,21:50:15
ORD09186,CSTMR0386,2024-07-15,22:29:15
ORD09187,CSTMR0409,2024-12-14,11:18:31
ORD09188,CSTMR0959,2024-03-31,20:28:58
ORD09189,CSTMR0051,2025-11-06,18:08:47
ORD09190,CSTMR0008,2023-08-14,13:16:20
ORD09191,CSTMR0885,2024-01-27,20:37:10
ORD09192,CSTMR0265,2023-10-12,21:19:09
ORD09193,CSTMR0538,2024-07-05,13:37:25
ORD09194,CSTMR0137,2025-10-27,12:38:38
ORD09195,CSTMR0169,2021-12-10,08:48:15
ORD09196,CSTMR0801,2023-02-26,19:50:07
ORD09197,CSTMR0795,2021-03-25,21:21:34
ORD09198,CSTMR0875,2022-03-13,15:47:15
ORD09199,CSTMR0389,2023-05-10,16:44:15
ORD09200,CSTMR0016,2025-10-22,21:42:34
ORD09201,CSTMR0046,2022-09-09,21:51:08
ORD09202,CSTMR0511,2026-05-28,19:28:20
ORD09203,CSTMR0408,2023-03-17,17:58:10
ORD09204,CSTMR0684,2022-09-09,12:05:35
ORD09205,CSTMR0814,2022-05-27,18:29:52
ORD09206,CSTMR0404,2021-07-08,14:48:02
ORD09207,CSTMR0004,2023-12-21,20:57:57
ORD09208,CSTMR0429,2023-10-08,11:41:31
ORD09209,CSTMR0225,2023-09-12,10:46:46
ORD09210,CSTMR0244,2026-03-17,15:46:55
ORD09211,CSTMR0733,2022-02-20,13:23:43
ORD09212,CSTMR0320,2023-05-21,20:33:13
ORD09213,CSTMR0356,2025-08-24,19:24:45
ORD09214,CSTMR0330,2025-08-24,15:17:17
ORD09215,CSTMR0222,2024-05-27,11:20:00
ORD09216,CSTMR0802,2025-03-18,11:06:00
ORD09217,CSTMR0917,2025-05-24,21:15:30
ORD09218,CSTMR0098,2021-06-01,19:32:14
ORD09219,CSTMR0092,2025-05-17,10:09:55
ORD09220,CSTMR0130,2023-09-16,10:01:37
ORD09221,CSTMR0862,2023-07-07,12:16:37
ORD09222,CSTMR0972,2023-08-01,21:24:34
ORD09223,CSTMR0303,2022-10-04,13:55:41
ORD09224,CSTMR0116,2022-09-23,16:34:33
ORD09225,CSTMR0824,2021-12-25,20:49:49
ORD09226,CSTMR0197,2023-11-17,21:15:02
ORD09227,CSTMR0061,2025-12-29,08:56:15
ORD09228,CSTMR0685,2024-02-16,16:32:23
ORD09229,CSTMR0830,2025-03-29,10:05:09
ORD09230,CSTMR0882,2022-02-13,13:23:54
ORD09231,CSTMR0837,2024-05-25,12:59:27
ORD09232,CSTMR0260,2022-08-03,08:37:06
ORD09233,CSTMR0314,2021-04-17,20:01:27
ORD09234,CSTMR0144,2023-06-20,09:28:14
ORD09235,CSTMR0563,2023-02-25,13:16:11
ORD09236,CSTMR0407,2021-09-11,20:03:48
ORD09237,CSTMR0173,2025-10-31,21:34:29
ORD09238,CSTMR0758,2026-01-10,13:21:08
ORD09239,CSTMR0326,2023-09-09,19:13:56
ORD09240,CSTMR0971,2025-07-11,11:12:17
ORD09241,CSTMR0323,2023-10-06,20:12:33
ORD09242,CSTMR0319,2023-01-11,10:25:00
ORD09243,CSTMR0362,2023-02-09,19:58:56
ORD09244,CSTMR0328,2025-01-06,20:25:12
ORD09245,CSTMR0511,2025-11-07,12:39:34
ORD09246,CSTMR0544,2024-12-08,14:27:16
ORD09247,CSTMR0052,2023-09-08,09:10:01
ORD09248,CSTMR0314,2022-01-16,13:26:18
ORD09249,CSTMR0636,2022-12-29,12:53:49
ORD09250,CSTMR0906,2021-12-17,20:56:40
ORD09251,CSTMR0392,2024-03-06,10:13:00
ORD09252,CSTMR0815,2025-11-08,20:11:34
ORD09253,CSTMR0564,2021-09-06,20:03:54
ORD09254,CSTMR0646,2023-09-09,14:35:47
ORD09255,CSTMR0224,2025-07-28,08:51:31
ORD09256,CSTMR0222,2024-11-21,10:07:04
ORD09257,CSTMR0603,2022-02-22,22:33:48
ORD09258,CSTMR0079,2023-07-29,17:08:51
ORD09259,CSTMR0093,2025-04-23,12:22:48
ORD09260,CSTMR0205,2022-11-11,10:03:00
ORD09261,CSTMR0245,2023-08-31,10:20:57
ORD09262,CSTMR0806,2024-01-30,08:35:03
ORD09263,CSTMR0303,2023-12-13,21:48:34
ORD09264,CSTMR0637,2024-07-09,19:52:14
ORD09265,CSTMR0295,2023-10-16,21:50:24
ORD09266,CSTMR0375,2023-02-07,11:32:13
ORD09267,CSTMR0261,2022-07-08,21:39:40
ORD09268,CSTMR0817,2021-06-16,13:25:13
ORD09269,CSTMR0341,2024-08-31,18:39:58
ORD09270,CSTMR0403,2023-11-12,19:21:13
ORD09271,CSTMR0739,2025-03-13,21:30:41
ORD09272,CSTMR0110,2026-04-19,14:03:29
ORD09273,CSTMR0325,2023-03-23,22:46:08
ORD09274,CSTMR0151,2023-06-25,18:18:44
ORD09275,CSTMR0540,2021-06-26,08:20:40
ORD09276,CSTMR0728,2025-05-29,17:57:37
ORD09277,CSTMR0339,2024-05-29,19:16:56
ORD09278,CSTMR0737,2025-05-23,13:26:40
ORD09279,CSTMR0974,2023-01-08,19:02:09
ORD09280,CSTMR0223,2022-04-05,12:32:32
ORD09281,CSTMR0876,2024-12-14,13:45:56
ORD09282,CSTMR0302,2025-09-02,18:35:51
ORD09283,CSTMR0197,2021-05-25,19:50:59
ORD09284,CSTMR0781,2025-11-25,11:31:30
ORD09285,CSTMR0333,2025-07-12,21:40:08
ORD09286,CSTMR0410,2024-09-18,20:21:29
ORD09287,CSTMR0564,2021-09-14,12:46:59
ORD09288,CSTMR0515,2022-07-01,12:45:45
ORD09289,CSTMR0027,2026-05-17,09:33:56
ORD09290,CSTMR0494,2023-01-12,08:13:43
ORD09291,CSTMR0015,2024-02-08,20:34:18
ORD09292,CSTMR0514,2023-07-09,11:21:37
ORD09293,CSTMR0873,2022-11-08,20:31:17
ORD09294,CSTMR0200,2026-04-09,22:15:31
ORD09295,CSTMR0459,2025-10-01,12:56:53
ORD09296,CSTMR0657,2022-07-01,12:57:49
ORD09297,CSTMR0071,2024-07-16,16:29:08
ORD09298,CSTMR0824,2021-04-30,13:41:55
ORD09299,CSTMR0166,2024-01-04,16:59:58
ORD09300,CSTMR0142,2024-11-01,12:20:34
ORD09301,CSTMR0713,2024-05-05,09:45:18
ORD09302,CSTMR0271,2026-02-26,13:59:28
ORD09303,CSTMR0612,2023-05-29,20:59:22
ORD09304,CSTMR0966,2025-05-22,10:58:14
ORD09305,CSTMR0598,2023-02-03,18:44:57
ORD09306,CSTMR0182,2024-06-13,20:10:14
ORD09307,CSTMR0681,2026-01-24,14:59:33
ORD09308,CSTMR0859,2025-07-11,13:54:58
ORD09309,CSTMR0089,2021-01-09,16:11:27
ORD09310,CSTMR0954,2022-05-31,09:48:00
ORD09311,CSTMR0711,2023-10-07,19:05:12
ORD09312,CSTMR0633,2024-05-28,13:03:58
ORD09313,CSTMR0420,2022-01-21,19:34:26
ORD09314,CSTMR0992,2024-05-19,20:42:04
ORD09315,CSTMR0951,2025-07-19,14:28:27
ORD09316,CSTMR0336,2026-04-27,12:49:06
ORD09317,CSTMR0977,2022-09-15,20:59:41
ORD09318,CSTMR0260,2024-02-21,18:27:09
ORD09319,CSTMR0834,2022-11-24,09:49:38
ORD09320,CSTMR0768,2025-02-28,18:38:38
ORD09321,CSTMR0573,2024-07-02,15:26:02
ORD09322,CSTMR0688,2026-02-15,16:20:07
ORD09323,CSTMR0660,2022-03-21,21:55:25
ORD09324,CSTMR0808,2022-01-10,12:48:46
ORD09325,CSTMR0759,2023-09-30,20:03:34
ORD09326,CSTMR0672,2022-07-29,19:03:57
ORD09327,CSTMR0725,2023-10-01,22:59:53
ORD09328,CSTMR0632,2026-02-27,19:00:02
ORD09329,CSTMR0600,2025-09-05,12:09:14
ORD09330,CSTMR0021,2022-06-17,10:01:01
ORD09331,CSTMR0235,2022-07-25,10:33:07
ORD09332,CSTMR0274,2025-09-19,21:24:29
ORD09333,CSTMR0578,2023-11-26,17:37:42
ORD09334,CSTMR0733,2025-10-29,09:46:13
ORD09335,CSTMR0505,2021-10-24,12:57:13
ORD09336,CSTMR0792,2022-05-17,21:33:35
ORD09337,CSTMR0322,2022-12-02,15:42:40
ORD09338,CSTMR0578,2024-02-29,21:20:44
ORD09339,CSTMR0115,2022-03-12,12:05:38
ORD09340,CSTMR0080,2023-08-27,20:28:44
ORD09341,CSTMR0839,2022-10-09,21:38:30
ORD09342,CSTMR0062,2021-08-19,14:36:31
ORD09343,CSTMR0989,2022-06-12,11:54:07
ORD09344,CSTMR0318,2021-10-24,10:19:58
ORD09345,CSTMR0786,2023-03-10,14:03:01
ORD09346,CSTMR0947,2025-04-15,10:03:27
ORD09347,CSTMR0514,2024-03-16,13:21:39
ORD09348,CSTMR0162,2025-04-03,12:09:05
ORD09349,CSTMR0532,2025-06-22,14:55:23
ORD09350,CSTMR0134,2025-01-01,16:20:33
ORD09351,CSTMR0793,2022-07-14,20:36:12
ORD09352,CSTMR0259,2025-01-11,20:47:59
ORD09353,CSTMR0890,2024-03-31,10:21:49
ORD09354,CSTMR0288,2022-06-03,19:38:05
ORD09355,CSTMR0162,2022-08-10,13:05:01
ORD09356,CSTMR0620,2022-10-22,19:57:01
ORD09357,CSTMR0964,2022-10-11,20:45:19
ORD09358,CSTMR0145,2025-07-20,18:29:52
ORD09359,CSTMR0712,2024-04-12,19:41:37
ORD09360,CSTMR0969,2024-04-17,10:59:51
ORD09361,CSTMR0295,2022-10-16,10:52:06
ORD09362,CSTMR0485,2024-07-20,12:09:08
ORD09363,CSTMR0595,2022-08-14,20:42:39
ORD09364,CSTMR0150,2025-05-26,22:24:23
ORD09365,CSTMR0032,2024-08-15,19:37:01
ORD09366,CSTMR0072,2025-01-20,15:27:24
ORD09367,CSTMR0009,2024-10-01,20:52:15
ORD09368,CSTMR0635,2025-01-24,19:40:22
ORD09369,CSTMR0926,2025-04-26,20:49:11
ORD09370,CSTMR0449,2021-10-09,15:40:52
ORD09371,CSTMR0656,2024-09-27,21:52:02
ORD09372,CSTMR0529,2022-06-08,16:39:18
ORD09373,CSTMR0435,2021-03-05,21:16:33
ORD09374,CSTMR0088,2021-10-02,17:02:47
ORD09375,CSTMR0291,2023-05-09,19:25:03
ORD09376,CSTMR0859,2024-05-22,20:03:10
ORD09377,CSTMR0179,2025-07-24,20:36:17
ORD09378,CSTMR0083,2023-03-18,15:18:07
ORD09379,CSTMR0559,2021-02-07,14:49:25
ORD09380,CSTMR0695,2022-10-29,18:17:30
ORD09381,CSTMR0830,2024-04-03,14:04:33
ORD09382,CSTMR0616,2026-05-29,10:05:12
ORD09383,CSTMR0532,2021-05-30,13:13:16
ORD09384,CSTMR0948,2023-08-03,14:13:01
ORD09385,CSTMR0199,2023-08-17,12:36:17
ORD09386,CSTMR0352,2023-06-20,21:48:31
ORD09387,CSTMR0847,2024-02-28,14:39:09
ORD09388,CSTMR0048,2022-11-30,19:43:08
ORD09389,CSTMR0131,2023-07-23,20:19:12
ORD09390,CSTMR0136,2025-07-29,13:58:44
ORD09391,CSTMR0771,2023-06-08,16:21:38
ORD09392,CSTMR0581,2023-01-22,08:46:01
ORD09393,CSTMR0626,2022-09-09,21:57:03
ORD09394,CSTMR0755,2025-04-04,11:45:45
ORD09395,CSTMR0839,2023-05-28,21:43:26
ORD09396,CSTMR0728,2025-06-15,21:32:38
ORD09397,CSTMR0220,2024-12-28,19:28:56
ORD09398,CSTMR0215,2026-04-27,22:14:46
ORD09399,CSTMR0584,2023-05-31,18:20:47
ORD09400,CSTMR0466,2025-07-18,18:25:56
ORD09401,CSTMR0830,2023-01-05,08:20:46
ORD09402,CSTMR0047,2026-03-04,12:32:25
ORD09403,CSTMR0608,2025-06-25,11:34:31
ORD09404,CSTMR0046,2025-02-20,19:24:10
ORD09405,CSTMR0841,2023-03-23,11:52:39
ORD09406,CSTMR0820,2024-06-19,19:16:11
ORD09407,CSTMR0468,2022-08-16,12:12:32
ORD09408,CSTMR0422,2023-10-28,19:09:14
ORD09409,CSTMR0026,2025-01-25,11:27:24
ORD09410,CSTMR0095,2024-12-16,21:06:33
ORD09411,CSTMR0192,2025-11-15,22:51:58
ORD09412,CSTMR0598,2022-11-20,11:50:22
ORD09413,CSTMR0668,2025-08-13,13:19:19
ORD09414,CSTMR0625,2023-03-21,16:01:13
ORD09415,CSTMR0489,2024-02-12,11:28:45
ORD09416,CSTMR0741,2025-06-27,12:27:30
ORD09417,CSTMR0568,2025-09-26,22:04:28
ORD09418,CSTMR0096,2024-05-19,19:19:14
ORD09419,CSTMR0733,2021-02-14,12:32:55
ORD09420,CSTMR0501,2024-10-29,21:37:39
ORD09421,CSTMR0938,2024-03-23,19:49:03
ORD09422,CSTMR0357,2023-10-03,10:08:02
ORD09423,CSTMR0808,2022-12-26,10:32:45
ORD09424,CSTMR0860,2024-12-09,12:34:38
ORD09425,CSTMR0385,2024-06-19,12:01:00
ORD09426,CSTMR0118,2023-08-23,14:07:37
ORD09427,CSTMR0163,2023-10-19,16:10:16
ORD09428,CSTMR0416,2026-02-14,22:09:24
ORD09429,CSTMR0765,2023-02-19,20:17:10
ORD09430,CSTMR0633,2026-04-29,19:48:10
ORD09431,CSTMR0597,2023-09-04,15:06:47
ORD09432,CSTMR0652,2024-11-08,13:56:34
ORD09433,CSTMR0383,2024-01-07,17:30:39
ORD09434,CSTMR0229,2024-10-17,20:50:24
ORD09435,CSTMR0422,2021-12-21,22:31:51
ORD09436,CSTMR0615,2023-01-15,18:53:23
ORD09437,CSTMR0174,2026-03-04,19:39:33
ORD09438,CSTMR0325,2024-05-18,08:13:44
ORD09439,CSTMR0961,2024-03-15,18:08:04
ORD09440,CSTMR0948,2025-01-24,14:22:52
ORD09441,CSTMR0212,2025-08-07,08:56:00
ORD09442,CSTMR0591,2023-11-01,20:30:42
ORD09443,CSTMR0809,2022-09-04,14:07:06
ORD09444,CSTMR0463,2025-04-05,22:03:23
ORD09445,CSTMR0835,2024-03-02,12:42:27
ORD09446,CSTMR0437,2024-04-04,21:06:44
ORD09447,CSTMR0192,2024-10-06,08:44:56
ORD09448,CSTMR0496,2022-08-14,13:44:18
ORD09449,CSTMR0608,2025-03-02,13:19:28
ORD09450,CSTMR0310,2024-06-17,17:36:13
ORD09451,CSTMR0386,2025-01-02,13:53:14
ORD09452,CSTMR0435,2022-05-17,20:32:18
ORD09453,CSTMR0960,2025-02-17,19:09:51
ORD09454,CSTMR0295,2023-04-13,13:16:59
ORD09455,CSTMR0535,2025-01-26,14:33:40
ORD09456,CSTMR0233,2024-12-21,19:22:09
ORD09457,CSTMR0320,2021-05-11,08:56:13
ORD09458,CSTMR0563,2022-09-29,10:01:10
ORD09459,CSTMR0064,2021-11-18,12:39:44
ORD09460,CSTMR0894,2024-05-19,15:18:16
ORD09461,CSTMR0777,2023-04-25,12:26:22
ORD09462,CSTMR0446,2025-05-10,09:23:45
ORD09463,CSTMR0556,2024-01-10,16:38:50
ORD09464,CSTMR0447,2022-11-10,13:12:31
ORD09465,CSTMR0961,2025-09-22,15:34:57
ORD09466,CSTMR0510,2025-01-23,12:23:51
ORD09467,CSTMR0704,2021-08-14,22:19:37
ORD09468,CSTMR0570,2025-09-27,14:13:28
ORD09469,CSTMR0905,2023-08-29,10:41:40
ORD09470,CSTMR0611,2026-03-28,21:06:29
ORD09471,CSTMR0705,2021-11-01,18:10:08
ORD09472,CSTMR0015,2025-08-02,08:23:59
ORD09473,CSTMR0592,2022-04-17,12:10:32
ORD09474,CSTMR0761,2023-03-06,11:36:49
ORD09475,CSTMR0659,2025-07-04,16:18:39
ORD09476,CSTMR0047,2023-07-07,11:37:28
ORD09477,CSTMR0185,2021-11-10,22:08:09
ORD09478,CSTMR0712,2021-01-29,22:57:24
ORD09479,CSTMR0944,2025-07-18,19:03:38
ORD09480,CSTMR0899,2025-10-17,17:52:01
ORD09481,CSTMR0127,2024-03-17,17:10:55
ORD09482,CSTMR0189,2023-07-19,12:23:13
ORD09483,CSTMR0208,2024-11-25,09:27:09
ORD09484,CSTMR0092,2024-03-07,17:13:15
ORD09485,CSTMR0931,2026-04-12,16:29:27
ORD09486,CSTMR0284,2023-10-29,21:38:15
ORD09487,CSTMR0245,2023-04-23,14:37:09
ORD09488,CSTMR0596,2025-03-07,20:05:06
ORD09489,CSTMR0943,2022-05-19,21:35:06
ORD09490,CSTMR0057,2022-08-07,09:35:41
ORD09491,CSTMR0784,2022-12-15,10:15:05
ORD09492,CSTMR0739,2024-05-25,21:10:32
ORD09493,CSTMR0222,2023-02-09,19:59:46
ORD09494,CSTMR0398,2026-01-02,20:59:23
ORD09495,CSTMR0708,2024-03-10,21:15:44
ORD09496,CSTMR0618,2023-04-29,21:29:06
ORD09497,CSTMR0712,2024-05-11,11:36:13
ORD09498,CSTMR0621,2025-06-05,10:58:08
ORD09499,CSTMR0234,2026-01-02,13:57:27
ORD09500,CSTMR0775,2024-03-06,14:48:26
ORD09501,CSTMR0259,2024-04-26,12:49:52
ORD09502,CSTMR0287,2024-02-21,18:49:57
ORD09503,CSTMR0165,2022-04-03,20:06:59
ORD09504,CSTMR0529,2022-06-20,21:37:03
ORD09505,CSTMR0034,2026-05-01,10:15:14
ORD09506,CSTMR0433,2025-07-01,19:07:11
ORD09507,CSTMR0133,2026-03-26,14:54:05
ORD09508,CSTMR0677,2024-11-18,14:25:34
ORD09509,CSTMR0396,2022-02-15,11:24:43
ORD09510,CSTMR0124,2025-06-26,20:05:54
ORD09511,CSTMR0487,2023-03-14,12:35:27
ORD09512,CSTMR0569,2021-09-19,12:45:17
ORD09513,CSTMR0712,2021-03-11,19:10:01
ORD09514,CSTMR0867,2026-03-20,21:37:55
ORD09515,CSTMR0023,2023-09-13,17:28:49
ORD09516,CSTMR0677,2022-05-27,12:13:00
ORD09517,CSTMR0739,2022-10-29,10:46:57
ORD09518,CSTMR0040,2025-02-22,10:59:51
ORD09519,CSTMR0888,2024-05-06,17:17:15
ORD09520,CSTMR0427,2024-12-30,21:36:25
ORD09521,CSTMR0728,2024-02-21,20:54:37
ORD09522,CSTMR0252,2023-03-05,13:18:20
ORD09523,CSTMR0871,2024-06-05,21:15:40
ORD09524,CSTMR0259,2023-12-01,20:59:05
ORD09525,CSTMR0981,2025-09-07,20:33:42
ORD09526,CSTMR0251,2021-11-13,08:38:32
ORD09527,CSTMR0596,2022-10-14,18:35:03
ORD09528,CSTMR0921,2025-09-08,21:15:23
ORD09529,CSTMR0216,2022-08-07,22:04:53
ORD09530,CSTMR0486,2025-05-03,11:07:45
ORD09531,CSTMR0240,2024-05-08,12:15:42
ORD09532,CSTMR0740,2022-06-22,13:35:05
ORD09533,CSTMR0120,2024-01-03,11:32:55
ORD09534,CSTMR0611,2024-09-23,09:01:09
ORD09535,CSTMR0053,2023-02-24,20:53:11
ORD09536,CSTMR0368,2024-08-19,20:02:13
ORD09537,CSTMR0005,2021-10-29,12:46:18
ORD09538,CSTMR0043,2024-08-12,18:02:16
ORD09539,CSTMR0715,2023-06-22,11:36:58
ORD09540,CSTMR0421,2025-03-01,22:47:25
ORD09541,CSTMR0708,2023-08-10,19:36:50
ORD09542,CSTMR0322,2025-03-02,21:59:11
ORD09543,CSTMR0935,2022-12-13,09:45:15
ORD09544,CSTMR0873,2021-08-17,16:12:53
ORD09545,CSTMR0247,2024-04-14,16:00:08
ORD09546,CSTMR0121,2023-07-05,09:47:27
ORD09547,CSTMR0411,2021-05-02,11:06:37
ORD09548,CSTMR0413,2025-12-15,20:52:10
ORD09549,CSTMR0797,2025-12-02,16:35:49
ORD09550,CSTMR0152,2024-07-03,08:27:24
ORD09551,CSTMR0305,2021-01-17,09:36:10
ORD09552,CSTMR0388,2026-05-11,18:00:29
ORD09553,CSTMR0585,2021-09-06,12:57:55
ORD09554,CSTMR0802,2025-06-15,19:50:08
ORD09555,CSTMR0611,2026-02-18,21:06:29
ORD09556,CSTMR0886,2023-11-17,11:03:53
ORD09557,CSTMR0893,2024-05-26,12:36:35
ORD09558,CSTMR0024,2023-05-12,08:58:26
ORD09559,CSTMR0303,2026-01-20,13:08:00
ORD09560,CSTMR0021,2025-08-10,21:58:56
ORD09561,CSTMR0864,2024-01-02,21:54:45
ORD09562,CSTMR0248,2025-03-22,08:55:20
ORD09563,CSTMR0959,2022-11-03,12:15:20
ORD09564,CSTMR0302,2024-05-25,12:50:57
ORD09565,CSTMR0939,2023-02-08,21:37:23
ORD09566,CSTMR0933,2025-02-23,21:41:23
ORD09567,CSTMR0681,2026-01-09,22:43:40
ORD09568,CSTMR0255,2023-04-07,13:50:48
ORD09569,CSTMR0677,2025-01-31,13:15:36
ORD09570,CSTMR0501,2024-10-05,17:13:14
ORD09571,CSTMR0302,2025-09-26,09:43:55
ORD09572,CSTMR0688,2025-12-08,13:05:54
ORD09573,CSTMR0987,2026-02-04,10:52:22
ORD09574,CSTMR0214,2025-12-13,21:38:34
ORD09575,CSTMR0003,2025-06-01,20:27:13
ORD09576,CSTMR0830,2024-08-04,21:25:16
ORD09577,CSTMR0053,2021-11-12,13:49:51
ORD09578,CSTMR0131,2021-08-30,16:47:17
ORD09579,CSTMR0674,2025-01-10,21:05:48
ORD09580,CSTMR0630,2023-11-17,17:02:23
ORD09581,CSTMR0051,2021-08-29,22:09:30
ORD09582,CSTMR0164,2024-11-30,22:08:57
ORD09583,CSTMR0994,2022-12-19,12:43:26
ORD09584,CSTMR0104,2024-08-30,19:17:10
ORD09585,CSTMR0360,2024-10-27,21:12:40
ORD09586,CSTMR0946,2022-01-28,12:21:22
ORD09587,CSTMR0287,2022-07-02,15:59:32
ORD09588,CSTMR0165,2024-11-11,18:31:01
ORD09589,CSTMR0874,2026-03-18,10:27:51
ORD09590,CSTMR0938,2026-02-14,12:36:16
ORD09591,CSTMR0278,2023-11-09,14:29:37
ORD09592,CSTMR0588,2026-03-15,15:03:48
ORD09593,CSTMR0753,2023-04-28,16:32:48
ORD09594,CSTMR0422,2024-10-30,20:05:40
ORD09595,CSTMR0344,2025-03-30,13:16:32
ORD09596,CSTMR0838,2026-04-07,11:58:41
ORD09597,CSTMR0703,2021-02-06,08:19:01
ORD09598,CSTMR0562,2022-05-13,08:49:14
ORD09599,CSTMR0283,2025-12-13,09:17:02
ORD09600,CSTMR0817,2022-09-16,11:48:14
ORD09601,CSTMR0008,2023-03-13,17:04:33
ORD09602,CSTMR0069,2023-04-06,19:06:05
ORD09603,CSTMR0342,2023-07-07,12:15:03
ORD09604,CSTMR0927,2026-05-19,22:25:06
ORD09605,CSTMR0531,2023-08-11,21:37:33
ORD09606,CSTMR0534,2025-12-26,21:04:18
ORD09607,CSTMR0325,2024-10-04,10:23:43
ORD09608,CSTMR0874,2024-11-28,19:00:01
ORD09609,CSTMR0882,2025-03-21,09:01:11
ORD09610,CSTMR0820,2022-05-01,16:14:40
ORD09611,CSTMR0671,2026-04-08,12:51:23
ORD09612,CSTMR0368,2025-10-16,18:44:52
ORD09613,CSTMR0294,2022-05-01,08:23:18
ORD09614,CSTMR0675,2024-06-02,15:09:42
ORD09615,CSTMR0653,2025-11-30,19:42:47
ORD09616,CSTMR0993,2025-12-01,10:43:27
ORD09617,CSTMR0733,2021-10-19,08:32:18
ORD09618,CSTMR0694,2026-05-07,11:58:14
ORD09619,CSTMR0551,2025-03-12,18:20:00
ORD09620,CSTMR0951,2021-05-17,14:08:23
ORD09621,CSTMR0011,2023-07-04,20:35:28
ORD09622,CSTMR0990,2025-11-06,16:22:19
ORD09623,CSTMR0209,2024-05-12,12:59:00
ORD09624,CSTMR0290,2025-06-22,13:08:02
ORD09625,CSTMR0952,2025-12-27,22:10:21
ORD09626,CSTMR0044,2026-03-15,12:04:07
ORD09627,CSTMR0518,2024-04-06,21:34:16
ORD09628,CSTMR0756,2025-02-06,18:58:47
ORD09629,CSTMR0086,2022-08-31,08:13:14
ORD09630,CSTMR0162,2025-12-17,13:47:28
ORD09631,CSTMR0835,2024-11-24,11:09:01
ORD09632,CSTMR0938,2024-12-17,20:05:39
ORD09633,CSTMR0624,2023-06-01,19:23:53
ORD09634,CSTMR0926,2022-03-26,19:07:59
ORD09635,CSTMR0125,2025-10-09,10:33:20
ORD09636,CSTMR0366,2025-06-29,22:50:42
ORD09637,CSTMR0685,2025-03-03,11:59:41
ORD09638,CSTMR0746,2024-07-08,17:58:46
ORD09639,CSTMR0595,2024-04-01,13:09:13
ORD09640,CSTMR0075,2023-11-26,10:29:03
ORD09641,CSTMR0573,2023-07-22,21:58:54
ORD09642,CSTMR0965,2024-01-22,13:45:53
ORD09643,CSTMR0247,2025-09-14,11:18:16
ORD09644,CSTMR0819,2024-11-02,16:54:34
ORD09645,CSTMR0156,2023-12-02,18:36:05
ORD09646,CSTMR0677,2026-02-04,10:49:27
ORD09647,CSTMR0833,2021-10-10,10:25:16
ORD09648,CSTMR0232,2023-07-14,20:49:35
ORD09649,CSTMR0602,2026-06-01,20:14:12
ORD09650,CSTMR0046,2025-09-15,21:09:50
ORD09651,CSTMR0701,2026-01-08,08:47:11
ORD09652,CSTMR0900,2024-05-10,16:52:42
ORD09653,CSTMR0012,2022-10-19,21:55:43
ORD09654,CSTMR0634,2025-12-04,20:31:18
ORD09655,CSTMR0684,2023-02-28,20:22:15
ORD09656,CSTMR0106,2023-03-15,16:54:05
ORD09657,CSTMR0714,2022-12-08,18:04:08
ORD09658,CSTMR0684,2022-09-17,18:00:09
ORD09659,CSTMR0024,2025-08-28,11:39:12
ORD09660,CSTMR0920,2022-07-26,19:59:56
ORD09661,CSTMR0797,2022-05-28,12:29:39
ORD09662,CSTMR0943,2021-12-04,20:44:08
ORD09663,CSTMR0485,2023-03-05,19:38:56
ORD09664,CSTMR0246,2026-03-13,17:47:32
ORD09665,CSTMR0086,2022-02-07,15:14:39
ORD09666,CSTMR0417,2025-01-03,14:36:50
ORD09667,CSTMR0478,2021-10-07,12:03:04
ORD09668,CSTMR0830,2022-07-18,19:31:23
ORD09669,CSTMR0659,2022-11-25,20:40:46
ORD09670,CSTMR0917,2025-04-11,13:19:27
ORD09671,CSTMR0954,2025-12-01,13:47:01
ORD09672,CSTMR0274,2025-10-19,12:42:25
ORD09673,CSTMR0950,2025-05-16,18:50:48
ORD09674,CSTMR0290,2021-10-09,17:43:08
ORD09675,CSTMR0116,2025-06-14,09:04:32
ORD09676,CSTMR0667,2025-08-16,08:10:23
ORD09677,CSTMR0138,2026-04-25,16:59:40
ORD09678,CSTMR0254,2025-02-24,08:28:09
ORD09679,CSTMR0310,2026-01-09,12:57:34
ORD09680,CSTMR0624,2023-07-05,20:15:10
ORD09681,CSTMR0576,2024-07-22,20:24:51
ORD09682,CSTMR0730,2022-04-03,08:01:28
ORD09683,CSTMR0633,2025-08-29,09:26:34
ORD09684,CSTMR0411,2025-04-12,14:03:03
ORD09685,CSTMR0939,2024-03-14,21:01:51
ORD09686,CSTMR0589,2024-01-04,21:22:20
ORD09687,CSTMR0749,2023-07-25,12:08:36
ORD09688,CSTMR0061,2021-09-26,13:08:30
ORD09689,CSTMR0687,2025-03-14,14:56:21
ORD09690,CSTMR0277,2024-12-14,13:24:07
ORD09691,CSTMR0240,2021-09-06,20:56:50
ORD09692,CSTMR0566,2025-05-03,19:23:58
ORD09693,CSTMR0587,2022-08-21,13:44:56
ORD09694,CSTMR0443,2023-12-22,15:09:26
ORD09695,CSTMR0266,2024-06-25,17:01:07
ORD09696,CSTMR0288,2023-03-08,17:49:33
ORD09697,CSTMR0004,2025-01-03,13:27:27
ORD09698,CSTMR0345,2023-07-19,18:05:24
ORD09699,CSTMR0996,2024-07-15,11:07:42
ORD09700,CSTMR0785,2026-01-23,19:14:43
ORD09701,CSTMR0728,2021-08-01,16:07:27
ORD09702,CSTMR0414,2021-12-12,19:07:55
ORD09703,CSTMR0236,2023-11-13,21:37:36
ORD09704,CSTMR0565,2021-07-17,18:46:06
ORD09705,CSTMR0811,2024-01-07,14:09:17
ORD09706,CSTMR0639,2022-11-01,12:30:39
ORD09707,CSTMR0849,2025-09-04,10:24:00
ORD09708,CSTMR0132,2024-10-20,21:59:15
ORD09709,CSTMR0566,2025-03-18,08:21:35
ORD09710,CSTMR0955,2021-02-18,22:19:47
ORD09711,CSTMR0729,2025-12-15,16:45:33
ORD09712,CSTMR0443,2026-03-11,18:35:36
ORD09713,CSTMR0777,2022-05-20,20:45:25
ORD09714,CSTMR0074,2023-07-23,08:22:38
ORD09715,CSTMR0162,2023-03-26,19:53:20
ORD09716,CSTMR0412,2022-07-18,15:13:54
ORD09717,CSTMR0605,2022-12-16,21:54:44
ORD09718,CSTMR0967,2025-07-31,19:48:26
ORD09719,CSTMR0145,2023-12-12,10:42:10
ORD09720,CSTMR0472,2026-04-23,21:25:21
ORD09721,CSTMR0833,2021-10-30,15:36:08
ORD09722,CSTMR0818,2023-07-17,15:00:56
ORD09723,CSTMR0442,2021-04-19,15:54:59
ORD09724,CSTMR0661,2026-04-13,19:41:54
ORD09725,CSTMR0135,2024-07-02,19:07:56
ORD09726,CSTMR0198,2026-02-25,10:43:47
ORD09727,CSTMR0869,2024-10-03,20:36:54
ORD09728,CSTMR0792,2023-11-03,10:42:43
ORD09729,CSTMR0437,2021-02-13,09:01:32
ORD09730,CSTMR0514,2024-11-08,13:57:23
ORD09731,CSTMR0850,2026-05-02,18:38:08
ORD09732,CSTMR0195,2023-08-05,11:00:00
ORD09733,CSTMR0672,2023-03-09,14:42:22
ORD09734,CSTMR0507,2023-11-30,22:11:52
ORD09735,CSTMR0414,2024-09-16,12:07:27
ORD09736,CSTMR0457,2023-06-06,09:14:31
ORD09737,CSTMR0373,2026-02-14,16:29:26
ORD09738,CSTMR0470,2025-06-15,21:05:31
ORD09739,CSTMR0727,2023-08-14,21:40:54
ORD09740,CSTMR0789,2023-06-11,20:21:15
ORD09741,CSTMR0230,2021-05-01,10:19:21
ORD09742,CSTMR0550,2025-02-10,21:34:26
ORD09743,CSTMR0349,2024-03-23,19:29:38
ORD09744,CSTMR0031,2025-02-02,19:29:00
ORD09745,CSTMR0923,2024-11-18,11:20:10
ORD09746,CSTMR0909,2022-06-16,12:32:50
ORD09747,CSTMR0809,2023-10-19,22:23:19
ORD09748,CSTMR0813,2022-11-09,10:37:41
ORD09749,CSTMR0003,2025-06-07,08:14:29
ORD09750,CSTMR0258,2025-01-13,08:40:18
ORD09751,CSTMR0414,2022-01-29,21:16:27
ORD09752,CSTMR0701,2024-10-19,12:19:35
ORD09753,CSTMR0345,2025-12-26,08:35:31
ORD09754,CSTMR0550,2024-02-25,12:00:12
ORD09755,CSTMR0484,2023-05-11,22:27:44
ORD09756,CSTMR0951,2025-08-16,10:35:39
ORD09757,CSTMR0906,2026-01-11,19:23:07
ORD09758,CSTMR0270,2024-01-12,11:11:36
ORD09759,CSTMR0946,2022-07-30,13:29:48
ORD09760,CSTMR0799,2022-11-09,11:54:45
ORD09761,CSTMR0251,2021-04-03,08:35:19
ORD09762,CSTMR0260,2022-06-24,14:13:10
ORD09763,CSTMR0124,2022-12-25,20:14:19
ORD09764,CSTMR0539,2022-02-04,17:47:36
ORD09765,CSTMR0716,2025-04-05,14:46:48
ORD09766,CSTMR0615,2022-12-29,16:20:11
ORD09767,CSTMR0894,2022-01-14,11:26:08
ORD09768,CSTMR0685,2025-09-25,21:55:28
ORD09769,CSTMR0537,2025-10-07,16:53:36
ORD09770,CSTMR0779,2025-03-27,21:42:01
ORD09771,CSTMR0006,2024-01-11,18:38:09
ORD09772,CSTMR0474,2025-07-11,10:02:53
ORD09773,CSTMR0476,2025-06-29,21:00:20
ORD09774,CSTMR0978,2023-03-28,09:05:21
ORD09775,CSTMR0072,2024-04-21,16:57:59
ORD09776,CSTMR0778,2021-09-20,12:35:22
ORD09777,CSTMR0958,2024-05-18,14:34:39
ORD09778,CSTMR0665,2024-05-15,17:10:27
ORD09779,CSTMR0373,2021-06-27,21:21:08
ORD09780,CSTMR0629,2023-11-20,13:27:31
ORD09781,CSTMR0993,2023-03-21,13:48:37
ORD09782,CSTMR0289,2021-02-01,13:51:13
ORD09783,CSTMR0233,2024-10-23,13:46:14
ORD09784,CSTMR0852,2022-10-30,15:41:15
ORD09785,CSTMR0010,2026-02-01,13:49:21
ORD09786,CSTMR0877,2023-02-18,22:54:05
ORD09787,CSTMR0344,2025-03-07,19:04:04
ORD09788,CSTMR0920,2025-05-12,14:06:40
ORD09789,CSTMR0567,2024-01-24,12:00:51
ORD09790,CSTMR0774,2023-08-27,15:56:03
ORD09791,CSTMR0794,2021-05-12,17:23:57
ORD09792,CSTMR0883,2025-06-24,13:11:55
ORD09793,CSTMR0547,2021-06-12,21:45:46
ORD09794,CSTMR0648,2024-03-12,20:48:29
ORD09795,CSTMR0817,2021-11-26,13:21:59
ORD09796,CSTMR0145,2023-03-21,21:26:25
ORD09797,CSTMR0338,2022-03-18,20:47:52
ORD09798,CSTMR0486,2024-09-02,12:47:30
ORD09799,CSTMR0237,2025-12-10,19:17:03
ORD09800,CSTMR0974,2024-06-14,13:40:16
ORD09801,CSTMR0177,2025-10-05,12:34:11
ORD09802,CSTMR0611,2024-07-15,21:45:54
ORD09803,CSTMR0112,2026-05-24,21:52:58
ORD09804,CSTMR0716,2024-11-30,22:10:44
ORD09805,CSTMR0571,2023-07-25,20:49:06
ORD09806,CSTMR0533,2024-11-16,11:37:02
ORD09807,CSTMR0348,2025-03-12,19:19:00
ORD09808,CSTMR0244,2024-03-22,15:57:39
ORD09809,CSTMR0856,2023-08-26,21:32:25
ORD09810,CSTMR0319,2025-06-20,19:48:29
ORD09811,CSTMR0683,2025-11-22,10:28:12
ORD09812,CSTMR0174,2025-09-08,17:52:47
ORD09813,CSTMR0085,2022-09-26,18:43:31
ORD09814,CSTMR0791,2023-02-04,08:57:36
ORD09815,CSTMR0956,2024-09-28,20:24:10
ORD09816,CSTMR0213,2025-09-27,19:19:55
ORD09817,CSTMR0783,2024-04-08,16:43:04
ORD09818,CSTMR0664,2024-10-19,22:26:06
ORD09819,CSTMR0899,2023-09-10,16:48:12
ORD09820,CSTMR0782,2024-11-22,12:29:02
ORD09821,CSTMR0653,2026-01-25,21:44:59
ORD09822,CSTMR0874,2026-03-13,09:18:32
ORD09823,CSTMR0897,2022-06-26,21:18:07
ORD09824,CSTMR0790,2024-07-24,15:10:15
ORD09825,CSTMR0042,2025-05-07,19:07:37
ORD09826,CSTMR0187,2024-01-05,21:15:45
ORD09827,CSTMR0910,2026-04-25,17:50:28
ORD09828,CSTMR0012,2024-08-05,13:35:00
ORD09829,CSTMR0238,2023-12-06,13:30:11
ORD09830,CSTMR0017,2025-03-12,11:44:46
ORD09831,CSTMR0784,2025-08-10,18:00:03
ORD09832,CSTMR0982,2024-09-02,17:16:11
ORD09833,CSTMR0654,2026-02-05,11:00:49
ORD09834,CSTMR0769,2025-11-05,21:12:10
ORD09835,CSTMR0155,2025-09-21,09:40:42
ORD09836,CSTMR0120,2024-06-14,16:30:51
ORD09837,CSTMR0611,2024-10-20,21:51:37
ORD09838,CSTMR0760,2023-02-11,13:02:22
ORD09839,CSTMR0031,2023-10-11,08:52:37
ORD09840,CSTMR0947,2025-03-02,19:21:30
ORD09841,CSTMR0286,2024-01-02,08:04:38
ORD09842,CSTMR0153,2024-05-18,13:46:18
ORD09843,CSTMR0874,2026-05-27,12:56:26
ORD09844,CSTMR0030,2021-09-28,19:44:41
ORD09845,CSTMR0177,2024-03-05,18:40:21
ORD09846,CSTMR0936,2025-12-09,18:52:35
ORD09847,CSTMR0374,2025-06-13,17:24:52
ORD09848,CSTMR0405,2022-07-13,13:40:59
ORD09849,CSTMR0386,2025-12-15,18:07:50
ORD09850,CSTMR0626,2021-09-01,20:22:10
ORD09851,CSTMR0518,2025-09-11,12:12:57
ORD09852,CSTMR0175,2025-02-02,12:59:04
ORD09853,CSTMR0584,2025-02-07,18:29:14
ORD09854,CSTMR0155,2026-03-08,09:47:26
ORD09855,CSTMR0385,2024-02-14,12:13:15
ORD09856,CSTMR0453,2025-11-19,13:51:05
ORD09857,CSTMR0371,2023-10-30,16:03:11
ORD09858,CSTMR0826,2023-09-24,13:52:55
ORD09859,CSTMR0976,2026-01-10,17:46:14
ORD09860,CSTMR0557,2021-04-24,15:33:16
ORD09861,CSTMR0403,2022-04-09,21:21:14
ORD09862,CSTMR0012,2023-07-25,12:54:04
ORD09863,CSTMR0290,2023-05-06,20:28:41
ORD09864,CSTMR0456,2025-08-07,22:33:46
ORD09865,CSTMR0895,2025-10-30,21:49:54
ORD09866,CSTMR0660,2022-07-08,13:38:24
ORD09867,CSTMR0934,2022-07-23,09:40:46
ORD09868,CSTMR0424,2025-11-21,12:48:11
ORD09869,CSTMR0616,2026-02-12,09:48:48
ORD09870,CSTMR0158,2023-07-16,18:29:32
ORD09871,CSTMR0963,2023-09-12,14:01:26
ORD09872,CSTMR0936,2023-05-14,16:23:36
ORD09873,CSTMR0103,2023-10-24,16:35:16
ORD09874,CSTMR0311,2024-02-11,18:38:23
ORD09875,CSTMR0340,2025-02-13,09:35:28
ORD09876,CSTMR0296,2025-07-24,16:51:25
ORD09877,CSTMR0280,2022-01-06,12:07:51
ORD09878,CSTMR0972,2025-11-21,18:21:38
ORD09879,CSTMR0117,2024-10-09,17:32:19
ORD09880,CSTMR0826,2023-08-28,21:02:04
ORD09881,CSTMR0873,2024-09-26,21:45:42
ORD09882,CSTMR0492,2022-01-23,20:30:28
ORD09883,CSTMR0793,2022-07-04,18:29:06
ORD09884,CSTMR0567,2024-10-04,16:49:57
ORD09885,CSTMR0232,2024-07-21,10:33:45
ORD09886,CSTMR0252,2025-01-18,20:12:56
ORD09887,CSTMR0946,2023-09-26,21:36:55
ORD09888,CSTMR0663,2024-11-23,21:39:29
ORD09889,CSTMR0079,2026-02-14,09:06:25
ORD09890,CSTMR0296,2025-05-17,21:27:24
ORD09891,CSTMR0479,2022-09-13,13:42:27
ORD09892,CSTMR0488,2022-08-26,19:26:41
ORD09893,CSTMR0791,2022-06-02,21:29:48
ORD09894,CSTMR0670,2022-10-14,12:32:36
ORD09895,CSTMR0504,2023-02-04,12:45:07
ORD09896,CSTMR0196,2024-06-29,09:02:24
ORD09897,CSTMR0588,2025-11-12,21:14:45
ORD09898,CSTMR0811,2021-04-10,21:41:38
ORD09899,CSTMR0006,2021-12-04,20:31:51
ORD09900,CSTMR0543,2022-10-06,19:32:16
ORD09901,CSTMR0484,2025-06-24,15:09:44
ORD09902,CSTMR0879,2026-01-22,14:56:25
ORD09903,CSTMR0063,2025-01-17,08:13:04
ORD09904,CSTMR0343,2026-05-22,11:20:25
ORD09905,CSTMR0583,2023-01-13,13:32:34
ORD09906,CSTMR0168,2022-06-14,16:09:25
ORD09907,CSTMR0527,2025-12-08,12:16:34
ORD09908,CSTMR0954,2026-05-31,12:31:21
ORD09909,CSTMR0865,2025-02-23,08:10:31
ORD09910,CSTMR0671,2024-08-02,13:07:15
ORD09911,CSTMR0366,2021-08-30,18:24:30
ORD09912,CSTMR0201,2022-05-08,19:31:58
ORD09913,CSTMR0198,2025-07-06,12:21:25
ORD09914,CSTMR0209,2023-08-28,10:56:41
ORD09915,CSTMR0171,2026-03-14,13:31:01
ORD09916,CSTMR0689,2022-07-27,08:51:15
ORD09917,CSTMR0658,2026-03-12,12:18:31
ORD09918,CSTMR0428,2024-02-15,19:20:28
ORD09919,CSTMR0287,2021-02-08,21:37:33
ORD09920,CSTMR0280,2025-06-01,17:18:18
ORD09921,CSTMR0153,2024-03-01,16:51:03
ORD09922,CSTMR0961,2023-12-25,20:52:23
ORD09923,CSTMR0924,2024-09-10,19:16:46
ORD09924,CSTMR0967,2024-02-22,21:57:03
ORD09925,CSTMR0001,2021-12-11,20:04:01
ORD09926,CSTMR0875,2022-10-30,18:37:23
ORD09927,CSTMR0648,2024-05-07,18:02:03
ORD09928,CSTMR0798,2024-12-27,14:02:36
ORD09929,CSTMR0906,2024-05-26,17:40:28
ORD09930,CSTMR0267,2023-08-14,12:33:11
ORD09931,CSTMR0567,2021-04-01,13:22:51
ORD09932,CSTMR0346,2025-08-14,19:09:26
ORD09933,CSTMR0973,2025-02-28,12:16:27
ORD09934,CSTMR0434,2025-12-23,21:35:58
ORD09935,CSTMR0503,2021-09-25,14:05:50
ORD09936,CSTMR0409,2022-12-29,20:44:30
ORD09937,CSTMR0327,2022-01-21,22:48:04
ORD09938,CSTMR0504,2023-07-08,12:16:13
ORD09939,CSTMR0044,2026-05-14,21:47:13
ORD09940,CSTMR0470,2026-04-06,13:05:31
ORD09941,CSTMR0046,2026-02-24,17:45:01
ORD09942,CSTMR0853,2026-03-13,17:46:42
ORD09943,CSTMR0967,2023-02-01,22:24:03
ORD09944,CSTMR0758,2024-03-06,19:43:39
ORD09945,CSTMR0629,2024-09-13,18:16:53
ORD09946,CSTMR0817,2023-08-26,18:51:21
ORD09947,CSTMR0261,2023-12-19,13:37:47
ORD09948,CSTMR0857,2024-07-01,20:20:52
ORD09949,CSTMR0815,2026-04-23,13:43:03
ORD09950,CSTMR0206,2025-12-26,11:22:37
ORD09951,CSTMR0738,2025-08-04,12:20:22
ORD09952,CSTMR0115,2022-06-01,13:08:08
ORD09953,CSTMR0013,2025-03-14,20:46:44
ORD09954,CSTMR0260,2025-07-13,13:45:18
ORD09955,CSTMR0936,2021-11-20,11:51:51
ORD09956,CSTMR0843,2023-01-18,19:39:30
ORD09957,CSTMR0693,2023-12-31,20:49:19
ORD09958,CSTMR0245,2023-05-26,18:42:47
ORD09959,CSTMR0374,2024-05-26,15:40:19
ORD09960,CSTMR0344,2023-03-13,14:10:03
ORD09961,CSTMR0097,2023-12-01,18:09:33
ORD09962,CSTMR0250,2026-05-22,12:35:30
ORD09963,CSTMR0690,2022-08-14,20:45:56
ORD09964,CSTMR0152,2023-06-28,14:28:41
ORD09965,CSTMR0447,2025-09-09,13:40:54
ORD09966,CSTMR0442,2021-03-17,12:07:46
ORD09967,CSTMR0609,2025-04-14,16:17:01
ORD09968,CSTMR0254,2026-04-21,14:23:10
ORD09969,CSTMR0329,2023-05-20,17:41:34
ORD09970,CSTMR0119,2024-12-15,19:32:51
ORD09971,CSTMR0462,2025-04-10,11:17:37
ORD09972,CSTMR0442,2023-01-04,09:15:45
ORD09973,CSTMR0424,2026-05-27,13:59:21
ORD09974,CSTMR0182,2026-02-12,13:03:43
ORD09975,CSTMR0502,2025-09-05,17:55:11
ORD09976,CSTMR0521,2022-05-18,13:32:15
ORD09977,CSTMR0844,2023-05-05,08:05:30
ORD09978,CSTMR0234,2023-04-23,18:30:02
ORD09979,CSTMR0588,2024-09-29,20:55:47
ORD09980,CSTMR0892,2025-01-06,08:28:08
ORD09981,CSTMR0331,2025-07-15,08:19:38
ORD09982,CSTMR0972,2025-06-30,14:25:36
ORD09983,CSTMR0401,2023-10-29,09:48:05
ORD09984,CSTMR0863,2025-01-18,22:21:56
ORD09985,CSTMR0584,2022-07-09,12:01:42
ORD09986,CSTMR0844,2025-01-12,19:18:19
ORD09987,CSTMR0529,2022-03-15,21:08:40
ORD09988,CSTMR0511,2023-09-03,17:54:10
ORD09989,CSTMR0068,2023-07-17,09:47:40
ORD09990,CSTMR0405,2025-10-21,18:44:02
ORD09991,CSTMR0175,2024-01-11,22:34:00
ORD09992,CSTMR0977,2022-10-07,19:58:39
ORD09993,CSTMR0096,2022-03-30,21:13:53
ORD09994,CSTMR0407,2022-07-08,14:01:50
ORD09995,CSTMR0402,2024-05-14,08:09:48
ORD09996,CSTMR0647,2023-12-10,10:12:24
ORD09997,CSTMR0180,2025-06-07,21:52:25
ORD09998,CSTMR0351,2026-04-03,18:09:57
ORD09999,CSTMR0891,2024-11-08,15:29:59
ORD10000,CSTMR0233,2024-03-21,16:42:55
